,,,,
Saldos de productos,,,,
COLOMBIANA DE SABORES S.A.S. COLSABOR S.A.S.,,,,
811003961-9,,,,
"Miércoles, 31 de Diciembre de 2025 ",,,,
,,,,
,,,,
Código producto,Nombre producto,Referencia de fábrica,Saldo cantidades,
Producto: 101002 - R002,,,472.51,
Bodega: 5 - BODEGA 5,,,472.51,
101002,R002,,472.51,
Producto: 101003 - R003,,,"4,610.00",
Bodega: 6 - COLSABOR UNICA,,,"4,610.00",
101003,R003,,"4,610.00",
Producto: 101003A - R003 AL 10 %,,,0.24,
Bodega: 6 - COLSABOR UNICA,,,0.24,
101003A,R003 AL 10 %,,0.24,
Producto: 101004 - R004,,,600.00,
Bodega: 6 - COLSABOR UNICA,,,600.00,
101004,R004,,600.00,
Producto: 101005 - R005 AL 10%,,,923.00,
Bodega: 6 - COLSABOR UNICA,,,923.00,
101005,R005 AL 10%,,923.00,
Producto: 101005P - R005 PURO,,,20.00,
Bodega: 6 - COLSABOR UNICA,,,20.00,
101005P,R005 PURO,,20.00,
Producto: 101006 - R006 PURO,,,0.14,
Bodega: 6 - COLSABOR UNICA,,,0.14,
101006,R006 PURO,,0.14,
Producto: 101007 - R007,,,80.85,
Bodega: 5 - BODEGA 5,,,80.85,
101007,R007,,80.85,
Producto: 101008 - R008,,,979.05,
Bodega: 6 - COLSABOR UNICA,,,979.05,
101008,R008,,979.05,
Producto: 101009 - R009,,,"529,568.95",
Bodega: 6 - COLSABOR UNICA,,,"529,568.95",
101009,R009,,"529,568.95",
Producto: 101012 - R012,,,524.00,
Bodega: 6 - COLSABOR UNICA,,,524.00,
101012,R012,,524.00,
Producto: 101015 - R015,,,"2,730.00",
Bodega: 6 - COLSABOR UNICA,,,"2,730.00",
101015,R015,,"2,730.00",
Producto: 101016 - R016,,,614.00,
Bodega: 6 - COLSABOR UNICA,,,614.00,
101016,R016,,614.00,
Producto: 101018 - R018,,,"3,190.00",
Bodega: 6 - COLSABOR UNICA,,,"3,190.00",
101018,R018,,"3,190.00",
Producto: 101020 - R020,,,"1,000.02",
Bodega: 6 - COLSABOR UNICA,,,"1,000.02",
101020,R020,,"1,000.02",
Producto: 101021 - R021,,,"6,616.00",
Bodega: 6 - COLSABOR UNICA,,,"6,616.00",
101021,R021,,"6,616.00",
Producto: 101022 - R022,,,"1,556.00",
Bodega: 5 - BODEGA 5,,,20.00,
101022,R022,,20.00,
Bodega: 6 - COLSABOR UNICA,,,"1,536.00",
101022,R022,,"1,536.00",
Producto: 101024 - R024,,,"15,650.00",
Bodega: 6 - COLSABOR UNICA,,,"15,650.00",
101024,R024,,"15,650.00",
Producto: 101025 - R025,,,"1,585.89",
Bodega: 6 - COLSABOR UNICA,,,"1,585.89",
101025,R025,,"1,585.89",
Producto: 101026 - R026,,,"1,680.00",
Bodega: 6 - COLSABOR UNICA,,,"1,680.00",
101026,R026,,"1,680.00",
Producto: 101027 - R027,,,527.85,
Bodega: 5 - BODEGA 5,,,527.85,
101027,R027,,527.85,
Producto: 101029 - R029,,,"2,610.00",
Bodega: 6 - COLSABOR UNICA,,,"2,610.00",
101029,R029,,"2,610.00",
Producto: 101030 - R030,,,"2,213.03",
Bodega: 6 - COLSABOR UNICA,,,"2,213.03",
101030,R030,,"2,213.03",
Producto: 101031 - R031,,,922.00,
Bodega: 5 - BODEGA 5,,,38.00,
101031,R031,,38.00,
Bodega: 6 - COLSABOR UNICA,,,884.00,
101031,R031,,884.00,
Producto: 101032 - R032 AL 10%,,,"2,165.00",
Bodega: 6 - COLSABOR UNICA,,,"2,165.00",
101032,R032 AL 10%,,"2,165.00",
Producto: 101032P - R032 PURO,,,"9,700.00",
Bodega: 6 - COLSABOR UNICA,,,"9,700.00",
101032P,R032 PURO,,"9,700.00",
Producto: 101033 - R033,,,979.47,
Bodega: 6 - COLSABOR UNICA,,,979.47,
101033,R033,,979.47,
Producto: 101034 - R034,,,108.00,
Bodega: 6 - COLSABOR UNICA,,,108.00,
101034,R034,,108.00,
Producto: 101036 - R036,,,598.00,
Bodega: 5 - BODEGA 5,,,598.00,
101036,R036,,598.00,
Producto: 101037 - R037,,,70.33,
Bodega: 5 - BODEGA 5,,,70.33,
101037,R037,,70.33,
Producto: 101038 - R038,,,175.00,
Bodega: 5 - BODEGA 5,,,175.00,
101038,R038,,175.00,
Producto: 101039 - R039,,,"17,972.42",
Bodega: 6 - COLSABOR UNICA,,,"17,972.42",
101039,R039,,"17,972.42",
Producto: 101041 - R041,,,412.00,
Bodega: 5 - BODEGA 5,,,412.00,
101041,R041,,412.00,
Producto: 101042 - R042,,,"1,270.00",
Bodega: 6 - COLSABOR UNICA,,,"1,270.00",
101042,R042,,"1,270.00",
Producto: 101043 - R043,,,585.00,
Bodega: 6 - COLSABOR UNICA,,,585.00,
101043,R043,,585.00,
Producto: 101044 - R044,,,"1,362.00",
Bodega: 6 - COLSABOR UNICA,,,"1,362.00",
101044,R044,,"1,362.00",
Producto: 101045 - R045,,,585.00,
Bodega: 6 - COLSABOR UNICA,,,585.00,
101045,R045,,585.00,
Producto: 101046 - R046,,,"10,000.00",
Bodega: 6 - COLSABOR UNICA,,,"10,000.00",
101046,R046,,"10,000.00",
Producto: 101048 - R048,,,"1,160.00",
Bodega: 6 - COLSABOR UNICA,,,"1,160.00",
101048,R048,,"1,160.00",
Producto: 101049 - R049,,,679.52,
Bodega: 6 - COLSABOR UNICA,,,679.52,
101049,R049,,679.52,
Producto: 101050 - R050,,,171.34,
Bodega: 5 - BODEGA 5,,,187.54,
101050,R050,,187.54,
Bodega: 6 - COLSABOR UNICA,,,-16.20,
101050,R050,,-16.20,
Producto: 101051 - R051,,,"1,005.86",
Bodega: 6 - COLSABOR UNICA,,,"1,005.86",
101051,R051,,"1,005.86",
Producto: 101053 - R053,,,788.00,
Bodega: 6 - COLSABOR UNICA,,,788.00,
101053,R053,,788.00,
Producto: 101054 - R054,,,"148,100.00",
Bodega: 6 - COLSABOR UNICA,,,"148,100.00",
101054,R054,,"148,100.00",
Producto: 101055 - R055 AL 10%,,,"7,263.60",
Bodega: 5 - BODEGA 5,,,"7,263.60",
101055,R055 AL 10%,,"7,263.60",
Producto: 101056 - R056,,,490.00,
Bodega: 5 - BODEGA 5,,,490.00,
101056,R056,,490.00,
Producto: 101057 - R057,,,622.00,
Bodega: 6 - COLSABOR UNICA,,,622.00,
101057,R057,,622.00,
Producto: 101058 - R058,,,"8,183.00",
Bodega: 6 - COLSABOR UNICA,,,"8,183.00",
101058,R058,,"8,183.00",
Producto: 101059 - R059,,,"1,105.00",
Bodega: 6 - COLSABOR UNICA,,,"1,105.00",
101059,R059,,"1,105.00",
Producto: 101060 - R060,,,"200,822.24",
Bodega: 6 - COLSABOR UNICA,,,"200,822.24",
101060,R060,,"200,822.24",
Producto: 101061 - R061,,,852.00,
Bodega: 6 - COLSABOR UNICA,,,852.00,
101061,R061,,852.00,
Producto: 101062 - R062 AL 20%,,,156.00,
Bodega: 6 - COLSABOR UNICA,,,156.00,
101062,R062 AL 20%,,156.00,
Producto: 101062P - R062 PURO,,,237.00,
Bodega: 6 - COLSABOR UNICA,,,237.00,
101062P,R062 PURO,,237.00,
Producto: 101063 - R063,,,579.00,
Bodega: 6 - COLSABOR UNICA,,,579.00,
101063,R063,,579.00,
Producto: 101064 - R064,,,319.00,
Bodega: 6 - COLSABOR UNICA,,,319.00,
101064,R064,,319.00,
Producto: 101066 - R066,,,"4,402.00",
Bodega: 6 - COLSABOR UNICA,,,"4,402.00",
101066,R066,,"4,402.00",
Producto: 101067 - R067,,,"1,025.00",
Bodega: 6 - COLSABOR UNICA,,,"1,025.00",
101067,R067,,"1,025.00",
Producto: 101068 - R068,,,"5,103.00",
Bodega: 6 - COLSABOR UNICA,,,"5,103.00",
101068,R068,,"5,103.00",
Producto: 101069 - R069,,,744.00,
Bodega: 6 - COLSABOR UNICA,,,744.00,
101069,R069,,744.00,
Producto: 101070 - R070,,,"11,350.00",
Bodega: 6 - COLSABOR UNICA,,,"11,350.00",
101070,R070,,"11,350.00",
Producto: 101070F - R070F,,,"9,500.00",
Bodega: 6 - COLSABOR UNICA,,,"9,500.00",
101070F,R070F,,"9,500.00",
Producto: 101071 - R071,,,"1,000.00",
Bodega: 6 - COLSABOR UNICA,,,"1,000.00",
101071,R071,,"1,000.00",
Producto: 101072 - R072,,,"1,031.00",
Bodega: 6 - COLSABOR UNICA,,,"1,031.00",
101072,R072,,"1,031.00",
Producto: 101074 - R074,,,963.00,
Bodega: 6 - COLSABOR UNICA,,,963.00,
101074,R074,,963.00,
Producto: 101075 - R075,,,"4,070.00",
Bodega: 6 - COLSABOR UNICA,,,"4,070.00",
101075,R075,,"4,070.00",
Producto: 101078 - R078,,,"22,661.17",
Bodega: 6 - COLSABOR UNICA,,,"22,661.17",
101078,R078,,"22,661.17",
Producto: 101079 - R079 PURO,,,40.00,
Bodega: 5 - BODEGA 5,,,40.00,
101079,R079 PURO,,40.00,
Producto: 101080 - R080,,,387.00,
Bodega: 6 - COLSABOR UNICA,,,387.00,
101080,R080,,387.00,
Producto: 101081 - R081,,,"9,614.00",
Bodega: 6 - COLSABOR UNICA,,,"9,614.00",
101081,R081,,"9,614.00",
Producto: 101082 - R082,,,386.00,
Bodega: 6 - COLSABOR UNICA,,,386.00,
101082,R082,,386.00,
Producto: 101084 - R084,,,"10,546.32",
Bodega: 6 - COLSABOR UNICA,,,"10,546.32",
101084,R084,,"10,546.32",
Producto: 101085 - R085,,,769.12,
Bodega: 6 - COLSABOR UNICA,,,769.12,
101085,R085,,769.12,
Producto: 101087 - R087,,,"1,274.29",
Bodega: 6 - COLSABOR UNICA,,,"1,274.29",
101087,R087,,"1,274.29",
Producto: 101088 - R088,,,583.00,
Bodega: 6 - COLSABOR UNICA,,,583.00,
101088,R088,,583.00,
Producto: 101089 - R089,,,"254,300.00",
Bodega: 6 - COLSABOR UNICA,,,"259,300.00",
101089,R089,,"259,300.00",
Bodega: Sin asignar,,,"-5,000.00",
101089,R089,,"-5,000.00",
Producto: 101090 - R090,,,248.95,
Bodega: 6 - COLSABOR UNICA,,,248.95,
101090,R090,,248.95,
Producto: 101092 - R092,,,"7,309.42",
Bodega: 6 - COLSABOR UNICA,,,"7,309.42",
101092,R092,,"7,309.42",
Producto: 101093 - R093,,,"26,262.00",
Bodega: 6 - COLSABOR UNICA,,,"26,262.00",
101093,R093,,"26,262.00",
Producto: 101094 - R094,,,21.90,
Bodega: 5 - BODEGA 5,,,21.90,
101094,R094,,21.90,
Producto: 101095 - R095,,,"1,064.06",
Bodega: 6 - COLSABOR UNICA,,,"1,064.06",
101095,R095,,"1,064.06",
Producto: 101096 - R096,,,31.00,
Bodega: 6 - COLSABOR UNICA,,,31.00,
101096,R096,,31.00,
Producto: 101098 - R098 AL 20%,,,247.00,
Bodega: 6 - COLSABOR UNICA,,,247.00,
101098,R098 AL 20%,,247.00,
Producto: 101098P - R098 PURO,,,"5,001.00",
Bodega: 6 - COLSABOR UNICA,,,"5,001.00",
101098P,R098 PURO,,"5,001.00",
Producto: 101099 - R099,,,"147,639.04",
Bodega: 6 - COLSABOR UNICA,,,"147,639.04",
101099,R099,,"147,639.04",
Producto: 101100 - R100 AL 10%,,,"7,282.00",
Bodega: 6 - COLSABOR UNICA,,,"7,282.00",
101100,R100 AL 10%,,"7,282.00",
Producto: 101101 - R101,,,954.17,
Bodega: 6 - COLSABOR UNICA,,,954.17,
101101,R101,,954.17,
Producto: 101102 - R102,,,"3,576.00",
Bodega: 6 - COLSABOR UNICA,,,"3,576.00",
101102,R102,,"3,576.00",
Producto: 101103 - R103,,,369.00,
Bodega: 5 - BODEGA 5,,,369.00,
101103,R103,,369.00,
Producto: 101104 - R104,,,760.86,
Bodega: 6 - COLSABOR UNICA,,,760.86,
101104,R104,,760.86,
Producto: 101105 - R105,,,"6,372.41",
Bodega: 6 - COLSABOR UNICA,,,"6,372.41",
101105,R105,,"6,372.41",
Producto: 101106 - R106,,,"1,842.00",
Bodega: 6 - COLSABOR UNICA,,,"1,842.00",
101106,R106,,"1,842.00",
Producto: 101107 - R107,,,407.00,
Bodega: 6 - COLSABOR UNICA,,,407.00,
101107,R107,,407.00,
Producto: 101108 - R108,,,770.00,
Bodega: 6 - COLSABOR UNICA,,,770.00,
101108,R108,,770.00,
Producto: 101109 - R109,,,"5,880.00",
Bodega: 6 - COLSABOR UNICA,,,"5,880.00",
101109,R109,,"5,880.00",
Producto: 101110 - R110,,,"1,750.00",
Bodega: 6 - COLSABOR UNICA,,,"1,750.00",
101110,R110,,"1,750.00",
Producto: 101111 - R111,,,"4,845.00",
Bodega: 6 - COLSABOR UNICA,,,"4,845.00",
101111,R111,,"4,845.00",
Producto: 101112 - R112,,,"1,986.00",
Bodega: 6 - COLSABOR UNICA,,,"1,986.00",
101112,R112,,"1,986.00",
Producto: 101113 - R113,,,897.00,
Bodega: 6 - COLSABOR UNICA,,,897.00,
101113,R113,,897.00,
Producto: 101114 - R114,,,"23,594.00",
Bodega: 6 - COLSABOR UNICA,,,"23,594.00",
101114,R114,,"23,594.00",
Producto: 101114F - R114F,,,500.00,
Bodega: 6 - COLSABOR UNICA,,,500.00,
101114F,R114F,,500.00,
Producto: 101115 - R115,,,"5,520.00",
Bodega: 6 - COLSABOR UNICA,,,"5,520.00",
101115,R115,,"5,520.00",
Producto: 101116 - R116,,,"2,354.00",
Bodega: 6 - COLSABOR UNICA,,,"2,354.00",
101116,R116,,"2,354.00",
Producto: 101117 - R117,,,"46,600.00",
Bodega: 6 - COLSABOR UNICA,,,"46,600.00",
101117,R117,,"46,600.00",
Producto: 101117A - R117A,,,0.01,
Bodega: 6 - COLSABOR UNICA,,,0.01,
101117A,R117A,,0.01,
Producto: 101118 - R118,,,"1,000.00",
Bodega: 6 - COLSABOR UNICA,,,"1,000.00",
101118,R118,,"1,000.00",
Producto: 101119 - R119,,,624.23,
Bodega: 6 - COLSABOR UNICA,,,624.23,
101119,R119,,624.23,
Producto: 101120 - R120,,,"2,480.00",
Bodega: 6 - COLSABOR UNICA,,,"2,480.00",
101120,R120,,"2,480.00",
Producto: 101121 - R121 AL 20%,,,509.00,
Bodega: 6 - COLSABOR UNICA,,,509.00,
101121,R121 AL 20%,,509.00,
Producto: 101121P - R121 PURO,,,584.00,
Bodega: 6 - COLSABOR UNICA,,,584.00,
101121P,R121 PURO,,584.00,
Producto: 101122 - R122,,,204.25,
Bodega: 6 - COLSABOR UNICA,,,204.25,
101122,R122,,204.25,
Producto: 101124 - R124,,,512.40,
Bodega: 5 - BODEGA 5,,,512.40,
101124,R124,,512.40,
Producto: 101125 - R125,,,570.00,
Bodega: 6 - COLSABOR UNICA,,,570.00,
101125,R125,,570.00,
Producto: 101126 - R126,,,"2,752.00",
Bodega: 6 - COLSABOR UNICA,,,"2,752.00",
101126,R126,,"2,752.00",
Producto: 101128 - R128,,,"4,234.00",
Bodega: 6 - COLSABOR UNICA,,,"4,234.00",
101128,R128,,"4,234.00",
Producto: 101129 - R129,,,"1,346,365.00",
Bodega: 6 - COLSABOR UNICA,,,"1,346,365.00",
101129,R129,,"1,346,365.00",
Producto: 101130 - AROMATICOS R130,,,-0.48,
Bodega: 6 - COLSABOR UNICA,,,-0.48,
101130,AROMATICOS R130,,-0.48,
Producto: 101131 - R131,,,472.00,
Bodega: 6 - COLSABOR UNICA,,,472.00,
101131,R131,,472.00,
Producto: 101132 - R132,,,29.80,
Bodega: 6 - COLSABOR UNICA,,,29.80,
101132,R132,,29.80,
Producto: 101133 - R133,,,"2,284.00",
Bodega: 6 - COLSABOR UNICA,,,"2,284.00",
101133,R133,,"2,284.00",
Producto: 101134 - R134,,,64.00,
Bodega: 6 - COLSABOR UNICA,,,64.00,
101134,R134,,64.00,
Producto: 101135 - R135,,,890.00,
Bodega: 6 - COLSABOR UNICA,,,890.00,
101135,R135,,890.00,
Producto: 101136 - R136,,,"14,200.00",
Bodega: 6 - COLSABOR UNICA,,,"14,200.00",
101136,R136,,"14,200.00",
Producto: 101137 - R137,,,"2,598.00",
Bodega: 6 - COLSABOR UNICA,,,"2,598.00",
101137,R137,,"2,598.00",
Producto: 101138 - R138,,,400.00,
Bodega: 5 - BODEGA 5,,,400.00,
101138,R138,,400.00,
Producto: 101139 - R139,,,"6,010.00",
Bodega: 6 - COLSABOR UNICA,,,"6,010.00",
101139,R139,,"6,010.00",
Producto: 101140 - R140,,,259.50,
Bodega: 5 - BODEGA 5,,,259.50,
101140,R140,,259.50,
Producto: 101141 - R141,,,57.00,
Bodega: 5 - BODEGA 5,,,57.00,
101141,R141,,57.00,
Producto: 101142 - R142,,,860.00,
Bodega: 6 - COLSABOR UNICA,,,860.00,
101142,R142,,860.00,
Producto: 101143 - R143,,,"2,488.18",
Bodega: 6 - COLSABOR UNICA,,,"2,488.18",
101143,R143,,"2,488.18",
Producto: 101144 - R144,,,282.00,
Bodega: 6 - COLSABOR UNICA,,,282.00,
101144,R144,,282.00,
Producto: 101145 - R145,,,"28,390.00",
Bodega: 6 - COLSABOR UNICA,,,"28,390.00",
101145,R145,,"28,390.00",
Producto: 101146 - R146,,,"18,000.00",
Bodega: 6 - COLSABOR UNICA,,,"18,000.00",
101146,R146,,"18,000.00",
Producto: 101147 - R147,,,510.00,
Bodega: 5 - BODEGA 5,,,510.00,
101147,R147,,510.00,
Producto: 101148 - R148,,,"9,079.00",
Bodega: 6 - COLSABOR UNICA,,,"9,079.00",
101148,R148,,"9,079.00",
Producto: 101149 - R149 PURO,,,880.00,
Bodega: 6 - COLSABOR UNICA,,,880.00,
101149,R149 PURO,,880.00,
Producto: 101151 - R151,,,"1,682.33",
Bodega: 6 - COLSABOR UNICA,,,"1,682.33",
101151,R151,,"1,682.33",
Producto: 101152 - R152,,,"10,389.14",
Bodega: 6 - COLSABOR UNICA,,,"10,389.14",
101152,R152,,"10,389.14",
Producto: 101153 - R153,,,"14,850.00",
Bodega: 6 - COLSABOR UNICA,,,"14,850.00",
101153,R153,,"14,850.00",
Producto: 101154 - R154,,,728.00,
Bodega: 6 - COLSABOR UNICA,,,728.00,
101154,R154,,728.00,
Producto: 101155R - R155P,,,718.00,
Bodega: 6 - COLSABOR UNICA,,,718.00,
101155R,R155P,,718.00,
Producto: 101156 - R156,,,"40,369.00",
Bodega: 6 - COLSABOR UNICA,,,"40,369.00",
101156,R156,,"40,369.00",
Producto: 101157 - R157,,,"6,950.00",
Bodega: 6 - COLSABOR UNICA,,,"6,950.00",
101157,R157,,"6,950.00",
Producto: 101158 - R158,,,"1,066.14",
Bodega: 6 - COLSABOR UNICA,,,"1,066.14",
101158,R158,,"1,066.14",
Producto: 101159 - R159,,,475.00,
Bodega: 6 - COLSABOR UNICA,,,475.00,
101159,R159,,475.00,
Producto: 101160 - R160,,,"26,575.44",
Bodega: 6 - COLSABOR UNICA,,,"26,575.44",
101160,R160,,"26,575.44",
Producto: 101161 - R161,,,790.00,
Bodega: 6 - COLSABOR UNICA,,,790.00,
101161,R161,,790.00,
Producto: 101162 - R162P,,,645.00,
Bodega: 6 - COLSABOR UNICA,,,645.00,
101162,R162P,,645.00,
Producto: 101162T - R162T,,,"2,465.00",
Bodega: 6 - COLSABOR UNICA,,,"2,465.00",
101162T,R162T,,"2,465.00",
Producto: 101164 - R164,,,"20,550.00",
Bodega: 6 - COLSABOR UNICA,,,"23,550.00",
101164,R164,,"23,550.00",
Bodega: Sin asignar,,,"-3,000.00",
101164,R164,,"-3,000.00",
Producto: 101165 - R165,,,"25,385.64",
Bodega: 6 - COLSABOR UNICA,,,"25,385.64",
101165,R165,,"25,385.64",
Producto: 101168 - R168,,,"1,436.85",
Bodega: 6 - COLSABOR UNICA,,,"1,436.85",
101168,R168,,"1,436.85",
Producto: 101170 - R170 AL 10,,,"1,553.64",
Bodega: 6 - COLSABOR UNICA,,,"1,553.64",
101170,R170 AL 10,,"1,553.64",
Producto: 101172 - AROMATICOS R172,,,-0.07,
Bodega: 6 - COLSABOR UNICA,,,-0.07,
101172,AROMATICOS R172,,-0.07,
Producto: 101174 - R174,,,722.00,
Bodega: 5 - BODEGA 5,,,722.00,
101174,R174,,722.00,
Producto: 101175 - R175,,,342.21,
Bodega: 6 - COLSABOR UNICA,,,342.21,
101175,R175,,342.21,
Producto: 101176 - R176,,,"4,704.00",
Bodega: 6 - COLSABOR UNICA,,,"4,704.00",
101176,R176,,"4,704.00",
Producto: 101177 - R177,,,297.00,
Bodega: 5 - BODEGA 5,,,297.00,
101177,R177,,297.00,
Producto: 101178 - R178,,,841.52,
Bodega: 6 - COLSABOR UNICA,,,841.52,
101178,R178,,841.52,
Producto: 101180 - R180,,,"2,177.79",
Bodega: 6 - COLSABOR UNICA,,,"2,177.79",
101180,R180,,"2,177.79",
Producto: 101181 - R181,,,211.00,
Bodega: 5 - BODEGA 5,,,211.00,
101181,R181,,211.00,
Producto: 101182 - R182,,,"11,620.00",
Bodega: 6 - COLSABOR UNICA,,,"11,620.00",
101182,R182,,"11,620.00",
Producto: 101187 - R187,,,423.00,
Bodega: 5 - BODEGA 5,,,423.00,
101187,R187,,423.00,
Producto: 101188 - R188,,,"23,150.00",
Bodega: 6 - COLSABOR UNICA,,,"23,150.00",
101188,R188,,"23,150.00",
Producto: 101190 - R190,,,"561,954.28",
Bodega: 6 - COLSABOR UNICA,,,"561,954.28",
101190,R190,,"561,954.28",
Producto: 101191 - R191,,,487.00,
Bodega: 5 - BODEGA 5,,,487.00,
101191,R191,,487.00,
Producto: 101196 - R196,,,649.96,
Bodega: 5 - BODEGA 5,,,649.96,
101196,R196,,649.96,
Producto: 101197 - R197,,,910.79,
Bodega: 5 - BODEGA 5,,,456.00,
101197,R197,,456.00,
Bodega: 6 - COLSABOR UNICA,,,454.79,
101197,R197,,454.79,
Producto: 101199 - R199,,,"1,277.14",
Bodega: 6 - COLSABOR UNICA,,,"1,277.14",
101199,R199,,"1,277.14",
Producto: 101201 - R201,,,490.00,
Bodega: 5 - BODEGA 5,,,490.00,
101201,R201,,490.00,
Producto: 101202 - R202,,,202.65,
Bodega: 6 - COLSABOR UNICA,,,202.65,
101202,R202,,202.65,
Producto: 101202R - R202R,,,"10,097.00",
Bodega: 6 - COLSABOR UNICA,,,"10,097.00",
101202R,R202R,,"10,097.00",
Producto: 101203 - R203,,,502.51,
Bodega: 5 - BODEGA 5,,,502.51,
101203,R203,,502.51,
Producto: 101204 - R204 AL 20,,,568.00,
Bodega: 6 - COLSABOR UNICA,,,568.00,
101204,R204 AL 20,,568.00,
Producto: 101205 - R205,,,"2,920.00",
Bodega: 6 - COLSABOR UNICA,,,"2,920.00",
101205,R205,,"2,920.00",
Producto: 101206 - R206,,,"1,294.00",
Bodega: 6 - COLSABOR UNICA,,,"1,294.00",
101206,R206,,"1,294.00",
Producto: 101207 - R207 AL 50,,,586.00,
Bodega: 5 - BODEGA 5,,,586.00,
101207,R207 AL 50,,586.00,
Producto: 101209 - R209,,,"2,233.00",
Bodega: 5 - BODEGA 5,,,"2,233.00",
101209,R209,,"2,233.00",
Producto: 101210 - R210,,,966.65,
Bodega: 6 - COLSABOR UNICA,,,966.65,
101210,R210,,966.65,
Producto: 101211 - R211,,,898.00,
Bodega: 6 - COLSABOR UNICA,,,898.00,
101211,R211,,898.00,
Producto: 101212 - R212,,,"2,962.00",
Bodega: 6 - COLSABOR UNICA,,,"2,962.00",
101212,R212,,"2,962.00",
Producto: 101213 - R213,,,205.00,
Bodega: 5 - BODEGA 5,,,205.00,
101213,R213,,205.00,
Producto: 101214 - R214,,,500.00,
Bodega: 5 - BODEGA 5,,,500.00,
101214,R214,,500.00,
Producto: 101216 - R216,,,-146.91,
Bodega: 6 - COLSABOR UNICA,,,-146.91,
101216,R216,,-146.91,
Producto: 101217 - R217,,,888.00,
Bodega: 6 - COLSABOR UNICA,,,888.00,
101217,R217,,888.00,
Producto: 101218 - R218,,,129.00,
Bodega: 5 - BODEGA 5,,,129.00,
101218,R218,,129.00,
Producto: 101220 - R220,,,"30,550.00",
Bodega: 6 - COLSABOR UNICA,,,"30,550.00",
101220,R220,,"30,550.00",
Producto: 101220N - VAINILLA NATURAL,,,500.00,
Bodega: 5 - BODEGA 5,,,500.00,
101220N,VAINILLA NATURAL,,500.00,
Producto: 101221 - R221,,,"5,775.32",
Bodega: 6 - COLSABOR UNICA,,,"5,775.32",
101221,R221,,"5,775.32",
Producto: 101224 - R224,,,"6,430.00",
Bodega: 6 - COLSABOR UNICA,,,"6,430.00",
101224,R224,,"6,430.00",
Producto: 101225 - R225,,,"4,275.15",
Bodega: 6 - COLSABOR UNICA,,,"4,275.15",
101225,R225,,"4,275.15",
Producto: 101226 - R226,,,"2,233.00",
Bodega: 6 - COLSABOR UNICA,,,"2,233.00",
101226,R226,,"2,233.00",
Producto: 101227 - R227,,,835.00,
Bodega: 6 - COLSABOR UNICA,,,835.00,
101227,R227,,835.00,
Producto: 101228 - R228,,,466.00,
Bodega: 5 - BODEGA 5,,,466.00,
101228,R228,,466.00,
Producto: 101229 - R229,,,"1,788.00",
Bodega: 6 - COLSABOR UNICA,,,"1,788.00",
101229,R229,,"1,788.00",
Producto: 101230 - R230,,,"26,768.91",
Bodega: 6 - COLSABOR UNICA,,,"26,768.91",
101230,R230,,"26,768.91",
Producto: 101231 - R231,,,97.56,
Bodega: 5 - BODEGA 5,,,97.56,
101231,R231,,97.56,
Producto: 101232 - R232,,,858.00,
Bodega: 6 - COLSABOR UNICA,,,858.00,
101232,R232,,858.00,
Producto: 101234 - R234,,,415.98,
Bodega: 5 - BODEGA 5,,,415.98,
101234,R234,,415.98,
Producto: 101235 - R235,,,395.98,
Bodega: 5 - BODEGA 5,,,395.98,
101235,R235,,395.98,
Producto: 101237 - R237,,,879.94,
Bodega: 6 - COLSABOR UNICA,,,879.94,
101237,R237,,879.94,
Producto: 101238 - R238,,,-0.17,
Bodega: 5 - BODEGA 5,,,-0.17,
101238,R238,,-0.17,
Producto: 101241 - R241,,,883.00,
Bodega: 6 - COLSABOR UNICA,,,883.00,
101241,R241,,883.00,
Producto: 101242 - R242,,,500.00,
Bodega: 5 - BODEGA 5,,,580.00,
101242,R242,,580.00,
Bodega: 6 - COLSABOR UNICA,,,-80.00,
101242,R242,,-80.00,
Producto: 101244 - R244,,,270.55,
Bodega: 5 - BODEGA 5,,,270.55,
101244,R244,,270.55,
Producto: 101245 - R245,,,"1,881.48",
Bodega: 6 - COLSABOR UNICA,,,"1,881.48",
101245,R245,,"1,881.48",
Producto: 101247 - R247,,,395.00,
Bodega: 5 - BODEGA 5,,,395.00,
101247,R247,,395.00,
Producto: 101249 - R249,,,"82,991.20",
Bodega: 6 - COLSABOR UNICA,,,"82,991.20",
101249,R249,,"82,991.20",
Producto: 101250 - R250,,,"4,219.00",
Bodega: 5 - BODEGA 5,,,9.00,
101250,R250,,9.00,
Bodega: 6 - COLSABOR UNICA,,,"4,210.00",
101250,R250,,"4,210.00",
Producto: 101251 - R251,,,974.00,
Bodega: 6 - COLSABOR UNICA,,,974.00,
101251,R251,,974.00,
Producto: 101251R - R251,,,-69.01,
Bodega: 5 - BODEGA 5,,,-69.01,
101251R,R251,,-69.01,
Producto: 101252 - R252,,,413.03,
Bodega: 5 - BODEGA 5,,,413.03,
101252,R252,,413.03,
Producto: 101254 - R254,,,942.00,
Bodega: 6 - COLSABOR UNICA,,,942.00,
101254,R254,,942.00,
Producto: 101255 - R255,,,"51,580.00",
Bodega: 6 - COLSABOR UNICA,,,"51,580.00",
101255,R255,,"51,580.00",
Producto: 101256 - R256,,,384.00,
Bodega: 5 - BODEGA 5,,,384.00,
101256,R256,,384.00,
Producto: 101259 - R259,,,"74,050.00",
Bodega: 6 - COLSABOR UNICA,,,"74,050.00",
101259,R259,,"74,050.00",
Producto: 101260 - R260,,,782.00,
Bodega: 6 - COLSABOR UNICA,,,782.00,
101260,R260,,782.00,
Producto: 101261 - R261,,,958.00,
Bodega: 6 - COLSABOR UNICA,,,958.00,
101261,R261,,958.00,
Producto: 101262 - R262,,,993.00,
Bodega: 6 - COLSABOR UNICA,,,993.00,
101262,R262,,993.00,
Producto: 101263 - R263,,,400.00,
Bodega: 5 - BODEGA 5,,,400.00,
101263,R263,,400.00,
Producto: 101264 - R264,,,"3,430.00",
Bodega: 6 - COLSABOR UNICA,,,"3,430.00",
101264,R264,,"3,430.00",
Producto: 101265 - R265,,,993.99,
Bodega: 6 - COLSABOR UNICA,,,993.99,
101265,R265,,993.99,
Producto: 101269 - R269,,,"1,000.00",
Bodega: 6 - COLSABOR UNICA,,,"1,000.00",
101269,R269,,"1,000.00",
Producto: 101319 - R319,,,"121,550.00",
Bodega: 6 - COLSABOR UNICA,,,"121,550.00",
101319,R319,,"121,550.00",
Producto: 101325 - R325,,,"4,827.00",
Bodega: 6 - COLSABOR UNICA,,,"4,827.00",
101325,R325,,"4,827.00",
Producto: 101570 - R170 PURO,,,375.00,
Bodega: 6 - COLSABOR UNICA,,,375.00,
101570,R170 PURO,,375.00,
Producto: 10201 - F-A,,,-23.29,
Bodega: 5 - BODEGA 5,,,-23.29,
10201,F-A,,-23.29,
Producto: 10202 - F-B,,,706.02,
Bodega: 5 - BODEGA 5,,,706.02,
10202,F-B,,706.02,
Producto: 10203 - F-C,,,832.00,
Bodega: 5 - BODEGA 5,,,832.00,
10203,F-C,,832.00,
Producto: 10204 - F-D,,,910.00,
Bodega: 5 - BODEGA 5,,,910.00,
10204,F-D,,910.00,
Producto: 10205 - F-E,,,910.00,
Bodega: 5 - BODEGA 5,,,910.00,
10205,F-E,,910.00,
Producto: 10206 - F-F,,,711.09,
Bodega: 5 - BODEGA 5,,,711.09,
10206,F-F,,711.09,
Producto: 10207 - F-G,,,830.00,
Bodega: 5 - BODEGA 5,,,830.00,
10207,F-G,,830.00,
Producto: 10208 - F-H,,,40.00,
Bodega: 5 - BODEGA 5,,,40.00,
10208,F-H,,40.00,
Producto: 10209 - F-I,,,895.00,
Bodega: 5 - BODEGA 5,,,895.00,
10209,F-I,,895.00,
Producto: 10210 - F-J,,,375.91,
Bodega: 5 - BODEGA 5,,,375.91,
10210,F-J,,375.91,
Producto: 10211 - F-K,,,939.00,
Bodega: 5 - BODEGA 5,,,939.00,
10211,F-K,,939.00,
Producto: 10212 - F-M,,,203.00,
Bodega: 5 - BODEGA 5,,,203.00,
10212,F-M,,203.00,
Producto: 10213 - F-N,,,838.00,
Bodega: 5 - BODEGA 5,,,838.00,
10213,F-N,,838.00,
Producto: 10214 - F-O,,,310.06,
Bodega: 5 - BODEGA 5,,,310.06,
10214,F-O,,310.06,
Producto: 10215 - F-P,,,918.00,
Bodega: 5 - BODEGA 5,,,918.00,
10215,F-P,,918.00,
Producto: 10216 - F-Q,,,864.51,
Bodega: 5 - BODEGA 5,,,864.51,
10216,F-Q,,864.51,
Producto: 10217 - F-R,,,322.29,
Bodega: 5 - BODEGA 5,,,322.29,
10217,F-R,,322.29,
Producto: 10218 - F-S,,,976.00,
Bodega: 5 - BODEGA 5,,,976.00,
10218,F-S,,976.00,
Producto: 10219 - F-T,,,871.00,
Bodega: 5 - BODEGA 5,,,871.00,
10219,F-T,,871.00,
Producto: 10220 - F-U,,,872.00,
Bodega: 5 - BODEGA 5,,,872.00,
10220,F-U,,872.00,
Producto: 10221 - F-V,,,865.00,
Bodega: 5 - BODEGA 5,,,865.00,
10221,F-V,,865.00,
Producto: 10222 - F-W,,,765.09,
Bodega: 5 - BODEGA 5,,,765.09,
10222,F-W,,765.09,
Producto: 10223 - F-X,,,831.00,
Bodega: 5 - BODEGA 5,,,831.00,
10223,F-X,,831.00,
Producto: 10224 - F-Y,,,752.95,
Bodega: 5 - BODEGA 5,,,752.95,
10224,F-Y,,752.95,
Producto: 10301 - AREQUIPE,,,"9,411.00",
Bodega: 6 - COLSABOR UNICA,,,"9,411.00",
10301,AREQUIPE,,"9,411.00",
Producto: 10302 - BRANDY,,,"1,999.05",
Bodega: 6 - COLSABOR UNICA,,,"1,999.05",
10302,BRANDY,,"1,999.05",
Producto: 10304 - POLLO 40,,,"1,400.00",
Bodega: 6 - COLSABOR UNICA,,,"1,400.00",
10304,POLLO 40,,"1,400.00",
Producto: 10307 - LECHE CONDENSADA,,,"1,944.69",
Bodega: 6 - COLSABOR UNICA,,,"1,944.69",
10307,LECHE CONDENSADA,,"1,944.69",
Producto: 10310 - MARACUYA,,,"13,591.09",
Bodega: 6 - COLSABOR UNICA,,,"13,591.09",
10310,MARACUYA,,"13,591.09",
Producto: 10311 - MELOCOTON,,,2.34,
Bodega: 6 - COLSABOR UNICA,,,2.34,
10311,MELOCOTON,,2.34,
Producto: 10313 - MORA SABORES,,,"13,407.00",
Bodega: 6 - COLSABOR UNICA,,,"13,407.00",
10313,MORA SABORES,,"13,407.00",
Producto: 10314 - TOMATE,,,750.00,
Bodega: 6 - COLSABOR UNICA,,,750.00,
10314,TOMATE,,750.00,
Producto: 10315 - DURAZNO HR,,,"1,301.00",
Bodega: 6 - COLSABOR UNICA,,,"1,301.00",
10315,DURAZNO HR,,"1,301.00",
Producto: 10316 - CAFE SABORES BASE,,,998.00,
Bodega: 6 - COLSABOR UNICA,,,998.00,
10316,CAFE SABORES BASE,,998.00,
Producto: 10317 - HUMO SUPREME C,,,"19,325.05",
Bodega: 6 - COLSABOR UNICA,,,"19,325.05",
10317,HUMO SUPREME C,,"19,325.05",
Producto: 10317A - HUMO SUPREME C AL 10%,,,"1,984.19",
Bodega: 6 - COLSABOR UNICA,,,"1,984.19",
10317A,HUMO SUPREME C AL 10%,,"1,984.19",
Producto: 10322 - CARNE EN POLVO,,,"3,750.00",
Bodega: 6 - COLSABOR UNICA,,,"3,750.00",
10322,CARNE EN POLVO,,"3,750.00",
Producto: 10323 - BASE VAINILLA 130-25,,,"187,462.97",
Bodega: 6 - COLSABOR UNICA,,,"187,462.97",
10323,BASE VAINILLA 130-25,,"187,462.97",
Producto: 10324 - BASE MIEL 172-50,,,"41,850.00",
Bodega: 6 - COLSABOR UNICA,,,"41,850.00",
10324,BASE MIEL 172-50,,"41,850.00",
Producto: 10325 - BASE 001,,,"1,188.49",
Bodega: 6 - COLSABOR UNICA,,,"1,188.49",
10325,BASE 001,,"1,188.49",
Producto: 10326 - BASE 002,,,219.00,
Bodega: 6 - COLSABOR UNICA,,,219.00,
10326,BASE 002,,219.00,
Producto: 10327 - BASE 003,,,446.00,
Bodega: 6 - COLSABOR UNICA,,,446.00,
10327,BASE 003,,446.00,
Producto: 10331 - BASE 16,,,162.00,
Bodega: 6 - COLSABOR UNICA,,,162.00,
10331,BASE 16,,162.00,
Producto: 10332 - BASE 171 A,,,126.00,
Bodega: 6 - COLSABOR UNICA,,,126.00,
10332,BASE 171 A,,126.00,
Producto: 10333 - BASE 18,,,98.00,
Bodega: 6 - COLSABOR UNICA,,,98.00,
10333,BASE 18,,98.00,
Producto: 10334 - BASE 22,,,"1,751.00",
Bodega: 6 - COLSABOR UNICA,,,"1,751.00",
10334,BASE 22,,"1,751.00",
Producto: 10335 - BASE 239,,,500.00,
Bodega: 6 - COLSABOR UNICA,,,500.00,
10335,BASE 239,,500.00,
Producto: 10336 - BASE 249,,,"2,866.00",
Bodega: 6 - COLSABOR UNICA,,,"2,866.00",
10336,BASE 249,,"2,866.00",
Producto: 10337 - BASE 266,,,813.85,
Bodega: 6 - COLSABOR UNICA,,,813.85,
10337,BASE 266,,813.85,
Producto: 10338 - BASE 26 AB,,,75.00,
Bodega: 6 - COLSABOR UNICA,,,75.00,
10338,BASE 26 AB,,75.00,
Producto: 10340 - BASE 274,,,53.00,
Bodega: 6 - COLSABOR UNICA,,,53.00,
10340,BASE 274,,53.00,
Producto: 10342 - BASE 311,,,"1,440.00",
Bodega: 6 - COLSABOR UNICA,,,"1,440.00",
10342,BASE 311,,"1,440.00",
Producto: 10343 - BASE 326,,,"3,030.00",
Bodega: 6 - COLSABOR UNICA,,,"3,030.00",
10343,BASE 326,,"3,030.00",
Producto: 10344 - BASE 333,,,904.00,
Bodega: 6 - COLSABOR UNICA,,,904.00,
10344,BASE 333,,904.00,
Producto: 10345 - BASE 35,,,"1,119.00",
Bodega: 6 - COLSABOR UNICA,,,"1,119.00",
10345,BASE 35,,"1,119.00",
Producto: 103465 - BASE 465 X G.,,,473.00,
Bodega: 6 - COLSABOR UNICA,,,473.00,
103465,BASE 465 X G.,,473.00,
Producto: 10347 - BASE 374,,,912.00,
Bodega: 6 - COLSABOR UNICA,,,912.00,
10347,BASE 374,,912.00,
Producto: 10348 - BASE 387,,,45.00,
Bodega: 6 - COLSABOR UNICA,,,45.00,
10348,BASE 387,,45.00,
Producto: 10349 - BASE 40,,,"1,688.00",
Bodega: 6 - COLSABOR UNICA,,,"1,688.00",
10349,BASE 40,,"1,688.00",
Producto: 10356 - BASE 548,,,417.00,
Bodega: 6 - COLSABOR UNICA,,,417.00,
10356,BASE 548,,417.00,
Producto: 10357 - BASE 582,,,69.00,
Bodega: 6 - COLSABOR UNICA,,,69.00,
10357,BASE 582,,69.00,
Producto: 10358 - BASE 688,,,616.00,
Bodega: 6 - COLSABOR UNICA,,,616.00,
10358,BASE 688,,616.00,
Producto: 10362 - BASE SP-75,,,275.00,
Bodega: 6 - COLSABOR UNICA,,,275.00,
10362,BASE SP-75,,275.00,
"Producto: 10363 - BASE SUST""N""",,,486.00,
Bodega: 6 - COLSABOR UNICA,,,486.00,
10363,"BASE SUST""N""",,486.00,
Producto: 10364 - BASE TC-005,,,"8,537.00",
Bodega: 6 - COLSABOR UNICA,,,"8,537.00",
10364,BASE TC-005,,"8,537.00",
Producto: 10367 - BASE TC-029,,,303.00,
Bodega: 6 - COLSABOR UNICA,,,303.00,
10367,BASE TC-029,,303.00,
Producto: 10368 - MORA BASE BB-627,,,31.00,
Bodega: 6 - COLSABOR UNICA,,,31.00,
10368,MORA BASE BB-627,,31.00,
Producto: 10369 - BASE MORA BB-630,,,280.00,
Bodega: 6 - COLSABOR UNICA,,,280.00,
10369,BASE MORA BB-630,,280.00,
Producto: 10371A10 - BASE COSTARRICA AL 10%,,,"5,437.71",
Bodega: 5 - BODEGA 5,,,-100.00,
10371A10,BASE COSTARRICA AL 10%,,-100.00,
Bodega: 6 - COLSABOR UNICA,,,"5,537.71",
10371A10,BASE COSTARRICA AL 10%,,"5,537.71",
Producto: 10372 - ROSA AL 10%,,,474.00,
Bodega: 6 - COLSABOR UNICA,,,474.00,
10372,ROSA AL 10%,,474.00,
Producto: 10372A - ROSA AL 0.1%,,,227.00,
Bodega: 6 - COLSABOR UNICA,,,227.00,
10372A,ROSA AL 0.1%,,227.00,
Producto: 10373 - BASE 435,,,170.00,
Bodega: 6 - COLSABOR UNICA,,,170.00,
10373,BASE 435,,170.00,
Producto: 10401 - AMARANTO,,,"1,100.00",
Bodega: 6 - COLSABOR UNICA,,,"1,100.00",
10401,AMARANTO,,"1,100.00",
Producto: 10401A5 - AMARANTO AL 5%,,,260.00,
Bodega: 6 - COLSABOR UNICA,,,260.00,
10401A5,AMARANTO AL 5%,,260.00,
Producto: 10402 - AZUL BTE.,,,"30,280.00",
Bodega: 6 - COLSABOR UNICA,,,"30,280.00",
10402,AZUL BTE.,,"30,280.00",
Producto: 10402A - AZUL AL 1%,,,51.42,
Bodega: 6 - COLSABOR UNICA,,,51.42,
10402A,AZUL AL 1%,,51.42,
Producto: 10402A1 - AZUL AL 0.1%,,,10.00,
Bodega: 6 - COLSABOR UNICA,,,10.00,
10402A1,AZUL AL 0.1%,,10.00,
Producto: 10403 - CARMOISINA,,,"26,340.00",
Bodega: 6 - COLSABOR UNICA,,,"26,340.00",
10403,CARMOISINA,,"26,340.00",
Producto: 10403A - CARMOSINA AL 10%,,,72.53,
Bodega: 6 - COLSABOR UNICA,,,72.53,
10403A,CARMOSINA AL 10%,,72.53,
Producto: 10404 - DIOXIDO DE TITANIO,,,"23,200.00",
Bodega: 6 - COLSABOR UNICA,,,"23,200.00",
10404,DIOXIDO DE TITANIO,,"23,200.00",
Producto: 10405 - ERYTROSINA,,,"9,930.00",
Bodega: 6 - COLSABOR UNICA,,,"9,930.00",
10405,ERYTROSINA,,"9,930.00",
Producto: 10406 - ROJO PUNZO,,,"24,560.00",
Bodega: 6 - COLSABOR UNICA,,,"24,560.00",
10406,ROJO PUNZO,,"24,560.00",
Producto: 10406A - ROJO PUNZO AL 10%,,,447.12,
Bodega: 6 - COLSABOR UNICA,,,447.12,
10406A,ROJO PUNZO AL 10%,,447.12,
Producto: 10407 - ROJO Nª 40,,,"2,180.00",
Bodega: 6 - COLSABOR UNICA,,,"2,180.00",
10407,ROJO Nª 40,,"2,180.00",
Producto: 10408 - SUNSET,,,"30,740.00",
Bodega: 6 - COLSABOR UNICA,,,"30,740.00",
10408,SUNSET,,"30,740.00",
Producto: 10409 - TARTRAZINA,,,"17,550.00",
Bodega: 6 - COLSABOR UNICA,,,"17,550.00",
10409,TARTRAZINA,,"17,550.00",
Producto: 10409A - TARTRAZINA AL 10%,,,156.50,
Bodega: 6 - COLSABOR UNICA,,,156.50,
10409A,TARTRAZINA AL 10%,,156.50,
Producto: 10409S - TARTRAZINA SUPRA,,,"27,270.00",
Bodega: 6 - COLSABOR UNICA,,,"27,270.00",
10409S,TARTRAZINA SUPRA,,"27,270.00",
Producto: 10410 - TARTRAZINA LACA,,,37.01,
Bodega: 6 - COLSABOR UNICA,,,37.01,
10410,TARTRAZINA LACA,,37.01,
Producto: 10413 - INDIGOTINA,,,620.00,
Bodega: 6 - COLSABOR UNICA,,,620.00,
10413,INDIGOTINA,,620.00,
Producto: 10414 - AZUL 1 LACA 11-13% X G.,,,"4,697.95",
Bodega: 5 - BODEGA 5,,,"2,699.96",
10414,AZUL 1 LACA 11-13% X G.,,"2,699.96",
Bodega: 6 - COLSABOR UNICA,,,"1,997.99",
10414,AZUL 1 LACA 11-13% X G.,,"1,997.99",
Producto: 10421 - NEGRO PN,,,"1,330.00",
Bodega: 6 - COLSABOR UNICA,,,"1,330.00",
10421,NEGRO PN,,"1,330.00",
Producto: 10426 - ROJO #40 LACA X GR.,,,820.00,
Bodega: 6 - COLSABOR UNICA,,,820.00,
10426,ROJO #40 LACA X GR.,,820.00,
Producto: 10505 - VITAMINA D3 (100.000 U.I),,,"1,000.00",
Bodega: 6 - COLSABOR UNICA,,,"1,000.00",
10505,VITAMINA D3 (100.000 U.I),,"1,000.00",
Producto: 10601 - ACIDO CITRICO,,,"349,982.50",
Bodega: 6 - COLSABOR UNICA,,,"349,982.50",
10601,ACIDO CITRICO,,"349,982.50",
Producto: 10603 - SNOW FLAKE BAKERMAN,,,"30,376.00",
Bodega: 6 - COLSABOR UNICA,,,"30,376.00",
10603,SNOW FLAKE BAKERMAN,,"30,376.00",
Producto: 10604 - CITRATO DE SODIO,,,359.72,
Bodega: 6 - COLSABOR UNICA,,,359.72,
10604,CITRATO DE SODIO,,359.72,
Producto: 10605 - GLUTAMATO MONOSODICO,,,"45,000.00",
Bodega: 6 - COLSABOR UNICA,,,"45,000.00",
10605,GLUTAMATO MONOSODICO,,"45,000.00",
Producto: 10607 - GOMA XANTAN,,,"11,154.20",
Bodega: 6 - COLSABOR UNICA,,,"11,154.20",
10607,GOMA XANTAN,,"11,154.20",
Producto: 10609 - SAL,,,"548,050.00",
Bodega: 6 - COLSABOR UNICA,,,"548,050.00",
10609,SAL,,"548,050.00",
Producto: 10612 - PVH (VEGAMINA),,,"14,950.00",
Bodega: 6 - COLSABOR UNICA,,,"14,950.00",
10612,PVH (VEGAMINA),,"14,950.00",
Producto: 10613 - ADA AL 25%,,,"22,950.00",
Bodega: 6 - COLSABOR UNICA,,,"22,950.00",
10613,ADA AL 25%,,"22,950.00",
Producto: 10614 - GLUCOSA 11:30,,,"286,349.43",
Bodega: 6 - COLSABOR UNICA,,,"286,349.43",
10614,GLUCOSA 11:30,,"286,349.43",
Producto: 10616 - SULFATO DE SODIO,,,"328,000.00",
Bodega: 6 - COLSABOR UNICA,,,"328,000.00",
10616,SULFATO DE SODIO,,"328,000.00",
Producto: 10617 - COCOA BAJA EN GRASA,,,"15,750.00",
Bodega: 6 - COLSABOR UNICA,,,"15,750.00",
10617,COCOA BAJA EN GRASA,,"15,750.00",
Producto: 10618 - SACARINATO DE SODIO,,,"7,400.00",
Bodega: 6 - COLSABOR UNICA,,,"7,400.00",
10618,SACARINATO DE SODIO,,"7,400.00",
Producto: 10620 - OREGANO NATURAL EN POLVO X GR.,,,930.00,
Bodega: 6 - COLSABOR UNICA,,,930.00,
10620,OREGANO NATURAL EN POLVO X GR.,,930.00,
Producto: 10621 - CAFE INSTANTANEO,,,750.00,
Bodega: 6 - COLSABOR UNICA,,,750.00,
10621,CAFE INSTANTANEO,,750.00,
Producto: 10630 - EXTRACTO DE MALTA EN POLVO,,,"38,450.00",
Bodega: 6 - COLSABOR UNICA,,,"38,450.00",
10630,EXTRACTO DE MALTA EN POLVO,,"38,450.00",
Producto: 10631 - I + G,,,"14,420.00",
Bodega: 6 - COLSABOR UNICA,,,"14,420.00",
10631,I + G,,"14,420.00",
Producto: 10632 - GLUTEN VITAL,,,"17,550.00",
Bodega: 5 - BODEGA 5,,,"17,550.00",
10632,GLUTEN VITAL,,"17,550.00",
Producto: 10634 - TWEEN 60,,,"28,350.00",
Bodega: 6 - COLSABOR UNICA,,,"28,350.00",
10634,TWEEN 60,,"28,350.00",
Producto: 10635 - LIMON SPRAY PURO X GR.,,,"74,680.00",
Bodega: 6 - COLSABOR UNICA,,,"74,680.00",
10635,LIMON SPRAY PURO X GR.,,"74,680.00",
Producto: 10636 - ESTEVIA EN POLVO 250X,,,858.08,
Bodega: 6 - COLSABOR UNICA,,,858.08,
10636,ESTEVIA EN POLVO 250X,,858.08,
Producto: 10639 - DEXTROSA ANHIDRA,,,"50,000.00",
Bodega: 6 - COLSABOR UNICA,,,"50,000.00",
10639,DEXTROSA ANHIDRA,,"50,000.00",
Producto: 10640 - LICOR DE CACAO,,,"3,260.00",
Bodega: 6 - COLSABOR UNICA,,,"3,260.00",
10640,LICOR DE CACAO,,"3,260.00",
Producto: 10641 - BHT,,,410.00,
Bodega: 6 - COLSABOR UNICA,,,410.00,
10641,BHT,,410.00,
Producto: 10643 - AJO NATURAL EN POLVO,,,"1,718.00",
Bodega: 6 - COLSABOR UNICA,,,"1,718.00",
10643,AJO NATURAL EN POLVO,,"1,718.00",
Producto: 10644 - CEBOLLA NATURAL EN POLVO,,,"1,300.00",
Bodega: 6 - COLSABOR UNICA,,,"1,300.00",
10644,CEBOLLA NATURAL EN POLVO,,"1,300.00",
Producto: 10645 - PAPRIKA EN POLVO,,,135.00,
Bodega: 6 - COLSABOR UNICA,,,135.00,
10645,PAPRIKA EN POLVO,,135.00,
Producto: 10646 - BIRCH TAR AL 10%,,,561.00,
Bodega: 5 - BODEGA 5,,,561.00,
10646,BIRCH TAR AL 10%,,561.00,
Producto: 10647 - BIRCH TAR AL 0.1%,,,21.00,
Bodega: 6 - COLSABOR UNICA,,,21.00,
10647,BIRCH TAR AL 0.1%,,21.00,
Producto: 10650 - AGUA,,,"721,019.99",
Bodega: 6 - COLSABOR UNICA,,,"721,019.99",
10650,AGUA,,"721,019.99",
Producto: 10655 - PIMIENTA NATURAL MOLIDA,,,"1,180.00",
Bodega: 6 - COLSABOR UNICA,,,"1,180.00",
10655,PIMIENTA NATURAL MOLIDA,,"1,180.00",
Producto: 10656 - TWEEN 80,,,"10,800.00",
Bodega: 6 - COLSABOR UNICA,,,"10,800.00",
10656,TWEEN 80,,"10,800.00",
Producto: 10657 - ESTEVIA 50X,,,"1,001.00",
Bodega: 6 - COLSABOR UNICA,,,"1,001.00",
10657,ESTEVIA 50X,,"1,001.00",
Producto: 10658 - MORA FRUTA,,,"4,000.00",
Bodega: 6 - COLSABOR UNICA,,,"4,000.00",
10658,MORA FRUTA,,"4,000.00",
Producto: 10659 - MELOCOTON FRUTA,,,625.00,
Bodega: 6 - COLSABOR UNICA,,,625.00,
10659,MELOCOTON FRUTA,,625.00,
Producto: 10665 - R060 AL 10% EN POLVO,,,403.00,
Bodega: 6 - COLSABOR UNICA,,,403.00,
10665,R060 AL 10% EN POLVO,,403.00,
Producto: 10667 - EUCALIPTUS GLOBULUS,,,"7,805.00",
Bodega: 6 - COLSABOR UNICA,,,"7,805.00",
10667,EUCALIPTUS GLOBULUS,,"7,805.00",
Producto: 10669 - GRASA VEGETAL EN POLVO X GR.,,,"1,386.00",
Bodega: 5 - BODEGA 5,,,"1,386.00",
10669,GRASA VEGETAL EN POLVO X GR.,,"1,386.00",
Producto: 10670 - AJI NATURAL EN POLVO,,,"1,718.00",
Bodega: 6 - COLSABOR UNICA,,,"1,718.00",
10670,AJI NATURAL EN POLVO,,"1,718.00",
Producto: 10671 - CREMA DE LECHE EN POLVO X GR,,,203.00,
Bodega: 5 - BODEGA 5,,,203.00,
10671,CREMA DE LECHE EN POLVO X GR,,203.00,
Producto: 10672 - BIRCH TAR AL 0.01%,,,16.00,
Bodega: 6 - COLSABOR UNICA,,,16.00,
10672,BIRCH TAR AL 0.01%,,16.00,
Producto: 10673 - CAFE MOLIDO,,,600.00,
Bodega: 6 - COLSABOR UNICA,,,600.00,
10673,CAFE MOLIDO,,600.00,
Producto: 10679 - CLORURO DE POTASIO,,,"23,350.00",
Bodega: 6 - COLSABOR UNICA,,,"23,350.00",
10679,CLORURO DE POTASIO,,"23,350.00",
Producto: 107008 - S008,,,"41,500.00",
Bodega: 6 - COLSABOR UNICA,,,"41,500.00",
107008,S008,,"41,500.00",
Producto: 107035 - S035,,,"448,565.00",
Bodega: 6 - COLSABOR UNICA,,,"448,565.00",
107035,S035,,"448,565.00",
Producto: 107036 - S036,,,"316,660.00",
Bodega: 6 - COLSABOR UNICA,,,"316,660.00",
107036,S036,,"316,660.00",
Producto: 107038 - S038,,,"18,210.24",
Bodega: 6 - COLSABOR UNICA,,,"18,210.24",
107038,S038,,"18,210.24",
Producto: 107046 - S046,,,"5,500.00",
Bodega: 5 - BODEGA 5,,,"5,500.00",
107046,S046,,"5,500.00",
Producto: 107047 - S047,,,"33,300.00",
Bodega: 6 - COLSABOR UNICA,,,"33,300.00",
107047,S047,,"33,300.00",
Producto: 107087 - S087,,,"33,467.39",
Bodega: 6 - COLSABOR UNICA,,,"33,467.39",
107087,S087,,"33,467.39",
Producto: 107087R - S087R,,,"28,650.00",
Bodega: 6 - COLSABOR UNICA,,,"28,650.00",
107087R,S087R,,"28,650.00",
Producto: 107088 - S088,,,"16,340.00",
Bodega: 6 - COLSABOR UNICA,,,"16,340.00",
107088,S088,,"16,340.00",
Producto: 107095 - S095,,,"235,050.00",
Bodega: 6 - COLSABOR UNICA,,,"235,050.00",
107095,S095,,"235,050.00",
Producto: 107113 - S113,,,"19,200.00",
Bodega: 6 - COLSABOR UNICA,,,"19,200.00",
107113,S113,,"19,200.00",
Producto: 107123 - S123,,,"31,600.00",
Bodega: 6 - COLSABOR UNICA,,,"31,600.00",
107123,S123,,"31,600.00",
Producto: 107123A - S123A,,,"14,700.00",
Bodega: 6 - COLSABOR UNICA,,,"14,700.00",
107123A,S123A,,"14,700.00",
Producto: 107128 - S128,,,"25,000.00",
Bodega: 6 - COLSABOR UNICA,,,"25,000.00",
107128,S128,,"25,000.00",
Producto: 107136 - S136,,,"18,420.00",
Bodega: 6 - COLSABOR UNICA,,,"18,420.00",
107136,S136,,"18,420.00",
Producto: 107137 - S137,,,"75,650.00",
Bodega: 6 - COLSABOR UNICA,,,"75,650.00",
107137,S137,,"75,650.00",
Producto: 107188 - S188,,,"139,550.00",
Bodega: 6 - COLSABOR UNICA,,,"139,550.00",
107188,S188,,"139,550.00",
Producto: 107195 - S195,,,"9,600.00",
Bodega: 6 - COLSABOR UNICA,,,"9,600.00",
107195,S195,,"9,600.00",
Producto: 107197 - S197,,,"170,150.00",
Bodega: 6 - COLSABOR UNICA,,,"170,150.00",
107197,S197,,"170,150.00",
Producto: 107200 - S200,,,"159,850.00",
Bodega: 6 - COLSABOR UNICA,,,"159,850.00",
107200,S200,,"159,850.00",
Producto: 107201 - S201,,,"45,559.03",
Bodega: 6 - COLSABOR UNICA,,,"45,559.03",
107201,S201,,"45,559.03",
Producto: 107202 - S202,,,170.00,
Bodega: 5 - BODEGA 5,,,170.00,
107202,S202,,170.00,
Producto: 107203 - S203C,,,"100,000.00",
Bodega: 6 - COLSABOR UNICA,,,"100,000.00",
107203,S203C,,"100,000.00",
Producto: 107203A - S203A,,,"238,600.00",
Bodega: 6 - COLSABOR UNICA,,,"238,600.00",
107203A,S203A,,"238,600.00",
Producto: 107206 - S206,,,"25,488.67",
Bodega: 6 - COLSABOR UNICA,,,"25,488.67",
107206,S206,,"25,488.67",
Producto: 107210 - S210,,,"1,183.67",
Bodega: 6 - COLSABOR UNICA,,,"1,183.67",
107210,S210,,"1,183.67",
Producto: 107212 - S212,,,"14,800.00",
Bodega: 6 - COLSABOR UNICA,,,"14,800.00",
107212,S212,,"14,800.00",
Producto: 107214 - S214,,,"52,150.00",
Bodega: 6 - COLSABOR UNICA,,,"52,150.00",
107214,S214,,"52,150.00",
Producto: 107238 - S238,,,"14,000.00",
Bodega: 6 - COLSABOR UNICA,,,"14,000.00",
107238,S238,,"14,000.00",
Producto: 108006A - R006 AL 10%,,,-37.01,
Bodega: 6 - COLSABOR UNICA,,,-37.01,
108006A,R006 AL 10%,,-37.01,
Producto: 108006A50 - R006 AL 50%,,,"5,340.00",
Bodega: 6 - COLSABOR UNICA,,,"5,340.00",
108006A50,R006 AL 50%,,"5,340.00",
Producto: 108007A - R007 AL 10%,,,111.71,
Bodega: 6 - COLSABOR UNICA,,,111.71,
108007A,R007 AL 10%,,111.71,
Producto: 108012A - R012 AL 10%,,,347.00,
Bodega: 6 - COLSABOR UNICA,,,347.00,
108012A,R012 AL 10%,,347.00,
Producto: 108012A1 - R012 AL 1%,,,355.00,
Bodega: 6 - COLSABOR UNICA,,,355.00,
108012A1,R012 AL 1%,,355.00,
Producto: 108014A - R014 AL 10%,,,61.00,
Bodega: 6 - COLSABOR UNICA,,,61.00,
108014A,R014 AL 10%,,61.00,
Producto: 108014A1 - R014 AL 1%,,,32.00,
Bodega: 6 - COLSABOR UNICA,,,32.00,
108014A1,R014 AL 1%,,32.00,
Producto: 108015A - R015 AL 10%,,,38.74,
Bodega: 6 - COLSABOR UNICA,,,38.74,
108015A,R015 AL 10%,,38.74,
Producto: 108017A1 - R017 AL 1%,,,63.00,
Bodega: 6 - COLSABOR UNICA,,,63.00,
108017A1,R017 AL 1%,,63.00,
Producto: 108018 - R018 AL 1%,,,61.95,
Bodega: 6 - COLSABOR UNICA,,,61.95,
108018,R018 AL 1%,,61.95,
Producto: 108018A - R018 AL 10%,,,29.00,
Bodega: 6 - COLSABOR UNICA,,,29.00,
108018A,R018 AL 10%,,29.00,
Producto: 108020 - R020 AL 10%,,,"17,852.81",
Bodega: 6 - COLSABOR UNICA,,,"17,852.81",
108020,R020 AL 10%,,"17,852.81",
Producto: 108021A - R021 AL 10%,,,25.01,
Bodega: 6 - COLSABOR UNICA,,,25.01,
108021A,R021 AL 10%,,25.01,
Producto: 108022A - R022 AL 10 %,,,397.63,
Bodega: 6 - COLSABOR UNICA,,,397.63,
108022A,R022 AL 10 %,,397.63,
Producto: 108024A - R024 AL 10%,,,24.00,
Bodega: 6 - COLSABOR UNICA,,,24.00,
108024A,R024 AL 10%,,24.00,
Producto: 108025A1 - R025 AL 1%,,,180.98,
Bodega: 6 - COLSABOR UNICA,,,180.98,
108025A1,R025 AL 1%,,180.98,
Producto: 108030A - R030 AL 10%,,,330.07,
Bodega: 6 - COLSABOR UNICA,,,330.07,
108030A,R030 AL 10%,,330.07,
Producto: 108031A - R031 AL 10%,,,246.45,
Bodega: 6 - COLSABOR UNICA,,,246.45,
108031A,R031 AL 10%,,246.45,
Producto: 108032A1 - R032 AL 1%,,,25.00,
Bodega: 6 - COLSABOR UNICA,,,25.00,
108032A1,R032 AL 1%,,25.00,
Producto: 108033A - R033 AL 10%,,,381.04,
Bodega: 6 - COLSABOR UNICA,,,381.04,
108033A,R033 AL 10%,,381.04,
Producto: 108034A - R034 AL 10%,,,32.00,
Bodega: 5 - BODEGA 5,,,32.00,
108034A,R034 AL 10%,,32.00,
Producto: 108035A - R035 AL 10%,,,31.00,
Bodega: 6 - COLSABOR UNICA,,,31.00,
108035A,R035 AL 10%,,31.00,
Producto: 108035A5 - R035 AL 50,,,"7,702.13",
Bodega: 6 - COLSABOR UNICA,,,"7,702.13",
108035A5,R035 AL 50,,"7,702.13",
Producto: 108039A - R039 AL 10%,,,612.00,
Bodega: 6 - COLSABOR UNICA,,,612.00,
108039A,R039 AL 10%,,612.00,
Producto: 108042A - R042 AL 10%,,,250.86,
Bodega: 6 - COLSABOR UNICA,,,250.86,
108042A,R042 AL 10%,,250.86,
Producto: 108043A - R043 AL 10%,,,543.14,
Bodega: 6 - COLSABOR UNICA,,,543.14,
108043A,R043 AL 10%,,543.14,
Producto: 108048A - R048 AL 10%,,,343.83,
Bodega: 6 - COLSABOR UNICA,,,343.83,
108048A,R048 AL 10%,,343.83,
Producto: 108050A - R050 AL 10%,,,130.00,
Bodega: 6 - COLSABOR UNICA,,,130.00,
108050A,R050 AL 10%,,130.00,
Producto: 108051A - R051 AL 10%,,,36.00,
Bodega: 6 - COLSABOR UNICA,,,36.00,
108051A,R051 AL 10%,,36.00,
Producto: 108053A - R053 AL 10%,,,332.00,
Bodega: 6 - COLSABOR UNICA,,,332.00,
108053A,R053 AL 10%,,332.00,
Producto: 108054A - R054 AL 10%,,,24.00,
Bodega: 6 - COLSABOR UNICA,,,24.00,
108054A,R054 AL 10%,,24.00,
Producto: 108054A1 - R054 AL 1%,,,55.00,
Bodega: 6 - COLSABOR UNICA,,,55.00,
108054A1,R054 AL 1%,,55.00,
Producto: 108055A001 - R055 AL 0.01%,,,15.00,
Bodega: 6 - COLSABOR UNICA,,,15.00,
108055A001,R055 AL 0.01%,,15.00,
"Producto: 108055A01 - R055 AL 0,1%",,,428.29,
Bodega: 6 - COLSABOR UNICA,,,428.29,
108055A01,"R055 AL 0,1%",,428.29,
Producto: 108055A1 - R055 AL 1%,,,378.00,
Bodega: 6 - COLSABOR UNICA,,,378.00,
108055A1,R055 AL 1%,,378.00,
Producto: 108058A - R058 AL 10%,,,192.00,
Bodega: 6 - COLSABOR UNICA,,,192.00,
108058A,R058 AL 10%,,192.00,
Producto: 108059A - R059 AL 10%,,,213.00,
Bodega: 6 - COLSABOR UNICA,,,213.00,
108059A,R059 AL 10%,,213.00,
Producto: 108060A - R060 AL 10%,,,43.00,
Bodega: 6 - COLSABOR UNICA,,,43.00,
108060A,R060 AL 10%,,43.00,
Producto: 108062 - R062 AL 10%,,,138.40,
Bodega: 6 - COLSABOR UNICA,,,138.40,
108062,R062 AL 10%,,138.40,
"Producto: 108062A01 - R062 AL 0,1%",,,7.06,
Bodega: 6 - COLSABOR UNICA,,,7.06,
108062A01,"R062 AL 0,1%",,7.06,
Producto: 108062A1 - R062 AL 1%,,,51.00,
Bodega: 6 - COLSABOR UNICA,,,51.00,
108062A1,R062 AL 1%,,51.00,
Producto: 108065A50 - R065 AL 50%,,,"17,850.00",
Bodega: 6 - COLSABOR UNICA,,,"17,850.00",
108065A50,R065 AL 50%,,"17,850.00",
Producto: 108066A - R066 AL 10%,,,33.00,
Bodega: 6 - COLSABOR UNICA,,,33.00,
108066A,R066 AL 10%,,33.00,
Producto: 108068A - R068 AL 10%,,,35.00,
Bodega: 6 - COLSABOR UNICA,,,35.00,
108068A,R068 AL 10%,,35.00,
Producto: 108072A5 - R072 AL 50%,,,309.00,
Bodega: 6 - COLSABOR UNICA,,,309.00,
108072A5,R072 AL 50%,,309.00,
Producto: 108079A - R079 AL 10%,,,171.00,
Bodega: 6 - COLSABOR UNICA,,,171.00,
108079A,R079 AL 10%,,171.00,
"Producto: 108079A01 - R079 AL 0,1%",,,311.00,
Bodega: 6 - COLSABOR UNICA,,,311.00,
108079A01,"R079 AL 0,1%",,311.00,
Producto: 108079A1 - R079 AL 1%,,,204.00,
Bodega: 6 - COLSABOR UNICA,,,204.00,
108079A1,R079 AL 1%,,204.00,
Producto: 108081A - R081 AL 10%,,,148.00,
Bodega: 6 - COLSABOR UNICA,,,148.00,
108081A,R081 AL 10%,,148.00,
Producto: 108082A - R082 AL 10%,,,765.00,
Bodega: 6 - COLSABOR UNICA,,,765.00,
108082A,R082 AL 10%,,765.00,
Producto: 108087A - R087 AL 10%,,,302.03,
Bodega: 6 - COLSABOR UNICA,,,302.03,
108087A,R087 AL 10%,,302.03,
Producto: 108087A1 - R087 AL 1%,,,192.00,
Bodega: 6 - COLSABOR UNICA,,,192.00,
108087A1,R087 AL 1%,,192.00,
Producto: 108094A - R094 AL 10%,,,44.00,
Bodega: 6 - COLSABOR UNICA,,,44.00,
108094A,R094 AL 10%,,44.00,
Producto: 108094A1 - R094 AL 1%,,,11.00,
Bodega: 6 - COLSABOR UNICA,,,11.00,
108094A1,R094 AL 1%,,11.00,
Producto: 108095A - R095 AL 10%,,,67.00,
Bodega: 6 - COLSABOR UNICA,,,67.00,
108095A,R095 AL 10%,,67.00,
Producto: 108099A - R099 AL 10%,,,58.01,
Bodega: 6 - COLSABOR UNICA,,,58.01,
108099A,R099 AL 10%,,58.01,
Producto: 108100A1 - R100 AL 1%,,,195.00,
Bodega: 6 - COLSABOR UNICA,,,195.00,
108100A1,R100 AL 1%,,195.00,
Producto: 108101A - R101 AL 10%,,,323.00,
Bodega: 6 - COLSABOR UNICA,,,323.00,
108101A,R101 AL 10%,,323.00,
Producto: 108101A1 - R101 AL 1%,,,178.00,
Bodega: 6 - COLSABOR UNICA,,,178.00,
108101A1,R101 AL 1%,,178.00,
Producto: 108102A - R102 AL 10%,,,31.00,
Bodega: 6 - COLSABOR UNICA,,,31.00,
108102A,R102 AL 10%,,31.00,
Producto: 108106A - R106 AL 10%,,,-8.98,
Bodega: 6 - COLSABOR UNICA,,,-8.98,
108106A,R106 AL 10%,,-8.98,
Producto: 108111A - R111 AL 10%,,,370.00,
Bodega: 6 - COLSABOR UNICA,,,370.00,
108111A,R111 AL 10%,,370.00,
Producto: 108117A - R117 AL 10%,,,120.00,
Bodega: 6 - COLSABOR UNICA,,,120.00,
108117A,R117 AL 10%,,120.00,
Producto: 108118A - R118 AL 10%,,,7.01,
Bodega: 6 - COLSABOR UNICA,,,7.01,
108118A,R118 AL 10%,,7.01,
Producto: 108120A - R120 AL 10%,,,226.01,
Bodega: 6 - COLSABOR UNICA,,,226.01,
108120A,R120 AL 10%,,226.01,
Producto: 108121A - R121 AL 10%,,,637.83,
Bodega: 6 - COLSABOR UNICA,,,637.83,
108121A,R121 AL 10%,,637.83,
Producto: 108121A1 - R121 AL 1%,,,270.17,
Bodega: 6 - COLSABOR UNICA,,,270.17,
108121A1,R121 AL 1%,,270.17,
Producto: 108122A - R122 AL 10%,,,235.00,
Bodega: 6 - COLSABOR UNICA,,,235.00,
108122A,R122 AL 10%,,235.00,
Producto: 108122A1 - R122 AL 1%,,,125.00,
Bodega: 6 - COLSABOR UNICA,,,125.00,
108122A1,R122 AL 1%,,125.00,
Producto: 108125A - R125 AL 10,,,"19,000.00",
Bodega: 6 - COLSABOR UNICA,,,"19,000.00",
108125A,R125 AL 10,,"19,000.00",
Producto: 108126A - R126 AL 10%,,,88.00,
Bodega: 6 - COLSABOR UNICA,,,88.00,
108126A,R126 AL 10%,,88.00,
Producto: 108132A - R132 AL 10%,,,-4.51,
Bodega: 6 - COLSABOR UNICA,,,-4.51,
108132A,R132 AL 10%,,-4.51,
Producto: 108133A - R133 AL 10%,,,38.00,
Bodega: 6 - COLSABOR UNICA,,,38.00,
108133A,R133 AL 10%,,38.00,
"Producto: 108133A01 - R133 AL 0,1%",,,502.00,
Bodega: 6 - COLSABOR UNICA,,,502.00,
108133A01,"R133 AL 0,1%",,502.00,
Producto: 108134A - R134 AL 10%,,,75.00,
Bodega: 6 - COLSABOR UNICA,,,75.00,
108134A,R134 AL 10%,,75.00,
Producto: 108135A - R135 AL 10%,,,250.68,
Bodega: 6 - COLSABOR UNICA,,,250.68,
108135A,R135 AL 10%,,250.68,
Producto: 108135A1 - R135 AL 1%,,,-2.09,
Bodega: 6 - COLSABOR UNICA,,,-2.09,
108135A1,R135 AL 1%,,-2.09,
Producto: 108136A - R136 AL 10%,,,0.86,
Bodega: 6 - COLSABOR UNICA,,,0.86,
108136A,R136 AL 10%,,0.86,
Producto: 108137A - R137 AL 10%,,,23.00,
Bodega: 6 - COLSABOR UNICA,,,23.00,
108137A,R137 AL 10%,,23.00,
Producto: 108138A - R138 AL 10%,,,3.01,
Bodega: 6 - COLSABOR UNICA,,,3.01,
108138A,R138 AL 10%,,3.01,
Producto: 108139A - R139 AL 10%,,,"1,353.00",
Bodega: 6 - COLSABOR UNICA,,,"1,353.00",
108139A,R139 AL 10%,,"1,353.00",
Producto: 108140A - R140 AL 10%,,,48.00,
Bodega: 6 - COLSABOR UNICA,,,48.00,
108140A,R140 AL 10%,,48.00,
Producto: 108141A - R141 AL 10%,,,2.01,
Bodega: 6 - COLSABOR UNICA,,,2.01,
108141A,R141 AL 10%,,2.01,
Producto: 108141A1 - R141 AL 1%,,,214.00,
Bodega: 6 - COLSABOR UNICA,,,214.00,
108141A1,R141 AL 1%,,214.00,
Producto: 108142A - R142 AL 10%,,,816.00,
Bodega: 6 - COLSABOR UNICA,,,816.00,
108142A,R142 AL 10%,,816.00,
Producto: 108143A - R143 AL 10%,,,219.00,
Bodega: 6 - COLSABOR UNICA,,,219.00,
108143A,R143 AL 10%,,219.00,
Producto: 108144A - R144 AL 10%,,,40.00,
Bodega: 6 - COLSABOR UNICA,,,40.00,
108144A,R144 AL 10%,,40.00,
Producto: 108149A - R149 AL 10%,,,107.00,
Bodega: 6 - COLSABOR UNICA,,,107.00,
108149A,R149 AL 10%,,107.00,
Producto: 108149A1 - R149 AL 1%,,,107.00,
Bodega: 6 - COLSABOR UNICA,,,107.00,
108149A1,R149 AL 1%,,107.00,
Producto: 108151A - R151 AL 10%,,,430.00,
Bodega: 6 - COLSABOR UNICA,,,430.00,
108151A,R151 AL 10%,,430.00,
Producto: 108152A - R152 AL 10%,,,706.00,
Bodega: 6 - COLSABOR UNICA,,,706.00,
108152A,R152 AL 10%,,706.00,
Producto: 108152A1 - R152 AL 1%,,,-1.01,
Bodega: 6 - COLSABOR UNICA,,,-1.01,
108152A1,R152 AL 1%,,-1.01,
Producto: 108154A - R154 AL 10%,,,11.00,
Bodega: 6 - COLSABOR UNICA,,,11.00,
108154A,R154 AL 10%,,11.00,
Producto: 108154A1 - R154 AL 1%,,,347.28,
Bodega: 6 - COLSABOR UNICA,,,347.28,
108154A1,R154 AL 1%,,347.28,
Producto: 108154A50 - R154 AL 50%,,,-0.02,
Bodega: 6 - COLSABOR UNICA,,,-0.02,
108154A50,R154 AL 50%,,-0.02,
Producto: 108157A - R157 AL 10%,,,13.00,
Bodega: 6 - COLSABOR UNICA,,,13.00,
108157A,R157 AL 10%,,13.00,
Producto: 108158A - R158 AL 10%,,,165.00,
Bodega: 6 - COLSABOR UNICA,,,165.00,
108158A,R158 AL 10%,,165.00,
Producto: 108158A1 - R158 AL 1%,,,95.00,
Bodega: 6 - COLSABOR UNICA,,,95.00,
108158A1,R158 AL 1%,,95.00,
Producto: 108159A - R159 AL 10%,,,157.00,
Bodega: 6 - COLSABOR UNICA,,,157.00,
108159A,R159 AL 10%,,157.00,
Producto: 108159A1 - R159 AL 1%,,,351.00,
Bodega: 6 - COLSABOR UNICA,,,351.00,
108159A1,R159 AL 1%,,351.00,
Producto: 108160A - R160 AL 10%,,,63.00,
Bodega: 6 - COLSABOR UNICA,,,63.00,
108160A,R160 AL 10%,,63.00,
Producto: 108168A - R168 AL 10%,,,247.00,
Bodega: 6 - COLSABOR UNICA,,,247.00,
108168A,R168 AL 10%,,247.00,
Producto: 108169A - R169 AL 10%,,,"1,508.00",
Bodega: 6 - COLSABOR UNICA,,,"1,508.00",
108169A,R169 AL 10%,,"1,508.00",
Producto: 108172A - R172 LA 10%,,,-0.70,
Bodega: 6 - COLSABOR UNICA,,,-0.70,
108172A,R172 LA 10%,,-0.70,
Producto: 108175A1 - R175 AL 1%,,,36.02,
Bodega: 6 - COLSABOR UNICA,,,36.02,
108175A1,R175 AL 1%,,36.02,
Producto: 108176A - R176 AL 10%,,,315.91,
Bodega: 6 - COLSABOR UNICA,,,315.91,
108176A,R176 AL 10%,,315.91,
Producto: 108176A1 - R176 AL 1%,,,25.00,
Bodega: 6 - COLSABOR UNICA,,,25.00,
108176A1,R176 AL 1%,,25.00,
Producto: 108178A - R178 AL 10%,,,260.00,
Bodega: 6 - COLSABOR UNICA,,,260.00,
108178A,R178 AL 10%,,260.00,
Producto: 108178A1 - R178 AL 1%,,,130.00,
Bodega: 6 - COLSABOR UNICA,,,130.00,
108178A1,R178 AL 1%,,130.00,
Producto: 108179A - R179 AL 10%,,,"1,159.00",
Bodega: 6 - COLSABOR UNICA,,,"1,159.00",
108179A,R179 AL 10%,,"1,159.00",
Producto: 108179A1 - R179 AL 1%,,,45.00,
Bodega: 6 - COLSABOR UNICA,,,45.00,
108179A1,R179 AL 1%,,45.00,
Producto: 108180A - R180 AL 10%,,,252.00,
Bodega: 6 - COLSABOR UNICA,,,252.00,
108180A,R180 AL 10%,,252.00,
Producto: 108192A - R192 AL 10%,,,"4,708.00",
Bodega: 6 - COLSABOR UNICA,,,"4,708.00",
108192A,R192 AL 10%,,"4,708.00",
Producto: 108192A1 - R192 AL 1%,,,3.55,
Bodega: 6 - COLSABOR UNICA,,,3.55,
108192A1,R192 AL 1%,,3.55,
Producto: 108195A - R195 AL 10%,,,125.00,
Bodega: 5 - BODEGA 5,,,133.00,
108195A,R195 AL 10%,,133.00,
Bodega: 6 - COLSABOR UNICA,,,-8.00,
108195A,R195 AL 10%,,-8.00,
Producto: 108195A1 - R195 AL 1%,,,0.02,
Bodega: 6 - COLSABOR UNICA,,,0.02,
108195A1,R195 AL 1%,,0.02,
"Producto: 108197A01 - R197 AL 0,1%",,,33.97,
Bodega: 6 - COLSABOR UNICA,,,33.97,
108197A01,"R197 AL 0,1%",,33.97,
Producto: 108197A1 - R197 AL 1%,,,15.00,
Bodega: 6 - COLSABOR UNICA,,,15.00,
108197A1,R197 AL 1%,,15.00,
Producto: 108199CA - R199CA AL 10%,,,354.98,
Bodega: 6 - COLSABOR UNICA,,,354.98,
108199CA,R199CA AL 10%,,354.98,
Producto: 108204A1 - R204 AL 1%,,,641.00,
Bodega: 6 - COLSABOR UNICA,,,641.00,
108204A1,R204 AL 1%,,641.00,
Producto: 108204P - R204 PURO,,,"6,000.09",
Bodega: 6 - COLSABOR UNICA,,,"6,000.09",
108204P,R204 PURO,,"6,000.09",
Producto: 108205A - R205 AL 10%,,,105.00,
Bodega: 6 - COLSABOR UNICA,,,105.00,
108205A,R205 AL 10%,,105.00,
Producto: 108206 - R206 AL 10%,,,332.00,
Bodega: 6 - COLSABOR UNICA,,,332.00,
108206,R206 AL 10%,,332.00,
Producto: 108207A - R207 AL 10%,,,98.75,
Bodega: 6 - COLSABOR UNICA,,,98.75,
108207A,R207 AL 10%,,98.75,
Producto: 108207A1 - R207 AL 1%,,,308.00,
Bodega: 6 - COLSABOR UNICA,,,308.00,
108207A1,R207 AL 1%,,308.00,
Producto: 108210A - R210 AL 10%,,,113.00,
Bodega: 6 - COLSABOR UNICA,,,113.00,
108210A,R210 AL 10%,,113.00,
Producto: 108211A - R211 AL 10%,,,14.00,
Bodega: 6 - COLSABOR UNICA,,,14.00,
108211A,R211 AL 10%,,14.00,
Producto: 108220A - R220 AL 10%,,,10.00,
Bodega: 6 - COLSABOR UNICA,,,10.00,
108220A,R220 AL 10%,,10.00,
Producto: 108221A - R221 AL 10%,,,46.00,
Bodega: 6 - COLSABOR UNICA,,,46.00,
108221A,R221 AL 10%,,46.00,
Producto: 108226A - R226 AL 10%,,,18.00,
Bodega: 6 - COLSABOR UNICA,,,18.00,
108226A,R226 AL 10%,,18.00,
Producto: 108227A - R227 AL 10%,,,5.00,
Bodega: 6 - COLSABOR UNICA,,,5.00,
108227A,R227 AL 10%,,5.00,
Producto: 108227A1 - R227 AL 1%,,,328.13,
Bodega: 6 - COLSABOR UNICA,,,328.13,
108227A1,R227 AL 1%,,328.13,
Producto: 108229A5 - R229 AL 5%,,,"1,720.49",
Bodega: 6 - COLSABOR UNICA,,,"1,720.49",
108229A5,R229 AL 5%,,"1,720.49",
Producto: 108230A - R230 AL 10%,,,843.00,
Bodega: 6 - COLSABOR UNICA,,,843.00,
108230A,R230 AL 10%,,843.00,
Producto: 108230A20 - R230 AL 20%,,,"1,506.00",
Bodega: 6 - COLSABOR UNICA,,,"1,506.00",
108230A20,R230 AL 20%,,"1,506.00",
Producto: 108232A - R232 AL 10%,,,330.00,
Bodega: 6 - COLSABOR UNICA,,,330.00,
108232A,R232 AL 10%,,330.00,
Producto: 108232A1 - R232 AL 1%,,,29.00,
Bodega: 6 - COLSABOR UNICA,,,29.00,
108232A1,R232 AL 1%,,29.00,
Producto: 108240A - R240 AL 10%,,,343.75,
Bodega: 5 - BODEGA 5,,,343.75,
108240A,R240 AL 10%,,343.75,
Producto: 108240A1 - R240 AL 1%,,,10.00,
Bodega: 6 - COLSABOR UNICA,,,10.00,
108240A1,R240 AL 1%,,10.00,
Producto: 108241A - R241 AL 10%,,,333.00,
Bodega: 6 - COLSABOR UNICA,,,333.00,
108241A,R241 AL 10%,,333.00,
Producto: 108242A - R242 AL 10 %,,,64.00,
Bodega: 6 - COLSABOR UNICA,,,64.00,
108242A,R242 AL 10 %,,64.00,
Producto: 108242A1 - R242 AL 1%,,,98.11,
Bodega: 6 - COLSABOR UNICA,,,98.11,
108242A1,R242 AL 1%,,98.11,
Producto: 108248A - R248 AL 10%,,,5.00,
Bodega: 6 - COLSABOR UNICA,,,5.00,
108248A,R248 AL 10%,,5.00,
Producto: 108250A - R250 AL 10%,,,51.06,
Bodega: 6 - COLSABOR UNICA,,,51.06,
108250A,R250 AL 10%,,51.06,
Producto: 108251 - R251 AL 10%,,,178.00,
Bodega: 6 - COLSABOR UNICA,,,178.00,
108251,R251 AL 10%,,178.00,
Producto: 108255 - R255 AL 10%,,,24.00,
Bodega: 6 - COLSABOR UNICA,,,24.00,
108255,R255 AL 10%,,24.00,
Producto: 108256A - R256 AL 10%,,,96.03,
Bodega: 6 - COLSABOR UNICA,,,96.03,
108256A,R256 AL 10%,,96.03,
Producto: 108262 - R262 AL 10%,,,48.00,
Bodega: 6 - COLSABOR UNICA,,,48.00,
108262,R262 AL 10%,,48.00,
Producto: 10901 - SANDIA AROMA BASE X G.,,,482.00,
Bodega: 5 - BODEGA 5,,,482.00,
10901,SANDIA AROMA BASE X G.,,482.00,
Producto: 10902 - MELON AROMA BASE X G.,,,280.00,
Bodega: 5 - BODEGA 5,,,280.00,
10902,MELON AROMA BASE X G.,,280.00,
Producto: 10903 - LIMPIO AROMA X G.,,,372.00,
Bodega: 5 - BODEGA 5,,,372.00,
10903,LIMPIO AROMA X G.,,372.00,
Producto: 20101 - BIDON GARRAFA X 20 LTS.,,,271.30,
Bodega: 6 - COLSABOR UNICA,,,271.30,
20101,BIDON GARRAFA X 20 LTS.,,271.30,
Producto: 20102 - BIDON X 10 LTS.,,,256.00,
Bodega: 6 - COLSABOR UNICA,,,256.00,
20102,BIDON X 10 LTS.,,256.00,
Producto: 20103 - GARRAFA 4LT REDONDA. ESENCIAS,,,766.00,
Bodega: 6 - COLSABOR UNICA,,,766.00,
20103,GARRAFA 4LT REDONDA. ESENCIAS,,766.00,
Producto: 20104 - GARRAFA #  2 LT,,,108.00,
Bodega: 6 - COLSABOR UNICA,,,108.00,
20104,GARRAFA #  2 LT,,108.00,
Producto: 20105 - FRASCO X 500 CC COLSABOR,,,"4,743.00",
Bodega: 6 - COLSABOR UNICA,,,"4,743.00",
20105,FRASCO X 500 CC COLSABOR,,"4,743.00",
Producto: 20107 - FRASCO * 70 CC,,,"3,721.00",
Bodega: 6 - COLSABOR UNICA,,,"3,721.00",
20107,FRASCO * 70 CC,,"3,721.00",
Producto: 20109 - TAPA Y TAPON GARRAFA CUADRADA 2 Y 4 LITROS (40MM),,,962.50,
Bodega: 6 - COLSABOR UNICA,,,962.50,
20109,TAPA Y TAPON GARRAFA CUADRADA 2 Y 4 LITROS (40MM),,962.50,
Producto: 20110 - TARRO PLASTICO *80 G,,,371.00,
Bodega: 6 - COLSABOR UNICA,,,371.00,
20110,TARRO PLASTICO *80 G,,371.00,
Producto: 20111 - GOTERO X 14 CC,,,"5,273.00",
Bodega: 6 - COLSABOR UNICA,,,"5,273.00",
20111,GOTERO X 14 CC,,"5,273.00",
Producto: 20112 - GOTERO X 60 CC,,,"2,503.00",
Bodega: 6 - COLSABOR UNICA,,,"2,503.00",
20112,GOTERO X 60 CC,,"2,503.00",
Producto: 201135 - ENVASE  1/8 GLUCOSA Y COLORES POLVO  500G,,,285.00,
Bodega: 6 - COLSABOR UNICA,,,285.00,
201135,ENVASE  1/8 GLUCOSA Y COLORES POLVO  500G,,285.00,
Producto: 20115 - BOTELLA PET 750CC VINO,,,105.00,
Bodega: 6 - COLSABOR UNICA,,,105.00,
20115,BOTELLA PET 750CC VINO,,105.00,
Producto: 20116 - TARRINA X 370 CC (TARRO COLORES ECO)CON TAPA,,,-6.00,
Bodega: 6 - COLSABOR UNICA,,,-6.00,
20116,TARRINA X 370 CC (TARRO COLORES ECO)CON TAPA,,-6.00,
Producto: 20117 - FRASCO MUESTRAS ( ED3375AP264T ),,,"1,439.00",
Bodega: 6 - COLSABOR UNICA,,,"1,439.00",
20117,FRASCO MUESTRAS ( ED3375AP264T ),,"1,439.00",
Producto: 20118 - GARRAFA CUADRADA  4LT RECT. SABORES CONCENTRADOS,,,176.25,
Bodega: 6 - COLSABOR UNICA,,,176.25,
20118,GARRAFA CUADRADA  4LT RECT. SABORES CONCENTRADOS,,176.25,
Producto: 20120 - GARRAFA 1000CC ESENCIAS,,,251.00,
Bodega: 6 - COLSABOR UNICA,,,251.00,
20120,GARRAFA 1000CC ESENCIAS,,251.00,
Producto: 20121 - GARRAFA 2000 CC ESENCIAS,,,394.00,
Bodega: 6 - COLSABOR UNICA,,,394.00,
20121,GARRAFA 2000 CC ESENCIAS,,394.00,
Producto: 20123 - GARRAFA X 1 LITRO,,,344.00,
Bodega: 6 - COLSABOR UNICA,,,344.00,
20123,GARRAFA X 1 LITRO,,344.00,
Producto: 20125 - ENVASE 4000 CM3 PARA GLASS,,,176.00,
Bodega: 6 - COLSABOR UNICA,,,176.00,
20125,ENVASE 4000 CM3 PARA GLASS,,176.00,
Producto: 20131 - GOTERO 560 CC,,,169.00,
Bodega: 6 - COLSABOR UNICA,,,169.00,
20131,GOTERO 560 CC,,169.00,
Producto: 20132 - TAPA GOTERO X 560,,,46.00,
Bodega: 6 - COLSABOR UNICA,,,46.00,
20132,TAPA GOTERO X 560,,46.00,
Producto: 20135 - ETIQUETA GENERICA COLSABOR,,,"8,484.75",
Bodega: 6 - COLSABOR UNICA,,,"8,484.75",
20135,ETIQUETA GENERICA COLSABOR,,"8,484.75",
Producto: 20201 - TAPA FRASCOS 70CC-500CC (PARCO BLANCA),,,"26,720.00",
Bodega: 6 - COLSABOR UNICA,,,"26,720.00",
20201,TAPA FRASCOS 70CC-500CC (PARCO BLANCA),,"26,720.00",
Producto: 20204 - TAPA GOTERO EN COLORES ( 7C -60C ),,,"14,193.00",
Bodega: 6 - COLSABOR UNICA,,,"14,193.00",
20204,TAPA GOTERO EN COLORES ( 7C -60C ),,"14,193.00",
Producto: 20205 - TAPA Y TAPON GARRAFAS 3900 ML (ROSCA 40 MM),,,"1,205.00",
Bodega: 6 - COLSABOR UNICA,,,"1,205.00",
20205,TAPA Y TAPON GARRAFAS 3900 ML (ROSCA 40 MM),,"1,205.00",
Producto: 20207 - TAPA 38 MM ROJA,,,-390.00,
Bodega: 6 - COLSABOR UNICA,,,-390.00,
20207,TAPA 38 MM ROJA,,-390.00,
Producto: 20208 - TAPA Y TAPON BIDONES (ROSCA 57 MM)  20 LTS,,,269.80,
Bodega: 5 - BODEGA 5,,,-1.00,
20208,TAPA Y TAPON BIDONES (ROSCA 57 MM)  20 LTS,,-1.00,
Bodega: 6 - COLSABOR UNICA,,,270.80,
20208,TAPA Y TAPON BIDONES (ROSCA 57 MM)  20 LTS,,270.80,
Producto: 20209 - TAPA GARRAFA 1 Y 2 LTS (ROSCA DIAMETRO 32 MM),,,"1,080.00",
Bodega: 5 - BODEGA 5,,,-2.00,
20209,TAPA GARRAFA 1 Y 2 LTS (ROSCA DIAMETRO 32 MM),,-2.00,
Bodega: 6 - COLSABOR UNICA,,,"1,082.00",
20209,TAPA GARRAFA 1 Y 2 LTS (ROSCA DIAMETRO 32 MM),,"1,082.00",
Producto: 20210 - TAPA Y TAPON BIDONES 10 LTS (57MM),,,422.25,
Bodega: 6 - COLSABOR UNICA,,,422.25,
20210,TAPA Y TAPON BIDONES 10 LTS (57MM),,422.25,
Producto: 20212 - TAPA 38 MM 1000 Y 2000 CC,,,566.00,
Bodega: 6 - COLSABOR UNICA,,,566.00,
20212,TAPA 38 MM 1000 Y 2000 CC,,566.00,
Producto: 20214 - TAPA DE ENVASE 500G GLUCOSA,,,326.00,
Bodega: 6 - COLSABOR UNICA,,,326.00,
20214,TAPA DE ENVASE 500G GLUCOSA,,326.00,
Producto: 20229 - TAPA GOTERO X 350,,,-23.00,
Bodega: 6 - COLSABOR UNICA,,,-23.00,
20229,TAPA GOTERO X 350,,-23.00,
Producto: 20230 - TAPA FRASCO GLASS,,,78.00,
Bodega: 6 - COLSABOR UNICA,,,78.00,
20230,TAPA FRASCO GLASS,,78.00,
Producto: 20234 - TAPA SENCILLA R24 (MISSFLAVOR X 260),,,1.00,
Bodega: 6 - COLSABOR UNICA,,,1.00,
20234,TAPA SENCILLA R24 (MISSFLAVOR X 260),,1.00,
"Producto: 20301 - ETIQUETA COLSABOR ( GFA, 10 Y 20 LT )",,,"9,806.33",
Bodega: 6 - COLSABOR UNICA,,,"9,806.33",
20301,"ETIQUETA COLSABOR ( GFA, 10 Y 20 LT )",,"9,806.33",
Producto: 20302 - ETIQUETA FRASCO COLSABOR * 500,,,"10,838.00",
Bodega: 6 - COLSABOR UNICA,,,"10,838.00",
20302,ETIQUETA FRASCO COLSABOR * 500,,"10,838.00",
Producto: 20303 - ETIQUETA 70 CC COLSABOR,,,"8,425.00",
Bodega: 6 - COLSABOR UNICA,,,"8,425.00",
20303,ETIQUETA 70 CC COLSABOR,,"8,425.00",
Producto: 20315 - ETIQUETA COLORANTE 500 G ( TODOS ),,,"3,323.00",
Bodega: 6 - COLSABOR UNICA,,,"3,323.00",
20315,ETIQUETA COLORANTE 500 G ( TODOS ),,"3,323.00",
Producto: 20316 - ETIQUETA COLORANTES LIQUIDOS VARIOS,,,"12,479.36",
Bodega: 6 - COLSABOR UNICA,,,"12,479.36",
20316,ETIQUETA COLORANTES LIQUIDOS VARIOS,,"12,479.36",
Producto: 20317 - ETIQUETA GLASEADOS Y RELLENOS COLSABOR,,,"4,712.02",
Bodega: 6 - COLSABOR UNICA,,,"4,712.02",
20317,ETIQUETA GLASEADOS Y RELLENOS COLSABOR,,"4,712.02",
Producto: 20323 - ETIQUETA MISSFLAVOR GENERAL,,,-48.00,
Bodega: 6 - COLSABOR UNICA,,,-48.00,
20323,ETIQUETA MISSFLAVOR GENERAL,,-48.00,
Producto: 20329 - ETIQUETA NUEVA BAKERMAN X 500 CC,,,"10,109.00",
Bodega: 6 - COLSABOR UNICA,,,"10,109.00",
20329,ETIQUETA NUEVA BAKERMAN X 500 CC,,"10,109.00",
Producto: 20337 - ETIQUETA NUEVA BAKERMAN (2LT-4LT-10LT-20LT),,,"6,274.00",
Bodega: 6 - COLSABOR UNICA,,,"6,274.00",
20337,ETIQUETA NUEVA BAKERMAN (2LT-4LT-10LT-20LT),,"6,274.00",
Producto: 20338 - ETIQUETA NUEVA GLASSEADO BAKERMAN,,,"3,639.00",
Bodega: 6 - COLSABOR UNICA,,,"3,639.00",
20338,ETIQUETA NUEVA GLASSEADO BAKERMAN,,"3,639.00",
Producto: 20339 - ETIQUETA NUEVA MISSFLAVOR,,,"17,151.00",
Bodega: 6 - COLSABOR UNICA,,,"17,151.00",
20339,ETIQUETA NUEVA MISSFLAVOR,,"17,151.00",
Producto: 20350 - ETIQUETA BLANCA 150mm X 100mm GRANDE,,,"1,160.25",
Bodega: 6 - COLSABOR UNICA,,,"1,160.25",
20350,ETIQUETA BLANCA 150mm X 100mm GRANDE,,"1,160.25",
Producto: 20351 - ETIQUETA BLANCA 30 mmx 40 mm MANTILLA,,,"14,658.15",
Bodega: 6 - COLSABOR UNICA,,,"14,658.15",
20351,ETIQUETA BLANCA 30 mmx 40 mm MANTILLA,,"14,658.15",
Producto: 20401 - CAJA Nº 1 ( FRASCOS X 500 CC ),,,433.08,
Bodega: 5 - BODEGA 5,,,-1.00,
20401,CAJA Nº 1 ( FRASCOS X 500 CC ),,-1.00,
Bodega: 6 - COLSABOR UNICA,,,434.08,
20401,CAJA Nº 1 ( FRASCOS X 500 CC ),,434.08,
Producto: 20402 - CAJA N3,,,251.00,
Bodega: 6 - COLSABOR UNICA,,,251.00,
20402,CAJA N3,,251.00,
Producto: 20403 - AVISPEROS,,,550.00,
Bodega: 6 - COLSABOR UNICA,,,550.00,
20403,AVISPEROS,,550.00,
Producto: 20406 - CAJA DISPLAY COLSABOR ( TARRITOS X 70CC ),,,"2,868.65",
Bodega: 6 - COLSABOR UNICA,,,"2,868.65",
20406,CAJA DISPLAY COLSABOR ( TARRITOS X 70CC ),,"2,868.65",
Producto: 20407 - CAJA N° 4  PEQUEÑA,,,158.02,
Bodega: 6 - COLSABOR UNICA,,,158.02,
20407,CAJA N° 4  PEQUEÑA,,158.02,
Producto: 20418 - CAJA Nº 2B,,,583.50,
Bodega: 6 - COLSABOR UNICA,,,583.50,
20418,CAJA Nº 2B,,583.50,
Producto: 20420 - CAJA Nº 2,,,516.00,
Bodega: 6 - COLSABOR UNICA,,,516.00,
20420,CAJA Nº 2,,516.00,
Producto: 20500 - TERMOENCOGIBLE CAJA DISPLAY,,,"16,000.00",
Bodega: 6 - COLSABOR UNICA,,,"16,000.00",
20500,TERMOENCOGIBLE CAJA DISPLAY,,"16,000.00",
Producto: 20501 - TERMOENCOGIBLE 80 MM COLORES LIQUIDOS,,,"7,500.00",
Bodega: 6 - COLSABOR UNICA,,,"7,500.00",
20501,TERMOENCOGIBLE 80 MM COLORES LIQUIDOS,,"7,500.00",
Producto: 20502 - TERMOENCOGIBLE 150 MM  COLOR 500 GRS,,,"6,000.00",
Bodega: 6 - COLSABOR UNICA,,,"6,000.00",
20502,TERMOENCOGIBLE 150 MM  COLOR 500 GRS,,"6,000.00",
Producto: 20503 - TERMOENCOGIBLE GLASS 4.5KG,,,"7,839.00",
Bodega: 6 - COLSABOR UNICA,,,"7,839.00",
20503,TERMOENCOGIBLE GLASS 4.5KG,,"7,839.00",
Producto: 20507 - TUBULAR TRANSPARENTE,,,"20,002.06",
Bodega: 6 - COLSABOR UNICA,,,"20,002.06",
20507,TUBULAR TRANSPARENTE,,"20,002.06",
Producto: 20601 - BOLSA POLVO * 5 KG,,,"1,500.00",
Bodega: 6 - COLSABOR UNICA,,,"1,500.00",
20601,BOLSA POLVO * 5 KG,,"1,500.00",
"Producto: 20602 - BOLSA POLVOS * 2,5 KG",,,1.00,
Bodega: 6 - COLSABOR UNICA,,,1.00,
20602,"BOLSA POLVOS * 2,5 KG",,1.00,
Producto: 20604 - BOLSA POLVO * 1LB,,,1.00,
Bodega: 6 - COLSABOR UNICA,,,1.00,
20604,BOLSA POLVO * 1LB,,1.00,
"Producto: 20607 - BOLSA PARA SOLIDOS CON LOGO AZUCAR POLVO MEJOR * 2,5 KG",,,"3,976.00",
Bodega: 6 - COLSABOR UNICA,,,"3,976.00",
20607,"BOLSA PARA SOLIDOS CON LOGO AZUCAR POLVO MEJOR * 2,5 KG",,"3,976.00",
Producto: 20609 - BOLSA TRANSPARENTE 60 * 105 CMS,,,24.00,
Bodega: 6 - COLSABOR UNICA,,,24.00,
20609,BOLSA TRANSPARENTE 60 * 105 CMS,,24.00,
Producto: 20611 - BULTO 60X85 SIN IMPRESIÓN,,,201.00,
Bodega: 6 - COLSABOR UNICA,,,201.00,
20611,BULTO 60X85 SIN IMPRESIÓN,,201.00,
Producto: 20612 - BOLSA FLEX UP 13.3 X 21 TRANS. ( GLASS X LB ),,,465.00,
Bodega: 6 - COLSABOR UNICA,,,465.00,
20612,BOLSA FLEX UP 13.3 X 21 TRANS. ( GLASS X LB ),,465.00,
Producto: 20613 - BOLSA FLEX UP 16 X 24  TRANS ( GLASS X KG ),,,"1,176.00",
Bodega: 6 - COLSABOR UNICA,,,"1,176.00",
20613,BOLSA FLEX UP 16 X 24  TRANS ( GLASS X KG ),,"1,176.00",
Producto: 20616 - BOLSA ALUMINIZADA DE KG.,,,2.00,
Bodega: 6 - COLSABOR UNICA,,,2.00,
20616,BOLSA ALUMINIZADA DE KG.,,2.00,
Producto: 20618 - BOLSA ALUMINIZADA X LB.,,,2.00,
Bodega: 6 - COLSABOR UNICA,,,2.00,
20618,BOLSA ALUMINIZADA X LB.,,2.00,
Producto: 20619 - BOLSA ALUMINIZADA X 5 KG,,,1.00,
Bodega: 6 - COLSABOR UNICA,,,1.00,
20619,BOLSA ALUMINIZADA X 5 KG,,1.00,
Producto: 20620 - BOLSA PARA COLOR LOGO X 25 GMS,,,"135,801.00",
Bodega: 6 - COLSABOR UNICA,,,"135,801.00",
20620,BOLSA PARA COLOR LOGO X 25 GMS,,"135,801.00",
Producto: 20621 - BOLSA FLEX UP TRANS ( GLASS X 3.5 ),,,214.00,
Bodega: 6 - COLSABOR UNICA,,,214.00,
20621,BOLSA FLEX UP TRANS ( GLASS X 3.5 ),,214.00,
Producto: 20624 - BOLSA RELLENO SIN VALVULA X LB,,,254.00,
Bodega: 6 - COLSABOR UNICA,,,254.00,
20624,BOLSA RELLENO SIN VALVULA X LB,,254.00,
Producto: 20625 - BULTO SIN IMPRESION (50 X 85 CM),,,346.00,
Bodega: 6 - COLSABOR UNICA,,,346.00,
20625,BULTO SIN IMPRESION (50 X 85 CM),,346.00,
Producto: 20626 - BULTO SIN IMPRESION (40X60 CM),,,68.00,
Bodega: 6 - COLSABOR UNICA,,,68.00,
20626,BULTO SIN IMPRESION (40X60 CM),,68.00,
Producto: 30102 - ESENCIA COLSABOR AREQUIPE X 20 LT,,,2.00,
Bodega: 6 - COLSABOR UNICA,,,2.00,
30102,ESENCIA COLSABOR AREQUIPE X 20 LT,,2.00,
Producto: 30103 - ESENCIA COLSABOR BANANO X 20 LT,,,2.00,
Bodega: 6 - COLSABOR UNICA,,,2.00,
30103,ESENCIA COLSABOR BANANO X 20 LT,,2.00,
Producto: 30105 - ESENCIA COLSABOR COCO X 20 LT,,,2.00,
Bodega: 6 - COLSABOR UNICA,,,2.00,
30105,ESENCIA COLSABOR COCO X 20 LT,,2.00,
Producto: 30107 - ESENCIA COLSABOR MANTEQUILLA X 20 LT,,,16.00,
Bodega: 6 - COLSABOR UNICA,,,16.00,
30107,ESENCIA COLSABOR MANTEQUILLA X 20 LT,,16.00,
Producto: 30111 - ESENCIA COLSABOR PONQUE X 20 LT,,,3.00,
Bodega: 6 - COLSABOR UNICA,,,3.00,
30111,ESENCIA COLSABOR PONQUE X 20 LT,,3.00,
Producto: 30112 - ESENCIA COLSABOR QUESO X 20 LT,,,2.00,
Bodega: 6 - COLSABOR UNICA,,,2.00,
30112,ESENCIA COLSABOR QUESO X 20 LT,,2.00,
Producto: 30115 - ESENCIA COLSABOR VAINILLA NEGRA X 20 LT,,,6.00,
Bodega: 6 - COLSABOR UNICA,,,6.00,
30115,ESENCIA COLSABOR VAINILLA NEGRA X 20 LT,,6.00,
Producto: 30118 - ESENCIA COLSABOR CHOCOLATE X 20 LT.,,,2.00,
Bodega: 6 - COLSABOR UNICA,,,2.00,
30118,ESENCIA COLSABOR CHOCOLATE X 20 LT.,,2.00,
Producto: 30119 - ESENCIA COLSABOR LECHE CONDENSADA X 20 LTS,,,1.00,
Bodega: 6 - COLSABOR UNICA,,,1.00,
30119,ESENCIA COLSABOR LECHE CONDENSADA X 20 LTS,,1.00,
Producto: 30126 - ESENCIA COLSABOR GALLETA NEGRA X 25 KG.,,,5.00,
Bodega: 6 - COLSABOR UNICA,,,5.00,
30126,ESENCIA COLSABOR GALLETA NEGRA X 25 KG.,,5.00,
Producto: 30131 - ESENCIA COLSABOR MIEL X 20 LT,,,-1.00,
Bodega: Sin asignar,,,-1.00,
30131,ESENCIA COLSABOR MIEL X 20 LT,,-1.00,
Producto: 30137 - ESENCIA COLSABOR VAINILLA BLANCA TF X 20 LTS,,,1.00,
Bodega: 6 - COLSABOR UNICA,,,1.00,
30137,ESENCIA COLSABOR VAINILLA BLANCA TF X 20 LTS,,1.00,
Producto: 30201 - ESENCIA COLSABOR ALMENDRA X 3850 CC,,,2.00,
Bodega: 6 - COLSABOR UNICA,,,2.00,
30201,ESENCIA COLSABOR ALMENDRA X 3850 CC,,2.00,
Producto: 30202 - ESENCIA COLSABOR ANIS X 3850 CC,,,3.00,
Bodega: 6 - COLSABOR UNICA,,,3.00,
30202,ESENCIA COLSABOR ANIS X 3850 CC,,3.00,
Producto: 30203 - ESENCIA COLSABOR AREQUIPE X 3850 CC,,,7.00,
Bodega: 6 - COLSABOR UNICA,,,8.00,
30203,ESENCIA COLSABOR AREQUIPE X 3850 CC,,8.00,
Bodega: Sin asignar,,,-1.00,
30203,ESENCIA COLSABOR AREQUIPE X 3850 CC,,-1.00,
Producto: 30204 - ESENCIA COLSABOR BANANO X 3850 CC,,,3.00,
Bodega: 6 - COLSABOR UNICA,,,3.00,
30204,ESENCIA COLSABOR BANANO X 3850 CC,,3.00,
Producto: 30205 - ESENCIA COLSABOR BRANDY X 3850 CC,,,2.00,
Bodega: 6 - COLSABOR UNICA,,,2.00,
30205,ESENCIA COLSABOR BRANDY X 3850 CC,,2.00,
Producto: 30206 - ESENCIA COLSABOR CAFE X 3850 CC,,,1.00,
Bodega: 6 - COLSABOR UNICA,,,1.00,
30206,ESENCIA COLSABOR CAFE X 3850 CC,,1.00,
Producto: 30207 - ESENCIA COLSABOR CANELA X 3850 CC,,,4.00,
Bodega: 6 - COLSABOR UNICA,,,4.00,
30207,ESENCIA COLSABOR CANELA X 3850 CC,,4.00,
Producto: 30208 - ESENCIA COLSABOR CARAMELO X 3850 CC,,,3.00,
Bodega: 6 - COLSABOR UNICA,,,3.00,
30208,ESENCIA COLSABOR CARAMELO X 3850 CC,,3.00,
Producto: 30209 - ESENCIA COLSABOR CEREZA X 3850 CC,,,3.00,
Bodega: 6 - COLSABOR UNICA,,,3.00,
30209,ESENCIA COLSABOR CEREZA X 3850 CC,,3.00,
Producto: 30210 - ESENCIA COLSABOR CLAVO DE OLOR X 3850 CC,,,1.00,
Bodega: 6 - COLSABOR UNICA,,,1.00,
30210,ESENCIA COLSABOR CLAVO DE OLOR X 3850 CC,,1.00,
Producto: 30211 - ESENCIA COLSABOR COCO X 3850 CC,,,17.00,
Bodega: 6 - COLSABOR UNICA,,,17.00,
30211,ESENCIA COLSABOR COCO X 3850 CC,,17.00,
Producto: 30212 - ESENCIA COLSABOR KOLA ROJA X 3850 CC,,,4.00,
Bodega: 6 - COLSABOR UNICA,,,4.00,
30212,ESENCIA COLSABOR KOLA ROJA X 3850 CC,,4.00,
Producto: 30213 - ESENCIA COLSABOR CHICLE X 3850 CC,,,5.00,
Bodega: 6 - COLSABOR UNICA,,,5.00,
30213,ESENCIA COLSABOR CHICLE X 3850 CC,,5.00,
Producto: 30214 - ESENCIA COLSABOR CHOCOLATE X 3850 CC,,,9.00,
Bodega: 6 - COLSABOR UNICA,,,9.00,
30214,ESENCIA COLSABOR CHOCOLATE X 3850 CC,,9.00,
Producto: 30216 - ESENCIA COLSABOR FRAMBUESA X 3850 CC,,,1.00,
Bodega: 6 - COLSABOR UNICA,,,1.00,
30216,ESENCIA COLSABOR FRAMBUESA X 3850 CC,,1.00,
Producto: 30218 - ESENCIA COLSABOR GUANABANA X 3850 CC,,,1.00,
Bodega: 6 - COLSABOR UNICA,,,1.00,
30218,ESENCIA COLSABOR GUANABANA X 3850 CC,,1.00,
Producto: 30220 - ESENCIA COLSABOR LECHE CONDENSADA X 3850 CC,,,9.00,
Bodega: 6 - COLSABOR UNICA,,,9.00,
30220,ESENCIA COLSABOR LECHE CONDENSADA X 3850 CC,,9.00,
Producto: 30221 - ESENCIA COLSABOR LIMON X 3850 CC,,,1.00,
Bodega: 6 - COLSABOR UNICA,,,1.00,
30221,ESENCIA COLSABOR LIMON X 3850 CC,,1.00,
Producto: 30222 - ESENCIA COLSABOR MENTA X 3850 CC,,,1.00,
Bodega: 6 - COLSABOR UNICA,,,1.00,
30222,ESENCIA COLSABOR MENTA X 3850 CC,,1.00,
Producto: 30223 - ESENCIA COLSABOR MANGO X 3850 CC,,,3.00,
Bodega: 6 - COLSABOR UNICA,,,3.00,
30223,ESENCIA COLSABOR MANGO X 3850 CC,,3.00,
Producto: 30224 - ESENCIA COLSABOR MANI X 3850 CC,,,4.00,
Bodega: 6 - COLSABOR UNICA,,,4.00,
30224,ESENCIA COLSABOR MANI X 3850 CC,,4.00,
Producto: 30225 - ESENCIA COLSABOR MANTECADO X 3850 CC,,,9.00,
Bodega: 6 - COLSABOR UNICA,,,9.00,
30225,ESENCIA COLSABOR MANTECADO X 3850 CC,,9.00,
Producto: 30226 - ESENCIA COLSABOR MANTEQUILLA X 3850 CC,,,9.00,
Bodega: 6 - COLSABOR UNICA,,,9.00,
30226,ESENCIA COLSABOR MANTEQUILLA X 3850 CC,,9.00,
Producto: 30227 - ESENCIA COLSABOR MANZANA ROJA X 3850 CC,,,1.00,
Bodega: 6 - COLSABOR UNICA,,,1.00,
30227,ESENCIA COLSABOR MANZANA ROJA X 3850 CC,,1.00,
Producto: 30228 - ESENCIA COLSABOR MANZANA VERDE X 3850 CC,,,8.00,
Bodega: 6 - COLSABOR UNICA,,,8.00,
30228,ESENCIA COLSABOR MANZANA VERDE X 3850 CC,,8.00,
Producto: 30230 - ESENCIA COLSABOR MANDARINA X 3850 CC,,,2.00,
Bodega: 6 - COLSABOR UNICA,,,2.00,
30230,ESENCIA COLSABOR MANDARINA X 3850 CC,,2.00,
Producto: 30231 - ESENCIA COLSABOR MIEL X 3850 CC,,,3.00,
Bodega: 6 - COLSABOR UNICA,,,3.00,
30231,ESENCIA COLSABOR MIEL X 3850 CC,,3.00,
Producto: 30233 - ESENCIA COLSABOR NARANJA X 3850 CC,,,5.00,
Bodega: 6 - COLSABOR UNICA,,,5.00,
30233,ESENCIA COLSABOR NARANJA X 3850 CC,,5.00,
Producto: 30234 - ESENCIA COLSABOR MARGARINA X 3850 CC,,,1.00,
Bodega: 6 - COLSABOR UNICA,,,1.00,
30234,ESENCIA COLSABOR MARGARINA X 3850 CC,,1.00,
Producto: 30235 - ESENCIA COLSABOR NUEZ MOSCADA X 3850 CC,,,4.00,
Bodega: 6 - COLSABOR UNICA,,,4.00,
30235,ESENCIA COLSABOR NUEZ MOSCADA X 3850 CC,,4.00,
Producto: 30236 - ESENCIA COLSABOR PANETON X 3850 CC,,,10.00,
Bodega: 6 - COLSABOR UNICA,,,10.00,
30236,ESENCIA COLSABOR PANETON X 3850 CC,,10.00,
Producto: 30237 - ESENCIA COLSABOR PIÑA X 3850 CC,,,9.00,
Bodega: 6 - COLSABOR UNICA,,,9.00,
30237,ESENCIA COLSABOR PIÑA X 3850 CC,,9.00,
Producto: 30238 - ESENCIA COLSABOR PONQUE X 3850 CC,,,4.00,
Bodega: 6 - COLSABOR UNICA,,,4.00,
30238,ESENCIA COLSABOR PONQUE X 3850 CC,,4.00,
Producto: 30239 - ESENCIA COLSABOR QUESO X 3850 CC,,,32.00,
Bodega: 6 - COLSABOR UNICA,,,32.00,
30239,ESENCIA COLSABOR QUESO X 3850 CC,,32.00,
Producto: 30240 - ESENCIA COLSABOR RON ROYALE X 3850 CC,,,1.00,
Bodega: 6 - COLSABOR UNICA,,,1.00,
30240,ESENCIA COLSABOR RON ROYALE X 3850 CC,,1.00,
Producto: 30241 - ESENCIA COLSABOR RON CON PASAS X 3850 CC,,,2.00,
Bodega: 6 - COLSABOR UNICA,,,2.00,
30241,ESENCIA COLSABOR RON CON PASAS X 3850 CC,,2.00,
Producto: 30243 - ESENCIA COLSABOR TUTTI FRUTI X 3850 CC,,,2.00,
Bodega: 6 - COLSABOR UNICA,,,2.00,
30243,ESENCIA COLSABOR TUTTI FRUTI X 3850 CC,,2.00,
Producto: 30244 - ESENCIA COLSABOR UVA X 3850 CC,,,3.00,
Bodega: 6 - COLSABOR UNICA,,,3.00,
30244,ESENCIA COLSABOR UVA X 3850 CC,,3.00,
Producto: 30247 - ESENCIA COLSABOR VINO X 3850 CC,,,2.00,
Bodega: 6 - COLSABOR UNICA,,,2.00,
30247,ESENCIA COLSABOR VINO X 3850 CC,,2.00,
Producto: 30248 - ESENCIA COLSABOR CREMA DE LECHE X 3850 CC,,,4.00,
Bodega: 6 - COLSABOR UNICA,,,4.00,
30248,ESENCIA COLSABOR CREMA DE LECHE X 3850 CC,,4.00,
Producto: 30250 - ESENCIA COLSABOR PISTACHO X 3850 CC,,,5.00,
Bodega: 6 - COLSABOR UNICA,,,5.00,
30250,ESENCIA COLSABOR PISTACHO X 3850 CC,,5.00,
Producto: 30251 - ESENCIA COLSABOR SANDIA X 3850 CC,,,1.00,
Bodega: 6 - COLSABOR UNICA,,,1.00,
30251,ESENCIA COLSABOR SANDIA X 3850 CC,,1.00,
Producto: 30252 - ESENCIA COLSABOR AMARETTO X 3850 CC,,,1.00,
Bodega: 6 - COLSABOR UNICA,,,1.00,
30252,ESENCIA COLSABOR AMARETTO X 3850 CC,,1.00,
Producto: 30253 - ESENCIA COLSABOR MELOCOTON X 3850 CC,,,9.62,
Bodega: 6 - COLSABOR UNICA,,,9.62,
30253,ESENCIA COLSABOR MELOCOTON X 3850 CC,,9.62,
Producto: 30254 - ESENCIA COLSABOR RON X 3850 CC,,,7.00,
Bodega: 6 - COLSABOR UNICA,,,7.00,
30254,ESENCIA COLSABOR RON X 3850 CC,,7.00,
Producto: 30255 - ESENCIA COLSABOR NATA X 3850 CC,,,9.00,
Bodega: 6 - COLSABOR UNICA,,,9.00,
30255,ESENCIA COLSABOR NATA X 3850 CC,,9.00,
Producto: 30257 - ESENCIA COLSABOR LECHE X 3.850 CC,,,1.00,
Bodega: 6 - COLSABOR UNICA,,,1.00,
30257,ESENCIA COLSABOR LECHE X 3.850 CC,,1.00,
Producto: 30258 - ESENCIA COLSABOR TIRAMISU X 3850 CC.,,,2.00,
Bodega: 6 - COLSABOR UNICA,,,2.00,
30258,ESENCIA COLSABOR TIRAMISU X 3850 CC.,,2.00,
Producto: 30261 - ESENCIA COLSABOR KIWI X 3850 CC,,,1.00,
Bodega: 6 - COLSABOR UNICA,,,1.00,
30261,ESENCIA COLSABOR KIWI X 3850 CC,,1.00,
Producto: 30262 - ESENCIA COLSABOR LULO X 3850 CC,,,2.00,
Bodega: 6 - COLSABOR UNICA,,,2.00,
30262,ESENCIA COLSABOR LULO X 3850 CC,,2.00,
Producto: 30263 - ESENCIA COLSABOR VAINILLA BLANCA GOURMET X 3850 CC,,,-4.00,
Bodega: 6 - COLSABOR UNICA,,,-4.00,
30263,ESENCIA COLSABOR VAINILLA BLANCA GOURMET X 3850 CC,,-4.00,
Producto: 30265 - ESENCIA COLSABOR PIÑA COLADA X 3850 CC,,,2.00,
Bodega: 6 - COLSABOR UNICA,,,2.00,
30265,ESENCIA COLSABOR PIÑA COLADA X 3850 CC,,2.00,
Producto: 30266 - ESENCIA COLSABOR CREMA DE WHISKEY X 3850 CC,,,5.00,
Bodega: 6 - COLSABOR UNICA,,,5.00,
30266,ESENCIA COLSABOR CREMA DE WHISKEY X 3850 CC,,5.00,
Producto: 30268 - ESENCIA COLSABOR MANGO BICHE X 3850 CC,,,2.00,
Bodega: 6 - COLSABOR UNICA,,,2.00,
30268,ESENCIA COLSABOR MANGO BICHE X 3850 CC,,2.00,
Producto: 30269 - ESENCIA COLSABOR HUMO X 3850 CC,,,3.00,
Bodega: 6 - COLSABOR UNICA,,,3.00,
30269,ESENCIA COLSABOR HUMO X 3850 CC,,3.00,
Producto: 30272 - ESENCIA COLSABOR TORTA CASERA X 3850 CC,,,1.00,
Bodega: 6 - COLSABOR UNICA,,,1.00,
30272,ESENCIA COLSABOR TORTA CASERA X 3850 CC,,1.00,
Producto: 30274 - ESENCIA COLSABOR GALLETA NEGRA X 5 KG.,,,10.00,
Bodega: 6 - COLSABOR UNICA,,,10.00,
30274,ESENCIA COLSABOR GALLETA NEGRA X 5 KG.,,10.00,
Producto: 30277 - ESENCIA COLSABOR WHISKY X 3850 CC,,,1.00,
Bodega: 6 - COLSABOR UNICA,,,1.00,
30277,ESENCIA COLSABOR WHISKY X 3850 CC,,1.00,
Producto: 30280 - ESENCIA COLSABOR ZANAHORIA X 3850 CC,,,6.00,
Bodega: 6 - COLSABOR UNICA,,,6.00,
30280,ESENCIA COLSABOR ZANAHORIA X 3850 CC,,6.00,
Producto: 30281 - ESENCIA COLSABOR TRES LECHES X 3850 CC,,,9.00,
Bodega: 6 - COLSABOR UNICA,,,9.00,
30281,ESENCIA COLSABOR TRES LECHES X 3850 CC,,9.00,
Producto: 30301 - ESENCIA COLSABOR ALMENDRA X 500 CC,,,16.00,
Bodega: 6 - COLSABOR UNICA,,,16.00,
30301,ESENCIA COLSABOR ALMENDRA X 500 CC,,16.00,
Producto: 30302 - ESENCIA COLSABOR ANIS X 500 CC,,,65.00,
Bodega: 6 - COLSABOR UNICA,,,65.00,
30302,ESENCIA COLSABOR ANIS X 500 CC,,65.00,
Producto: 30303 - ESENCIA COLSABOR AREQUIPE X 500 CC,,,115.00,
Bodega: 6 - COLSABOR UNICA,,,115.00,
30303,ESENCIA COLSABOR AREQUIPE X 500 CC,,115.00,
Producto: 30304 - ESENCIA COLSABOR BANANO X 500 CC,,,221.00,
Bodega: 6 - COLSABOR UNICA,,,221.00,
30304,ESENCIA COLSABOR BANANO X 500 CC,,221.00,
Producto: 30305 - ESENCIA COLSABOR BRANDY X 500 CC,,,2.00,
Bodega: 6 - COLSABOR UNICA,,,2.00,
30305,ESENCIA COLSABOR BRANDY X 500 CC,,2.00,
Producto: 30306 - ESENCIA COLSABOR CAFE X 500 CC,,,25.00,
Bodega: 6 - COLSABOR UNICA,,,25.00,
30306,ESENCIA COLSABOR CAFE X 500 CC,,25.00,
Producto: 30308 - ESENCIA COLSABOR CARAMELO X 500 CC,,,9.00,
Bodega: 6 - COLSABOR UNICA,,,9.00,
30308,ESENCIA COLSABOR CARAMELO X 500 CC,,9.00,
Producto: 30309 - ESENCIA COLSABOR CEREZA X 500 CC,,,3.00,
Bodega: 6 - COLSABOR UNICA,,,3.00,
30309,ESENCIA COLSABOR CEREZA X 500 CC,,3.00,
Producto: 30311 - ESENCIA COLSABOR COCO X 500 CC,,,438.00,
Bodega: 6 - COLSABOR UNICA,,,438.00,
30311,ESENCIA COLSABOR COCO X 500 CC,,438.00,
Producto: 30312 - ESENCIA COLSABOR KOLA ROJA X 500 CC,,,15.00,
Bodega: 6 - COLSABOR UNICA,,,15.00,
30312,ESENCIA COLSABOR KOLA ROJA X 500 CC,,15.00,
Producto: 30313 - ESENCIA COLSABOR CHICLE X 500 CC,,,42.00,
Bodega: 6 - COLSABOR UNICA,,,42.00,
30313,ESENCIA COLSABOR CHICLE X 500 CC,,42.00,
Producto: 30314 - ESENCIA COLSABOR CHOCOLATE X 500 CC,,,168.00,
Bodega: 6 - COLSABOR UNICA,,,168.00,
30314,ESENCIA COLSABOR CHOCOLATE X 500 CC,,168.00,
Producto: 30316 - ESENCIA COLSABOR FRAMBUESA X 500 CC,,,4.00,
Bodega: 6 - COLSABOR UNICA,,,4.00,
30316,ESENCIA COLSABOR FRAMBUESA X 500 CC,,4.00,
Producto: 30317 - ESENCIA COLSABOR FRESA X 500 CC,,,4.00,
Bodega: 6 - COLSABOR UNICA,,,4.00,
30317,ESENCIA COLSABOR FRESA X 500 CC,,4.00,
Producto: 30318 - ESENCIA COLSABOR GUANABANA X 500 CC,,,3.00,
Bodega: 6 - COLSABOR UNICA,,,3.00,
30318,ESENCIA COLSABOR GUANABANA X 500 CC,,3.00,
Producto: 30319 - ESENCIA COLSABOR HINOJO X 500 CC,,,154.00,
Bodega: 6 - COLSABOR UNICA,,,154.00,
30319,ESENCIA COLSABOR HINOJO X 500 CC,,154.00,
Producto: 30320 - ESENCIA COLSABOR LECHE CONDENSADA X 500 CC,,,123.00,
Bodega: 6 - COLSABOR UNICA,,,125.00,
30320,ESENCIA COLSABOR LECHE CONDENSADA X 500 CC,,125.00,
Bodega: Sin asignar,,,-2.00,
30320,ESENCIA COLSABOR LECHE CONDENSADA X 500 CC,,-2.00,
Producto: 30321 - ESENCIA COLSABOR LIMON X 500 CC,,,37.00,
Bodega: 6 - COLSABOR UNICA,,,37.00,
30321,ESENCIA COLSABOR LIMON X 500 CC,,37.00,
Producto: 30322 - ESENCIA COLSABOR MANDARINA X 500 CC,,,10.00,
Bodega: 6 - COLSABOR UNICA,,,10.00,
30322,ESENCIA COLSABOR MANDARINA X 500 CC,,10.00,
Producto: 30323 - ESENCIA COLSABOR MANGO X 500 CC,,,7.00,
Bodega: 6 - COLSABOR UNICA,,,7.00,
30323,ESENCIA COLSABOR MANGO X 500 CC,,7.00,
Producto: 30324 - ESENCIA COLSABOR MANI X 500 CC,,,22.00,
Bodega: 6 - COLSABOR UNICA,,,22.00,
30324,ESENCIA COLSABOR MANI X 500 CC,,22.00,
Producto: 30325 - ESENCIA COLSABOR MANTECADO X 500 CC,,,82.00,
Bodega: 6 - COLSABOR UNICA,,,82.00,
30325,ESENCIA COLSABOR MANTECADO X 500 CC,,82.00,
Producto: 30326 - ESENCIA COLSABOR MANTEQUILLA X 500 CC,,,15.00,
Bodega: 6 - COLSABOR UNICA,,,17.00,
30326,ESENCIA COLSABOR MANTEQUILLA X 500 CC,,17.00,
Bodega: Sin asignar,,,-2.00,
30326,ESENCIA COLSABOR MANTEQUILLA X 500 CC,,-2.00,
Producto: 30327 - ESENCIA COLSABOR MANZANA ROJA X 500 CC,,,1.00,
Bodega: 6 - COLSABOR UNICA,,,1.00,
30327,ESENCIA COLSABOR MANZANA ROJA X 500 CC,,1.00,
Producto: 30328 - ESENCIA COLSABOR MANZANA VERDE X 500 CC,,,1.00,
Bodega: 6 - COLSABOR UNICA,,,1.00,
30328,ESENCIA COLSABOR MANZANA VERDE X 500 CC,,1.00,
Producto: 30329 - ESENCIA COLSABOR MARACUYA X 500 CC,,,2.00,
Bodega: 6 - COLSABOR UNICA,,,2.00,
30329,ESENCIA COLSABOR MARACUYA X 500 CC,,2.00,
Producto: 30330 - ESENCIA COLSABOR MARGARINA X 500 CC,,,15.00,
Bodega: 6 - COLSABOR UNICA,,,15.00,
30330,ESENCIA COLSABOR MARGARINA X 500 CC,,15.00,
Producto: 30331 - ESENCIA COLSABOR MIEL X 500 CC,,,167.00,
Bodega: 6 - COLSABOR UNICA,,,167.00,
30331,ESENCIA COLSABOR MIEL X 500 CC,,167.00,
Producto: 30332 - ESENCIA COLSABOR MORA X 500 CC,,,23.00,
Bodega: 6 - COLSABOR UNICA,,,23.00,
30332,ESENCIA COLSABOR MORA X 500 CC,,23.00,
Producto: 30333 - ESENCIA COLSABOR NARANJA X 500 CC,,,196.00,
Bodega: 6 - COLSABOR UNICA,,,196.00,
30333,ESENCIA COLSABOR NARANJA X 500 CC,,196.00,
Producto: 30336 - ESENCIA COLSABOR PANETON X 500 CC,,,6.00,
Bodega: 6 - COLSABOR UNICA,,,6.00,
30336,ESENCIA COLSABOR PANETON X 500 CC,,6.00,
Producto: 30337 - ESENCIA COLSABOR PIÑA X 500 CC,,,50.00,
Bodega: 6 - COLSABOR UNICA,,,50.00,
30337,ESENCIA COLSABOR PIÑA X 500 CC,,50.00,
Producto: 30338 - ESENCIA COLSABOR PONQUE X 500 CC,,,24.00,
Bodega: 6 - COLSABOR UNICA,,,24.00,
30338,ESENCIA COLSABOR PONQUE X 500 CC,,24.00,
Producto: 30339 - ESENCIA COLSABOR QUESO X 500 C,,,8.00,
Bodega: 6 - COLSABOR UNICA,,,10.00,
30339,ESENCIA COLSABOR QUESO X 500 C,,10.00,
Bodega: Sin asignar,,,-2.00,
30339,ESENCIA COLSABOR QUESO X 500 C,,-2.00,
Producto: 30340 - ESENCIA COLSABOR RON ROYALE X 500 CC,,,3.00,
Bodega: 6 - COLSABOR UNICA,,,3.00,
30340,ESENCIA COLSABOR RON ROYALE X 500 CC,,3.00,
Producto: 30341 - ESENCIA COLSABOR RON CON PASAS X 500 CC,,,130.00,
Bodega: 6 - COLSABOR UNICA,,,130.00,
30341,ESENCIA COLSABOR RON CON PASAS X 500 CC,,130.00,
Producto: 30344 - ESENCIA COLSABOR UVA X 500 CC,,,8.00,
Bodega: 6 - COLSABOR UNICA,,,8.00,
30344,ESENCIA COLSABOR UVA X 500 CC,,8.00,
Producto: 30346 - ESENCIA COLSABOR VAINILLA NEGRA X 500 CC,,,29.00,
Bodega: 6 - COLSABOR UNICA,,,29.00,
30346,ESENCIA COLSABOR VAINILLA NEGRA X 500 CC,,29.00,
Producto: 30347 - ESENCIA COLSABOR VINO X 500 CC,,,5.00,
Bodega: 6 - COLSABOR UNICA,,,5.00,
30347,ESENCIA COLSABOR VINO X 500 CC,,5.00,
Producto: 30348 - ESENCIA COLSABOR TRES LECHE X 500 CC,,,8.00,
Bodega: 6 - COLSABOR UNICA,,,8.00,
30348,ESENCIA COLSABOR TRES LECHE X 500 CC,,8.00,
Producto: 30349 - ESENCIA COLSABOR MELOCOTON X 500 CC,,,24.00,
Bodega: 6 - COLSABOR UNICA,,,24.00,
30349,ESENCIA COLSABOR MELOCOTON X 500 CC,,24.00,
Producto: 30350 - ESENCIA COLSABOR AMARETO X 500 CC,,,13.00,
Bodega: 6 - COLSABOR UNICA,,,13.00,
30350,ESENCIA COLSABOR AMARETO X 500 CC,,13.00,
Producto: 30351 - ESENCIA COLSABOR HUMO X 500 CC,,,15.00,
Bodega: 6 - COLSABOR UNICA,,,15.00,
30351,ESENCIA COLSABOR HUMO X 500 CC,,15.00,
Producto: 30352 - ESENCIA COLSABOR MENTA X 500CC,,,12.00,
Bodega: 6 - COLSABOR UNICA,,,12.00,
30352,ESENCIA COLSABOR MENTA X 500CC,,12.00,
Producto: 30355 - ESENCIA COLSABOR PISTACHO X 500 CC,,,1.00,
Bodega: 6 - COLSABOR UNICA,,,1.00,
30355,ESENCIA COLSABOR PISTACHO X 500 CC,,1.00,
Producto: 30358 - ESENCIA COLSABOR TIRAMISU X 500 C,,,1.00,
Bodega: 6 - COLSABOR UNICA,,,1.00,
30358,ESENCIA COLSABOR TIRAMISU X 500 C,,1.00,
Producto: 30359 - ESENCIA COLSABOR NATA X 500 CC,,,22.00,
Bodega: 6 - COLSABOR UNICA,,,22.00,
30359,ESENCIA COLSABOR NATA X 500 CC,,22.00,
Producto: 30360 - ESENCIA COLSABOR TUTTI FRUTI X 500 CC,,,1.00,
Bodega: 6 - COLSABOR UNICA,,,1.00,
30360,ESENCIA COLSABOR TUTTI FRUTI X 500 CC,,1.00,
Producto: 30361 - ESENCIA COLSABOR RON X 500 CC,,,28.00,
Bodega: 6 - COLSABOR UNICA,,,28.00,
30361,ESENCIA COLSABOR RON X 500 CC,,28.00,
Producto: 30362 - ESENCIA COLSABOR SANDIA X 500CC,,,3.00,
Bodega: 6 - COLSABOR UNICA,,,3.00,
30362,ESENCIA COLSABOR SANDIA X 500CC,,3.00,
Producto: 30363 - ESENCIA COLSABOR CREMA DE LECHE X 500 CC,,,16.00,
Bodega: 6 - COLSABOR UNICA,,,16.00,
30363,ESENCIA COLSABOR CREMA DE LECHE X 500 CC,,16.00,
Producto: 30364 - ESENCIA COLSABOR CREMA DE WHISKEY X 500 CC,,,59.00,
Bodega: 6 - COLSABOR UNICA,,,59.00,
30364,ESENCIA COLSABOR CREMA DE WHISKEY X 500 CC,,59.00,
Producto: 30368 - ESENCIA COLSABOR RED VELVET X 500 CC.,,,11.00,
Bodega: 6 - COLSABOR UNICA,,,11.00,
30368,ESENCIA COLSABOR RED VELVET X 500 CC.,,11.00,
Producto: 30369 - ESENCIA COLSABOR MANGO BICHE X 500 CC.,,,5.00,
Bodega: 6 - COLSABOR UNICA,,,5.00,
30369,ESENCIA COLSABOR MANGO BICHE X 500 CC.,,5.00,
Producto: 30370 - ESENCIA COLSABOR LULO X 500 CC.,,,3.00,
Bodega: 6 - COLSABOR UNICA,,,3.00,
30370,ESENCIA COLSABOR LULO X 500 CC.,,3.00,
Producto: 30372 - ESENCIA COLSABOR VAINILLA BLANCA GOURMET X 500 CC,,,42.00,
Bodega: 6 - COLSABOR UNICA,,,42.00,
30372,ESENCIA COLSABOR VAINILLA BLANCA GOURMET X 500 CC,,42.00,
Producto: 30373 - ESENCIA COLSABOR VAINILLA NEGRA GOURMET X 500 CC,,,1.00,
Bodega: 6 - COLSABOR UNICA,,,1.00,
30373,ESENCIA COLSABOR VAINILLA NEGRA GOURMET X 500 CC,,1.00,
Producto: 30379 - ESENCIA COLSABOR AVELLANA X 500 CC,,,3.00,
Bodega: 6 - COLSABOR UNICA,,,3.00,
30379,ESENCIA COLSABOR AVELLANA X 500 CC,,3.00,
Producto: 30380 - ESENCIA COLSABOR ZANAHORIA X 500 CC,,,3.00,
Bodega: 6 - COLSABOR UNICA,,,3.00,
30380,ESENCIA COLSABOR ZANAHORIA X 500 CC,,3.00,
Producto: 30400 - ESENCIA COLSABOR RED VELVET X 70 CC.,,,3.00,
Bodega: 6 - COLSABOR UNICA,,,3.00,
30400,ESENCIA COLSABOR RED VELVET X 70 CC.,,3.00,
Producto: 30401 - ESENCIA COLSABOR ALMENDRA X 70 CC,,,15.00,
Bodega: 6 - COLSABOR UNICA,,,15.00,
30401,ESENCIA COLSABOR ALMENDRA X 70 CC,,15.00,
Producto: 30402 - ESENCIA COLSABOR ANIS X 70 CC,,,196.00,
Bodega: 6 - COLSABOR UNICA,,,196.00,
30402,ESENCIA COLSABOR ANIS X 70 CC,,196.00,
Producto: 30403 - ESENCIA COLSABOR AREQUIPE X 70 CC,,,508.00,
Bodega: 6 - COLSABOR UNICA,,,508.00,
30403,ESENCIA COLSABOR AREQUIPE X 70 CC,,508.00,
Producto: 30404 - ESENCIA COLSABOR BANANO X 70 CC,,,426.00,
Bodega: 6 - COLSABOR UNICA,,,426.00,
30404,ESENCIA COLSABOR BANANO X 70 CC,,426.00,
Producto: 30405 - ESENCIA COLSABOR BRANDY X 70 CC,,,190.00,
Bodega: 6 - COLSABOR UNICA,,,190.00,
30405,ESENCIA COLSABOR BRANDY X 70 CC,,190.00,
Producto: 30406 - ESENCIA COLSABOR CAFE X 70 CC,,,97.00,
Bodega: 6 - COLSABOR UNICA,,,97.00,
30406,ESENCIA COLSABOR CAFE X 70 CC,,97.00,
Producto: 30407 - ESENCIA COLSABOR CANELA X 70 CC,,,28.00,
Bodega: 6 - COLSABOR UNICA,,,28.00,
30407,ESENCIA COLSABOR CANELA X 70 CC,,28.00,
Producto: 30408 - ESENCIA COLSABOR CARAMELO X 70 CC,,,122.00,
Bodega: 6 - COLSABOR UNICA,,,122.00,
30408,ESENCIA COLSABOR CARAMELO X 70 CC,,122.00,
Producto: 30409 - ESENCIA COLSABOR CEREZA X 70 CC,,,5.00,
Bodega: 6 - COLSABOR UNICA,,,5.00,
30409,ESENCIA COLSABOR CEREZA X 70 CC,,5.00,
Producto: 30410 - ESENCIA COLSABOR CLAVO DE OLOR X 70 CC,,,5.00,
Bodega: 6 - COLSABOR UNICA,,,5.00,
30410,ESENCIA COLSABOR CLAVO DE OLOR X 70 CC,,5.00,
Producto: 30411 - ESENCIA COLSABOR COCO X 70 CC,,,406.00,
Bodega: 6 - COLSABOR UNICA,,,406.00,
30411,ESENCIA COLSABOR COCO X 70 CC,,406.00,
Producto: 30412 - ESENCIA COLSABOR KOLA ROJA X 70 CC,,,167.00,
Bodega: 6 - COLSABOR UNICA,,,167.00,
30412,ESENCIA COLSABOR KOLA ROJA X 70 CC,,167.00,
Producto: 30413 - ESENCIA COLSABOR CHICLE X 70 CC,,,131.00,
Bodega: 6 - COLSABOR UNICA,,,131.00,
30413,ESENCIA COLSABOR CHICLE X 70 CC,,131.00,
Producto: 30414 - ESENCIA COLSABOR CHOCOLATE X 70 CC,,,337.00,
Bodega: 6 - COLSABOR UNICA,,,337.00,
30414,ESENCIA COLSABOR CHOCOLATE X 70 CC,,337.00,
Producto: 30415 - ESENCIA COLSABOR BROWNIE X 70 CC,,,2.00,
Bodega: 6 - COLSABOR UNICA,,,2.00,
30415,ESENCIA COLSABOR BROWNIE X 70 CC,,2.00,
Producto: 30416 - ESENCIA COLSABOR FRAMBUESA X 70 CC,,,3.00,
Bodega: 6 - COLSABOR UNICA,,,3.00,
30416,ESENCIA COLSABOR FRAMBUESA X 70 CC,,3.00,
Producto: 30417 - ESENCIA COLSABOR FRESA X 70 CC,,,221.00,
Bodega: 6 - COLSABOR UNICA,,,221.00,
30417,ESENCIA COLSABOR FRESA X 70 CC,,221.00,
Producto: 30418 - ESENCIA COLSABOR GUANABANA X 70 CC,,,57.00,
Bodega: 6 - COLSABOR UNICA,,,57.00,
30418,ESENCIA COLSABOR GUANABANA X 70 CC,,57.00,
Producto: 30419 - ESENCIA COLSABOR HINOJO X 70 CC,,,106.00,
Bodega: 6 - COLSABOR UNICA,,,106.00,
30419,ESENCIA COLSABOR HINOJO X 70 CC,,106.00,
Producto: 30420 - ESENCIA COLSABOR LECHE CONDENSADA X 70 CC,,,319.00,
Bodega: 6 - COLSABOR UNICA,,,319.00,
30420,ESENCIA COLSABOR LECHE CONDENSADA X 70 CC,,319.00,
Producto: 30421 - ESENCIA COLSABOR LIMON X 70 CC,,,127.00,
Bodega: 6 - COLSABOR UNICA,,,127.00,
30421,ESENCIA COLSABOR LIMON X 70 CC,,127.00,
Producto: 30422 - ESENCIA COLSABOR MANDARINA X 70 CC,,,53.00,
Bodega: 6 - COLSABOR UNICA,,,53.00,
30422,ESENCIA COLSABOR MANDARINA X 70 CC,,53.00,
Producto: 30423 - ESENCIA COLSABOR MANTECADO X 70 CC,,,393.00,
Bodega: 6 - COLSABOR UNICA,,,393.00,
30423,ESENCIA COLSABOR MANTECADO X 70 CC,,393.00,
Producto: 30424 - ESENCIA COLSABOR MANI X 70 CC,,,142.00,
Bodega: 6 - COLSABOR UNICA,,,142.00,
30424,ESENCIA COLSABOR MANI X 70 CC,,142.00,
Producto: 30426 - ESENCIA COLSABOR MANTEQUILLA X 70 CC,,,244.00,
Bodega: 6 - COLSABOR UNICA,,,244.00,
30426,ESENCIA COLSABOR MANTEQUILLA X 70 CC,,244.00,
Producto: 30427 - ESENCIA COLSABOR MANZANA ROJA X 70 CC,,,6.00,
Bodega: 6 - COLSABOR UNICA,,,6.00,
30427,ESENCIA COLSABOR MANZANA ROJA X 70 CC,,6.00,
Producto: 30428 - ESENCIA COLSABOR MANZANA VERDE X 70 CC,,,1.00,
Bodega: 6 - COLSABOR UNICA,,,1.00,
30428,ESENCIA COLSABOR MANZANA VERDE X 70 CC,,1.00,
Producto: 30429 - ESENCIA COLSABOR MARACUYA X 70 CC,,,65.00,
Bodega: 6 - COLSABOR UNICA,,,65.00,
30429,ESENCIA COLSABOR MARACUYA X 70 CC,,65.00,
Producto: 30430 - ESENCIA COLSABOR MARGARINA X 70 CC,,,1.00,
Bodega: 6 - COLSABOR UNICA,,,1.00,
30430,ESENCIA COLSABOR MARGARINA X 70 CC,,1.00,
Producto: 30431 - ESENCIA COLSABOR MIEL X 70 CC,,,294.00,
Bodega: 6 - COLSABOR UNICA,,,294.00,
30431,ESENCIA COLSABOR MIEL X 70 CC,,294.00,
Producto: 30432 - ESENCIA COLSABOR MORA X 70 CC,,,78.00,
Bodega: 6 - COLSABOR UNICA,,,78.00,
30432,ESENCIA COLSABOR MORA X 70 CC,,78.00,
Producto: 30433 - ESENCIA COLSABOR NARANJA X 70 CC,,,197.00,
Bodega: 6 - COLSABOR UNICA,,,197.00,
30433,ESENCIA COLSABOR NARANJA X 70 CC,,197.00,
Producto: 30434 - ESENCIA COLSABOR NATA X 70 CC,,,85.00,
Bodega: 6 - COLSABOR UNICA,,,85.00,
30434,ESENCIA COLSABOR NATA X 70 CC,,85.00,
Producto: 30435 - ESENCIA COLSABOR NUEZ MOSCADA X 70 CC,,,1.00,
Bodega: 6 - COLSABOR UNICA,,,1.00,
30435,ESENCIA COLSABOR NUEZ MOSCADA X 70 CC,,1.00,
Producto: 30436 - ESENCIA COLSABOR PANETON X 70 CC,,,287.00,
Bodega: 6 - COLSABOR UNICA,,,287.00,
30436,ESENCIA COLSABOR PANETON X 70 CC,,287.00,
Producto: 30437 - ESENCIA COLSABOR PIÑA X 70 CC,,,218.00,
Bodega: 6 - COLSABOR UNICA,,,218.00,
30437,ESENCIA COLSABOR PIÑA X 70 CC,,218.00,
Producto: 30438 - ESENCIA COLSABOR PONQUE X 70 CC,,,247.00,
Bodega: 6 - COLSABOR UNICA,,,247.00,
30438,ESENCIA COLSABOR PONQUE X 70 CC,,247.00,
Producto: 30439 - ESENCIA COLSABOR QUESO X 70 CC,,,360.00,
Bodega: 6 - COLSABOR UNICA,,,360.00,
30439,ESENCIA COLSABOR QUESO X 70 CC,,360.00,
Producto: 30440 - ESENCIA COLSABOR RON ROYALE X 70 CC,,,171.00,
Bodega: 6 - COLSABOR UNICA,,,171.00,
30440,ESENCIA COLSABOR RON ROYALE X 70 CC,,171.00,
Producto: 30441 - ESENCIA COLSABOR RON CON PASAS X 70 CC,,,110.00,
Bodega: 6 - COLSABOR UNICA,,,110.00,
30441,ESENCIA COLSABOR RON CON PASAS X 70 CC,,110.00,
Producto: 30442 - ESENCIA COLSABOR TURRON X 70 CC,,,6.00,
Bodega: 6 - COLSABOR UNICA,,,6.00,
30442,ESENCIA COLSABOR TURRON X 70 CC,,6.00,
Producto: 30443 - ESENCIA COLSABOR TUTTI FRUTI X 70 CC,,,4.00,
Bodega: 6 - COLSABOR UNICA,,,4.00,
30443,ESENCIA COLSABOR TUTTI FRUTI X 70 CC,,4.00,
Producto: 30444 - ESENCIA COLSABOR UVA X 70 CC,,,23.00,
Bodega: 6 - COLSABOR UNICA,,,23.00,
30444,ESENCIA COLSABOR UVA X 70 CC,,23.00,
Producto: 30447 - ESENCIA COLSABOR VINO X 70 CC,,,36.00,
Bodega: 6 - COLSABOR UNICA,,,36.00,
30447,ESENCIA COLSABOR VINO X 70 CC,,36.00,
Producto: 30448 - ESENCIA COLSABOR CREMA DE LECHE X 70 CC,,,60.00,
Bodega: 6 - COLSABOR UNICA,,,60.00,
30448,ESENCIA COLSABOR CREMA DE LECHE X 70 CC,,60.00,
Producto: 30449 - ESENCIA COLSABOR MENTA X 70 CC,,,168.00,
Bodega: 6 - COLSABOR UNICA,,,168.00,
30449,ESENCIA COLSABOR MENTA X 70 CC,,168.00,
Producto: 30450 - ESENCIA COLSABOR CREMA CHANTILLY X 70 CC,,,30.00,
Bodega: 6 - COLSABOR UNICA,,,30.00,
30450,ESENCIA COLSABOR CREMA CHANTILLY X 70 CC,,30.00,
Producto: 30451 - ESENCIA COLSABOR MELOCOTON X 70 CC,,,63.00,
Bodega: 6 - COLSABOR UNICA,,,63.00,
30451,ESENCIA COLSABOR MELOCOTON X 70 CC,,63.00,
Producto: 30454 - ESENCIA COLSABOR SANDIA X 70 CC,,,1.00,
Bodega: 6 - COLSABOR UNICA,,,1.00,
30454,ESENCIA COLSABOR SANDIA X 70 CC,,1.00,
Producto: 30456 - ESENCIA COLSABOR PISTACHO X 70 CC,,,74.00,
Bodega: 6 - COLSABOR UNICA,,,74.00,
30456,ESENCIA COLSABOR PISTACHO X 70 CC,,74.00,
Producto: 30457 - ESENCIA COLSABOR AMARETO X 70 CC,,,44.00,
Bodega: 6 - COLSABOR UNICA,,,44.00,
30457,ESENCIA COLSABOR AMARETO X 70 CC,,44.00,
Producto: 30458 - ESENCIA COLSABOR RON X 70 CC,,,134.00,
Bodega: 6 - COLSABOR UNICA,,,134.00,
30458,ESENCIA COLSABOR RON X 70 CC,,134.00,
Producto: 30459 - ESENCIA COLSABOR CREMA DE WHISKY X 70 CC,,,74.00,
Bodega: 6 - COLSABOR UNICA,,,74.00,
30459,ESENCIA COLSABOR CREMA DE WHISKY X 70 CC,,74.00,
Producto: 30460 - ESENCIA COLSABOR LULO X 70 CC,,,7.00,
Bodega: 6 - COLSABOR UNICA,,,7.00,
30460,ESENCIA COLSABOR LULO X 70 CC,,7.00,
Producto: 30461 - ESENCIA COLSABOR TIRAMISU X 70 CC,,,18.00,
Bodega: 6 - COLSABOR UNICA,,,18.00,
30461,ESENCIA COLSABOR TIRAMISU X 70 CC,,18.00,
Producto: 30462 - ESENCIA COLSABOR KIWI X 70 CC,,,1.00,
Bodega: 6 - COLSABOR UNICA,,,1.00,
30462,ESENCIA COLSABOR KIWI X 70 CC,,1.00,
Producto: 30464 - ESENCIA COLSABOR HUMO X 70 CC.,,,52.00,
Bodega: 6 - COLSABOR UNICA,,,52.00,
30464,ESENCIA COLSABOR HUMO X 70 CC.,,52.00,
Producto: 30465 - ESENCIA COLSABOR MANGO X 70 CC.,,,5.00,
Bodega: 6 - COLSABOR UNICA,,,5.00,
30465,ESENCIA COLSABOR MANGO X 70 CC.,,5.00,
Producto: 30468 - ESENCIA COLSABOR MACADAMIA X 70 CC.,,,6.00,
Bodega: 6 - COLSABOR UNICA,,,6.00,
30468,ESENCIA COLSABOR MACADAMIA X 70 CC.,,6.00,
Producto: 30469 - ESENCIA COLSABOR PIÑA COLADA X 70 CC,,,2.00,
Bodega: 6 - COLSABOR UNICA,,,2.00,
30469,ESENCIA COLSABOR PIÑA COLADA X 70 CC,,2.00,
Producto: 30473 - ESENCIA COLSABOR MANGO BICHE X 70 CC.,,,25.00,
Bodega: 6 - COLSABOR UNICA,,,25.00,
30473,ESENCIA COLSABOR MANGO BICHE X 70 CC.,,25.00,
Producto: 30475 - ESENCIA COLSABOR VAINILLA BLANCA GOURMET X 70 CC,,,37.00,
Bodega: 6 - COLSABOR UNICA,,,37.00,
30475,ESENCIA COLSABOR VAINILLA BLANCA GOURMET X 70 CC,,37.00,
Producto: 30476 - ESENCIA COLSABOR VAINILLA NEGRA GOURMET X 70 CC,,,84.00,
Bodega: 6 - COLSABOR UNICA,,,84.00,
30476,ESENCIA COLSABOR VAINILLA NEGRA GOURMET X 70 CC,,84.00,
Producto: 30477 - ESENCIA COLSABOR WHISKEY X 70 CC,,,56.00,
Bodega: 6 - COLSABOR UNICA,,,56.00,
30477,ESENCIA COLSABOR WHISKEY X 70 CC,,56.00,
Producto: 30479 - ESENCIA COLSABOR AVELLANA X 70 CC,,,10.00,
Bodega: 6 - COLSABOR UNICA,,,10.00,
30479,ESENCIA COLSABOR AVELLANA X 70 CC,,10.00,
Producto: 30480 - ESENCIA COLSABOR ZANAHORIA X 70 CC,,,4.00,
Bodega: 6 - COLSABOR UNICA,,,4.00,
30480,ESENCIA COLSABOR ZANAHORIA X 70 CC,,4.00,
Producto: 30481 - ESENCIA COLSABOR TRES LECHE X 70 CC,,,20.00,
Bodega: 6 - COLSABOR UNICA,,,20.00,
30481,ESENCIA COLSABOR TRES LECHE X 70 CC,,20.00,
Producto: 30482 - ESENCIA COLSABOR CHOCOLO X 70 CC,,,6.00,
Bodega: 6 - COLSABOR UNICA,,,6.00,
30482,ESENCIA COLSABOR CHOCOLO X 70 CC,,6.00,
Producto: 30504 - ESENCIA COLSABOR FRESA X 10 LT,,,1.00,
Bodega: 6 - COLSABOR UNICA,,,1.00,
30504,ESENCIA COLSABOR FRESA X 10 LT,,1.00,
Producto: 30505 - ESENCIA COLSABOR MANTEQUILLA X 10 LT,,,1.00,
Bodega: 6 - COLSABOR UNICA,,,1.00,
30505,ESENCIA COLSABOR MANTEQUILLA X 10 LT,,1.00,
Producto: 30513 - ESENCIA COLSABOR BANANO X 10 LTS,,,1.00,
Bodega: 6 - COLSABOR UNICA,,,1.00,
30513,ESENCIA COLSABOR BANANO X 10 LTS,,1.00,
Producto: 30515 - ESENCIA COLSABOR VAINILLA BLANCA X 10 LT,,,1.00,
Bodega: 6 - COLSABOR UNICA,,,1.00,
30515,ESENCIA COLSABOR VAINILLA BLANCA X 10 LT,,1.00,
Producto: 30520 - ESENCIA COLSABOR NARANJA X 10 LT,,,5.00,
Bodega: 6 - COLSABOR UNICA,,,5.00,
30520,ESENCIA COLSABOR NARANJA X 10 LT,,5.00,
Producto: 30523 - ESENCIA COLSABOR MELOCOTON X 10 LTS,,,2.00,
Bodega: 6 - COLSABOR UNICA,,,2.00,
30523,ESENCIA COLSABOR MELOCOTON X 10 LTS,,2.00,
Producto: 30534 - ESENCIA COLSABOR MARACUYA X 10 LTS,,,1.00,
Bodega: 6 - COLSABOR UNICA,,,1.00,
30534,ESENCIA COLSABOR MARACUYA X 10 LTS,,1.00,
Producto: 30605 - ESENCIA BAKERMAN COCO X 20 LT,,,1.00,
Bodega: 6 - COLSABOR UNICA,,,1.00,
30605,ESENCIA BAKERMAN COCO X 20 LT,,1.00,
Producto: 30606 - ESENCIA BAKERMAN HINOJO X 20 LT,,,2.00,
Bodega: 6 - COLSABOR UNICA,,,2.00,
30606,ESENCIA BAKERMAN HINOJO X 20 LT,,2.00,
Producto: 30607 - ESENCIA BAKERMAN MANTEQUILLA X 20 LT,,,33.00,
Bodega: 6 - COLSABOR UNICA,,,33.00,
30607,ESENCIA BAKERMAN MANTEQUILLA X 20 LT,,33.00,
Producto: 30613 - ESENCIA BAKERMAN MANTEQUILLA SUPER X 20 LTS.,,,4.00,
Bodega: 6 - COLSABOR UNICA,,,4.00,
30613,ESENCIA BAKERMAN MANTEQUILLA SUPER X 20 LTS.,,4.00,
Producto: 30617 - ESENCIA BAKERMAN VAINILLA BLANCA GOURMET X 20 LTS,,,2.00,
Bodega: 6 - COLSABOR UNICA,,,2.00,
30617,ESENCIA BAKERMAN VAINILLA BLANCA GOURMET X 20 LTS,,2.00,
Producto: 30619 - ESENCIA BAKERMAN CHOCOLATE X 20 LTS,,,3.00,
Bodega: 6 - COLSABOR UNICA,,,3.00,
30619,ESENCIA BAKERMAN CHOCOLATE X 20 LTS,,3.00,
Producto: 30701 - ESENCIA BAKERMAN MANTEQUILLA X 10 LT,,,12.00,
Bodega: 6 - COLSABOR UNICA,,,12.00,
30701,ESENCIA BAKERMAN MANTEQUILLA X 10 LT,,12.00,
Producto: 30702 - ESENCIA BAKERMAN VAINILLA BLANCA X 10 LT,,,-25.00,
Bodega: 6 - COLSABOR UNICA,,,-25.00,
30702,ESENCIA BAKERMAN VAINILLA BLANCA X 10 LT,,-25.00,
Producto: 30705 - ESENCIA BAKERMAN CANELA X 10 LT,,,5.00,
Bodega: 6 - COLSABOR UNICA,,,5.00,
30705,ESENCIA BAKERMAN CANELA X 10 LT,,5.00,
Producto: 30706 - ESENCIA BAKERMAN MARGARINA X 10 LT,,,1.00,
Bodega: 6 - COLSABOR UNICA,,,1.00,
30706,ESENCIA BAKERMAN MARGARINA X 10 LT,,1.00,
Producto: 30707 - ESENCIA BAKERMAN BANANO X 10 LT.,,,2.00,
Bodega: 6 - COLSABOR UNICA,,,2.00,
30707,ESENCIA BAKERMAN BANANO X 10 LT.,,2.00,
Producto: 30711 - ESENCIA BAKERMAN PONQUE X 10 LTS.,,,7.00,
Bodega: 6 - COLSABOR UNICA,,,7.00,
30711,ESENCIA BAKERMAN PONQUE X 10 LTS.,,7.00,
Producto: 30712 - ESENCIA BAKERMAN CHOCOLATE X 10 LTS.,,,4.00,
Bodega: 6 - COLSABOR UNICA,,,4.00,
30712,ESENCIA BAKERMAN CHOCOLATE X 10 LTS.,,4.00,
Producto: 30714 - ESENCIA BAKERMAN VAINILLA BLANCA GOURMET X 10 LTS,,,3.00,
Bodega: 6 - COLSABOR UNICA,,,3.00,
30714,ESENCIA BAKERMAN VAINILLA BLANCA GOURMET X 10 LTS,,3.00,
Producto: 30800 - ESENCIA BAKERMAN CHOCOLO X 3850 CC,,,1.00,
Bodega: 6 - COLSABOR UNICA,,,1.00,
30800,ESENCIA BAKERMAN CHOCOLO X 3850 CC,,1.00,
Producto: 30802 - ESENCIA BAKERMAN AREQUIPE X 3850 CC,,,21.00,
Bodega: 6 - COLSABOR UNICA,,,21.00,
30802,ESENCIA BAKERMAN AREQUIPE X 3850 CC,,21.00,
Producto: 30803 - ESENCIA BAKERMAN BANANO X 3850 CC,,,60.00,
Bodega: 6 - COLSABOR UNICA,,,60.00,
30803,ESENCIA BAKERMAN BANANO X 3850 CC,,60.00,
Producto: 30804 - ESENCIA BAKERMAN CANELA X 3850 CC,,,16.00,
Bodega: 6 - COLSABOR UNICA,,,16.00,
30804,ESENCIA BAKERMAN CANELA X 3850 CC,,16.00,
Producto: 30805 - ESENCIA BAKERMAN COCO X 3850 CC,,,21.00,
Bodega: 6 - COLSABOR UNICA,,,21.00,
30805,ESENCIA BAKERMAN COCO X 3850 CC,,21.00,
Producto: 30807 - ESENCIA BAKERMAN HINOJO X 3850 CC,,,43.00,
Bodega: 6 - COLSABOR UNICA,,,43.00,
30807,ESENCIA BAKERMAN HINOJO X 3850 CC,,43.00,
Producto: 30809 - ESENCIA BAKERMAN MANTEQUILLA X 3850 CC,,,52.00,
Bodega: 6 - COLSABOR UNICA,,,52.00,
30809,ESENCIA BAKERMAN MANTEQUILLA X 3850 CC,,52.00,
Producto: 30811 - ESENCIA BAKERMAN PIÑA X 3850 CC,,,1.00,
Bodega: 6 - COLSABOR UNICA,,,1.00,
30811,ESENCIA BAKERMAN PIÑA X 3850 CC,,1.00,
Producto: 30812 - ESENCIA BAKERMAN PONQUE X 3850 CC,,,7.00,
Bodega: 6 - COLSABOR UNICA,,,7.00,
30812,ESENCIA BAKERMAN PONQUE X 3850 CC,,7.00,
Producto: 30813 - ESENCIA BAKERMAN QUESO X 3850 CC,,,15.00,
Bodega: 6 - COLSABOR UNICA,,,15.00,
30813,ESENCIA BAKERMAN QUESO X 3850 CC,,15.00,
Producto: 30815 - ESENCIA BAKERMAN VAINILLA BLANCA X 3850 CC,,,12.00,
Bodega: 6 - COLSABOR UNICA,,,12.00,
30815,ESENCIA BAKERMAN VAINILLA BLANCA X 3850 CC,,12.00,
Producto: 30818 - ESENCIA BAKERMAN MARGARINA X 3850 CC,,,2.00,
Bodega: 6 - COLSABOR UNICA,,,2.00,
30818,ESENCIA BAKERMAN MARGARINA X 3850 CC,,2.00,
Producto: 30820 - ESENCIA BAKERMAN RON CON PASAS X 3850 CC,,,4.00,
Bodega: 6 - COLSABOR UNICA,,,4.00,
30820,ESENCIA BAKERMAN RON CON PASAS X 3850 CC,,4.00,
Producto: 30821 - ESENCIA BAKERMAN VAINILLA BLANCA GOURMET X 3850 CC,,,18.00,
Bodega: 6 - COLSABOR UNICA,,,18.00,
30821,ESENCIA BAKERMAN VAINILLA BLANCA GOURMET X 3850 CC,,18.00,
Producto: 30822 - ESENCIA BAKERMAN VAINILLA NEGRA GOURMET X 3850 CC,,,4.00,
Bodega: 6 - COLSABOR UNICA,,,4.00,
30822,ESENCIA BAKERMAN VAINILLA NEGRA GOURMET X 3850 CC,,4.00,
Producto: 30824 - ESENCIA BAKERMAN MANTECADO X 3850 CC,,,4.00,
Bodega: 6 - COLSABOR UNICA,,,4.00,
30824,ESENCIA BAKERMAN MANTECADO X 3850 CC,,4.00,
Producto: 30827 - ESENCIA BAKERMAN CHOCOLATE X 3850 CC,,,3.00,
Bodega: 6 - COLSABOR UNICA,,,3.00,
30827,ESENCIA BAKERMAN CHOCOLATE X 3850 CC,,3.00,
Producto: 30900 - ESENCIA BAKERMAN CHOCOLO X 500 CC,,,1.00,
Bodega: 6 - COLSABOR UNICA,,,1.00,
30900,ESENCIA BAKERMAN CHOCOLO X 500 CC,,1.00,
Producto: 30902 - ESENCIA BAKERMAN AREQUIPE X 500 CC,,,50.00,
Bodega: 6 - COLSABOR UNICA,,,50.00,
30902,ESENCIA BAKERMAN AREQUIPE X 500 CC,,50.00,
Producto: 30903 - ESENCIA BAKERMAN BANANO X 500 CC,,,7.00,
Bodega: 6 - COLSABOR UNICA,,,7.00,
30903,ESENCIA BAKERMAN BANANO X 500 CC,,7.00,
Producto: 30904 - ESENCIA BAKERMAN CANELA X 500 CC,,,4.00,
Bodega: 6 - COLSABOR UNICA,,,4.00,
30904,ESENCIA BAKERMAN CANELA X 500 CC,,4.00,
Producto: 30905 - ESENCIA BAKERMAN COCO X 500 CC,,,6.00,
Bodega: 6 - COLSABOR UNICA,,,6.00,
30905,ESENCIA BAKERMAN COCO X 500 CC,,6.00,
Producto: 30907 - ESENCIA BAKERMAN HINOJO X 500 CC,,,4.00,
Bodega: 6 - COLSABOR UNICA,,,4.00,
30907,ESENCIA BAKERMAN HINOJO X 500 CC,,4.00,
Producto: 30909 - ESENCIA BAKERMAN MANTEQUILLA X 500 CC,,,34.00,
Bodega: 6 - COLSABOR UNICA,,,34.00,
30909,ESENCIA BAKERMAN MANTEQUILLA X 500 CC,,34.00,
Producto: 30911 - ESENCIA BAKERMAN PIÑA X 500 CC,,,3.00,
Bodega: 6 - COLSABOR UNICA,,,3.00,
30911,ESENCIA BAKERMAN PIÑA X 500 CC,,3.00,
Producto: 30912 - ESENCIA BAKERMAN PONQUE X 500CC,,,2.00,
Bodega: 6 - COLSABOR UNICA,,,2.00,
30912,ESENCIA BAKERMAN PONQUE X 500CC,,2.00,
Producto: 30913 - ESENCIA BAKERMAN QUESO X 500 CC,,,27.00,
Bodega: 6 - COLSABOR UNICA,,,27.00,
30913,ESENCIA BAKERMAN QUESO X 500 CC,,27.00,
Producto: 30921 - ESENCIA BAKERMAN VAINILLA BLANCA GOURMET X 500 CC,,,18.00,
Bodega: 6 - COLSABOR UNICA,,,18.00,
30921,ESENCIA BAKERMAN VAINILLA BLANCA GOURMET X 500 CC,,18.00,
Producto: 30922 - ESENCIA BAKERMAN VAINILLA NEGRA GOURMET X 500 CC,,,1.00,
Bodega: 6 - COLSABOR UNICA,,,1.00,
30922,ESENCIA BAKERMAN VAINILLA NEGRA GOURMET X 500 CC,,1.00,
Producto: 30923 - ESENCIA BAKERMAN CARAMELO X 500 CC,,,4.00,
Bodega: 6 - COLSABOR UNICA,,,4.00,
30923,ESENCIA BAKERMAN CARAMELO X 500 CC,,4.00,
Producto: 30924 - ESENCIA BAKERMAN CHOCOLATE X 500 CC,,,2.00,
Bodega: 6 - COLSABOR UNICA,,,2.00,
30924,ESENCIA BAKERMAN CHOCOLATE X 500 CC,,2.00,
Producto: 311007 - SABOR CONCENTRADO MARACUYA PF-447R X KG.,,,1.00,
Bodega: 6 - COLSABOR UNICA,,,1.00,
311007,SABOR CONCENTRADO MARACUYA PF-447R X KG.,,1.00,
Producto: 311014 - SABOR CONCENTRADO CANELA CF-217T,,,1.00,
Bodega: 6 - COLSABOR UNICA,,,1.00,
311014,SABOR CONCENTRADO CANELA CF-217T,,1.00,
Producto: 311017 - SABOR CONCENTRADO BARBECUE BC-604R X KG.,,,0.90,
Bodega: 6 - COLSABOR UNICA,,,0.90,
311017,SABOR CONCENTRADO BARBECUE BC-604R X KG.,,0.90,
Producto: 311018 - SABOR CONCENTRADO CEREZA CF-220A,,,3.95,
Bodega: 6 - COLSABOR UNICA,,,3.95,
311018,SABOR CONCENTRADO CEREZA CF-220A,,3.95,
Producto: 311022 - SABOR CONCENTRADO COCO CF-222,,,24.00,
Bodega: 6 - COLSABOR UNICA,,,24.00,
311022,SABOR CONCENTRADO COCO CF-222,,24.00,
Producto: 311036 - SABOR CONCENTRADO FRESA SF-228,,,1.00,
Bodega: 6 - COLSABOR UNICA,,,1.00,
311036,SABOR CONCENTRADO FRESA SF-228,,1.00,
Producto: 311043 - SABOR CONCENTRADO HIERBABUENA SF-292,,,3.00,
Bodega: 6 - COLSABOR UNICA,,,3.00,
311043,SABOR CONCENTRADO HIERBABUENA SF-292,,3.00,
Producto: 311045 - SABOR CONCENTRADO KETCHUP TC-299,,,0.20,
Bodega: 6 - COLSABOR UNICA,,,0.20,
311045,SABOR CONCENTRADO KETCHUP TC-299,,0.20,
Producto: 311050 - SABOR CONCENTRADO LECHE CONDENSADA LF-202,,,1.00,
Bodega: 6 - COLSABOR UNICA,,,1.00,
311050,SABOR CONCENTRADO LECHE CONDENSADA LF-202,,1.00,
Producto: 311056 - SABOR CONCENTRADO MANDARINA MF-239RDC,,,1.00,
Bodega: 6 - COLSABOR UNICA,,,1.00,
311056,SABOR CONCENTRADO MANDARINA MF-239RDC,,1.00,
Producto: 311066 - SABOR CONCENTRADO MANZANA VERDE AF-642,,,1.00,
Bodega: 6 - COLSABOR UNICA,,,1.00,
311066,SABOR CONCENTRADO MANZANA VERDE AF-642,,1.00,
Producto: 311067 - SABOR CONCENTRADO MANZANA VERDE AF-642T,,,5.00,
Bodega: 6 - COLSABOR UNICA,,,5.00,
311067,SABOR CONCENTRADO MANZANA VERDE AF-642T,,5.00,
Producto: 311069 - SABOR CONCENTRADO MARACUYA PF-447,,,1.00,
Bodega: 6 - COLSABOR UNICA,,,1.00,
311069,SABOR CONCENTRADO MARACUYA PF-447,,1.00,
Producto: 311078 - SABOR CONCENTRADO MIEL HF-426,,,10.00,
Bodega: 6 - COLSABOR UNICA,,,10.00,
311078,SABOR CONCENTRADO MIEL HF-426,,10.00,
Producto: 311094 - SABOR CONCENTRADO PIÑA PF-609A,,,1.50,
Bodega: 6 - COLSABOR UNICA,,,1.50,
311094,SABOR CONCENTRADO PIÑA PF-609A,,1.50,
Producto: 311095 - SABOR CONCENTRADO PIÑA COLADA PF-257,,,1.00,
Bodega: 6 - COLSABOR UNICA,,,1.00,
311095,SABOR CONCENTRADO PIÑA COLADA PF-257,,1.00,
Producto: 311110 - SABOR CONCENTRADO NATURAL HIRBA BUENA SF-292N X KG.,,,1.00,
Bodega: 6 - COLSABOR UNICA,,,1.00,
311110,SABOR CONCENTRADO NATURAL HIRBA BUENA SF-292N X KG.,,1.00,
Producto: 311111 - SABOR CONCENTRADO TUTTI FRUTI TF-254A,,,0.50,
Bodega: 6 - COLSABOR UNICA,,,0.50,
311111,SABOR CONCENTRADO TUTTI FRUTI TF-254A,,0.50,
Producto: 311114 - SABOR CONCENTRADO UVA GF-602,,,1.00,
Bodega: 6 - COLSABOR UNICA,,,1.00,
311114,SABOR CONCENTRADO UVA GF-602,,1.00,
Producto: 311117 - SABOR CONCENTRADO VAINILLA VF-263R,,,32.00,
Bodega: 6 - COLSABOR UNICA,,,32.00,
311117,SABOR CONCENTRADO VAINILLA VF-263R,,32.00,
Producto: 311121 - SABOR CONCENTRADO VINO VF-580,,,1.00,
Bodega: 6 - COLSABOR UNICA,,,1.00,
311121,SABOR CONCENTRADO VINO VF-580,,1.00,
Producto: 311125 - SABOR CONCENTRADO LECHE UHT MF-362R,,,1.00,
Bodega: 6 - COLSABOR UNICA,,,1.00,
311125,SABOR CONCENTRADO LECHE UHT MF-362R,,1.00,
Producto: 311137 - SABOR CONCENTRADO HIERBA BUENA SF-292T X KG.,,,11.00,
Bodega: 6 - COLSABOR UNICA,,,11.00,
311137,SABOR CONCENTRADO HIERBA BUENA SF-292T X KG.,,11.00,
Producto: 311149 - SABOR CONCENTRADO MELOCOTON PF-585,,,1.00,
Bodega: 6 - COLSABOR UNICA,,,1.00,
311149,SABOR CONCENTRADO MELOCOTON PF-585,,1.00,
Producto: 311164 - SABOR CONCENTRADO YOGURT YF-329R,,,4.50,
Bodega: 6 - COLSABOR UNICA,,,4.50,
311164,SABOR CONCENTRADO YOGURT YF-329R,,4.50,
Producto: 311177 - SABOR CONCENTRADO MANTEQUILLA MF-327RT,,,0.42,
Bodega: 6 - COLSABOR UNICA,,,0.42,
311177,SABOR CONCENTRADO MANTEQUILLA MF-327RT,,0.42,
Producto: 311199 - SABOR CONCENTRADO MANGO MF-465R X KG.,,,0.45,
Bodega: 6 - COLSABOR UNICA,,,0.45,
311199,SABOR CONCENTRADO MANGO MF-465R X KG.,,0.45,
Producto: 311216 - SABOR CONCENTRADO BARBECUE BC-604,,,-0.08,
Bodega: 6 - COLSABOR UNICA,,,-0.08,
311216,SABOR CONCENTRADO BARBECUE BC-604,,-0.08,
Producto: 311237 - SABOR CONCENTRADO FRUTOS ROJOS RF-402 COLOR X KG,,,1.65,
Bodega: 6 - COLSABOR UNICA,,,1.65,
311237,SABOR CONCENTRADO FRUTOS ROJOS RF-402 COLOR X KG,,1.65,
Producto: 311246 - SABOR CONCENTRADO FRUTOS AMARILLOS FF-382R KG.,,,0.35,
Bodega: 6 - COLSABOR UNICA,,,0.35,
311246,SABOR CONCENTRADO FRUTOS AMARILLOS FF-382R KG.,,0.35,
Producto: 311255 - SABOR CONCENTRADO LIMA-LIMON LF-201T X KG.,,,2.00,
Bodega: 6 - COLSABOR UNICA,,,2.00,
311255,SABOR CONCENTRADO LIMA-LIMON LF-201T X KG.,,2.00,
Producto: 311278 - SABOR CONCENTRADO TRES LECHES TF-653 X KG,,,4.03,
Bodega: 6 - COLSABOR UNICA,,,4.03,
311278,SABOR CONCENTRADO TRES LECHES TF-653 X KG,,4.03,
Producto: 311283 - SABOR CONCENTRADO TROPICAL TF-656,,,2.00,
Bodega: 6 - COLSABOR UNICA,,,2.00,
311283,SABOR CONCENTRADO TROPICAL TF-656,,2.00,
Producto: 311310 - SABOR CONCENTRADO MIEL HF-466R X KG,,,4.00,
Bodega: 6 - COLSABOR UNICA,,,4.00,
311310,SABOR CONCENTRADO MIEL HF-466R X KG,KGM,4.00,
Producto: 311400 - VAINILLA AROMA VF-800 X KG.,,,0.96,
Bodega: 6 - COLSABOR UNICA,,,0.96,
311400,VAINILLA AROMA VF-800 X KG.,,0.96,
Producto: 311914 - SABOR CONCENTRADO LECHE CONDENSADA MF-441,,,8.00,
Bodega: 6 - COLSABOR UNICA,,,8.00,
311914,SABOR CONCENTRADO LECHE CONDENSADA MF-441,,8.00,
Producto: 312007 - SABOR CONCENTRADO NARANJA OF-584ADC,,,1.00,
Bodega: 6 - COLSABOR UNICA,,,1.00,
312007,SABOR CONCENTRADO NARANJA OF-584ADC,,1.00,
Producto: 31205 - SABOR TRIX AREQUIPE,,,1.00,
Bodega: 6 - COLSABOR UNICA,,,1.00,
31205,SABOR TRIX AREQUIPE,KGM,1.00,
Producto: 31209 - SABOR TRIX CANELA,,,1.00,
Bodega: 6 - COLSABOR UNICA,,,1.00,
31209,SABOR TRIX CANELA,KGM,1.00,
Producto: 31210 - SABOR TRIX CARAMELO,,,10.00,
Bodega: 6 - COLSABOR UNICA,,,10.00,
31210,SABOR TRIX CARAMELO,KGM,10.00,
Producto: 31227 - SABOR TRIX FRESA,,,20.00,
Bodega: 6 - COLSABOR UNICA,,,20.00,
31227,SABOR TRIX FRESA,KGM,20.00,
Producto: 31227A - SABOR TRIX FRESA SIN COLOR,,,2.00,
Bodega: 6 - COLSABOR UNICA,,,2.00,
31227A,SABOR TRIX FRESA SIN COLOR,KGM,2.00,
Producto: 31234 - SABOR TRIX LECHE CONDENSADA,,,2.00,
Bodega: 6 - COLSABOR UNICA,,,2.00,
31234,SABOR TRIX LECHE CONDENSADA,KGM,2.00,
Producto: 31240 - SABOR TRIX MANTECADO,,,20.00,
Bodega: 6 - COLSABOR UNICA,,,20.00,
31240,SABOR TRIX MANTECADO,KGM,20.00,
Producto: 31243 - SABOR TRIX MANZANA VERDE,,,3.00,
Bodega: 6 - COLSABOR UNICA,,,3.00,
31243,SABOR TRIX MANZANA VERDE,KGM,3.00,
Producto: 31272 - SABOR TRIX RON PASAS,,,0.20,
Bodega: 6 - COLSABOR UNICA,,,0.20,
31272,SABOR TRIX RON PASAS,KGM,0.20,
Producto: 31284 - SABOR TRIX MILO,,,-0.30,
Bodega: 6 - COLSABOR UNICA,,,-0.30,
31284,SABOR TRIX MILO,KGM,-0.30,
Producto: 31285 - SABOR TRIX VAINILLA Z,,,2.00,
Bodega: 6 - COLSABOR UNICA,,,2.00,
31285,SABOR TRIX VAINILLA Z,,2.00,
Producto: 31305 - SABOR GRITZ CANELA,,,0.05,
Bodega: 6 - COLSABOR UNICA,,,0.05,
31305,SABOR GRITZ CANELA,KGM,0.05,
Producto: 31313 - SABOR GRITZ CHICLE,,,0.83,
Bodega: 6 - COLSABOR UNICA,,,0.83,
31313,SABOR GRITZ CHICLE,KGM,0.83,
Producto: 31322 - SABOR GRITZ LIMON,,,1.00,
Bodega: 6 - COLSABOR UNICA,,,1.00,
31322,SABOR GRITZ LIMON,KGM,1.00,
Producto: 31351 - SABOR GRITZ COFFE DELIGHT X KG,,,2.00,
Bodega: 6 - COLSABOR UNICA,,,2.00,
31351,SABOR GRITZ COFFE DELIGHT X KG,KGM,2.00,
Producto: 31402 - SABOR CONDIMENTO POLVO STAND CANELA,,,6.80,
Bodega: 6 - COLSABOR UNICA,,,6.80,
31402,SABOR CONDIMENTO POLVO STAND CANELA,KGM,6.80,
Producto: 31403 - SABOR POLVO ESTANDAR YOGUR X KG.,,,0.09,
Bodega: 6 - COLSABOR UNICA,,,0.09,
31403,SABOR POLVO ESTANDAR YOGUR X KG.,,0.09,
Producto: 31408 - SABOR CONDIMENTO POLVO STAND CAFE,,,1.00,
Bodega: 6 - COLSABOR UNICA,,,1.00,
31408,SABOR CONDIMENTO POLVO STAND CAFE,KGM,1.00,
Producto: 31410 - SABOR CONDIMENTO POLVO STAND CARAMELO,,,9.00,
Bodega: 6 - COLSABOR UNICA,,,9.00,
31410,SABOR CONDIMENTO POLVO STAND CARAMELO,KGM,9.00,
Producto: 31417 - SABOR POLVO ESTANDAR CHOCLATE NI. X KG.,,,0.05,
Bodega: 6 - COLSABOR UNICA,,,0.05,
31417,SABOR POLVO ESTANDAR CHOCLATE NI. X KG.,,0.05,
Producto: 31427 - SABOR CONDIMENTO POLVO STAND FRESA,,,3.00,
Bodega: 6 - COLSABOR UNICA,,,3.00,
31427,SABOR CONDIMENTO POLVO STAND FRESA,,3.00,
Producto: 31431 - SABOR POLVO STND UVA CONCOLOR X KG,,,2.00,
Bodega: 6 - COLSABOR UNICA,,,2.00,
31431,SABOR POLVO STND UVA CONCOLOR X KG,,2.00,
Producto: 31432 - SABOR POLVO STAND CLAVOS Y CANELA X KG.,,,0.99,
Bodega: 6 - COLSABOR UNICA,,,0.99,
31432,SABOR POLVO STAND CLAVOS Y CANELA X KG.,,0.99,
Producto: 31436 - SABOR CONDIMENTO POLVO STAND LIMON,,,4.00,
Bodega: 6 - COLSABOR UNICA,,,4.00,
31436,SABOR CONDIMENTO POLVO STAND LIMON,,4.00,
Producto: 31445 - SABOR POLVO ESTANDAR MAYONESA,,,0.10,
Bodega: 6 - COLSABOR UNICA,,,0.10,
31445,SABOR POLVO ESTANDAR MAYONESA,,0.10,
Producto: 31463 - SABOR POLVO STAND QUESO CHEDDAR X KG.,,,1.00,
Bodega: 6 - COLSABOR UNICA,,,1.00,
31463,SABOR POLVO STAND QUESO CHEDDAR X KG.,,1.00,
Producto: 31476 - SABOR CONDIMENTO POLVO STAND UVA,,,0.06,
Bodega: 6 - COLSABOR UNICA,,,0.06,
31476,SABOR CONDIMENTO POLVO STAND UVA,,0.06,
Producto: 31477 - SABOR CONDIMENTO POLVO STAND VAINILLA,,,2.00,
Bodega: 6 - COLSABOR UNICA,,,2.00,
31477,SABOR CONDIMENTO POLVO STAND VAINILLA,,2.00,
Producto: 31487 - SABOR CONDIMENTO POLVO STAND MANTEQUILLA-QUESO X KG,,,1.00,
Bodega: 6 - COLSABOR UNICA,,,1.00,
31487,SABOR CONDIMENTO POLVO STAND MANTEQUILLA-QUESO X KG,,1.00,
Producto: 31490 - SABOR CONDIMENTO POLVO STAND FRUTOS ROJOS,,,2.00,
Bodega: 6 - COLSABOR UNICA,,,2.00,
31490,SABOR CONDIMENTO POLVO STAND FRUTOS ROJOS,,2.00,
Producto: 31493 - SABOR CONDIMENTO POLVO STAND CIDRON,,,10.00,
Bodega: 6 - COLSABOR UNICA,,,10.00,
31493,SABOR CONDIMENTO POLVO STAND CIDRON,,10.00,
Producto: 31496 - SABOR POLVO STAND COOKIES AND CREAM,,,0.50,
Bodega: 6 - COLSABOR UNICA,,,0.50,
31496,SABOR POLVO STAND COOKIES AND CREAM,KG,0.50,
Producto: 31500 - CAFE AROMA EN POLVO,,,1.04,
Bodega: 6 - COLSABOR UNICA,,,1.04,
31500,CAFE AROMA EN POLVO,,1.04,
Producto: 315016 - LIMON JENGIBRE LF-497RT,,,0.01,
Bodega: 6 - COLSABOR UNICA,,,0.01,
315016,LIMON JENGIBRE LF-497RT,,0.01,
Producto: 31502 - COLOR CARAMELO COLSABOR GARRAFA X 5 KG,,,71.00,
Bodega: 6 - COLSABOR UNICA,,,73.00,
31502,COLOR CARAMELO COLSABOR GARRAFA X 5 KG,,73.00,
Bodega: Sin asignar,,,-2.00,
31502,COLOR CARAMELO COLSABOR GARRAFA X 5 KG,,-2.00,
Producto: 31503 - COLOR CARAMELO COLSABOR FRASCO X 650 GR,,,72.00,
Bodega: 6 - COLSABOR UNICA,,,73.00,
31503,COLOR CARAMELO COLSABOR FRASCO X 650 GR,,73.00,
Bodega: Sin asignar,,,-1.00,
31503,COLOR CARAMELO COLSABOR FRASCO X 650 GR,,-1.00,
Producto: 31504 - COLOR CARAMELO COLSABOR FRASCO X 90 G,,,230.00,
Bodega: 6 - COLSABOR UNICA,,,230.00,
31504,COLOR CARAMELO COLSABOR FRASCO X 90 G,,230.00,
Producto: 31507 - COLOR CARAMELO COLSABOR X 25 KG,,,24.00,
Bodega: 6 - COLSABOR UNICA,,,24.00,
31507,COLOR CARAMELO COLSABOR X 25 KG,,24.00,
Producto: 315100 - COLOR FUCSIA GOTERO X 14 GR,,,113.00,
Bodega: 6 - COLSABOR UNICA,,,113.00,
315100,COLOR FUCSIA GOTERO X 14 GR,,113.00,
Producto: 315101 - COLOR PIEL GOTERO X 14 GR,,,13.00,
Bodega: 6 - COLSABOR UNICA,,,13.00,
315101,COLOR PIEL GOTERO X 14 GR,,13.00,
Producto: 315102 - COLOR NARANJA GOTERO X 14 GRS,,,253.00,
Bodega: 6 - COLSABOR UNICA,,,253.00,
315102,COLOR NARANJA GOTERO X 14 GRS,,253.00,
Producto: 315103 - COLOR ROSADO GOTERO X 14 GR,,,157.00,
Bodega: 6 - COLSABOR UNICA,,,157.00,
315103,COLOR ROSADO GOTERO X 14 GR,,157.00,
Producto: 315104 - COLOR LILA GOTERO X 14 GR,,,70.00,
Bodega: 6 - COLSABOR UNICA,,,70.00,
315104,COLOR LILA GOTERO X 14 GR,,70.00,
Producto: 315105 - COLOR VERDE LIMON GOTERO X 14 GR,,,189.00,
Bodega: 6 - COLSABOR UNICA,,,189.00,
315105,COLOR VERDE LIMON GOTERO X 14 GR,,189.00,
Producto: 315108 - COLOR CARAMELO GOTERO X 14 GR,,,16.00,
Bodega: 6 - COLSABOR UNICA,,,16.00,
315108,COLOR CARAMELO GOTERO X 14 GR,,16.00,
Producto: 315109 - COLOR NEGRO GOTERO X 14 GRS,,,121.00,
Bodega: 5 - BODEGA 5,,,3.00,
315109,COLOR NEGRO GOTERO X 14 GRS,,3.00,
Bodega: 6 - COLSABOR UNICA,,,118.00,
315109,COLOR NEGRO GOTERO X 14 GRS,,118.00,
Producto: 315110 - COLOR CAFE GOTERO X 14 GRS,,,38.00,
Bodega: 6 - COLSABOR UNICA,,,38.00,
315110,COLOR CAFE GOTERO X 14 GRS,,38.00,
Producto: 315111 - COLOR BLANCO GOTERO X 14 GR,,,57.00,
Bodega: 6 - COLSABOR UNICA,,,57.00,
315111,COLOR BLANCO GOTERO X 14 GR,,57.00,
Producto: 315112 - COLOR UVA GOTERO X 14 GR,,,18.00,
Bodega: 6 - COLSABOR UNICA,,,18.00,
315112,COLOR UVA GOTERO X 14 GR,,18.00,
Producto: 315114 - COLOR AMARILLO HUEVO TR X 500 GMS,,,141.00,
Bodega: 6 - COLSABOR UNICA,,,151.00,
315114,COLOR AMARILLO HUEVO TR X 500 GMS,,151.00,
Bodega: Sin asignar,,,-10.00,
315114,COLOR AMARILLO HUEVO TR X 500 GMS,,-10.00,
Producto: 315115 - COLOR ROJO ESCARLATA ECO TR X 500 GMS,,,72.00,
Bodega: 6 - COLSABOR UNICA,,,72.00,
315115,COLOR ROJO ESCARLATA ECO TR X 500 GMS,,72.00,
Producto: 315116 - COLOR AZUL TR 500 X GMS,,,24.00,
Bodega: 6 - COLSABOR UNICA,,,24.00,
315116,COLOR AZUL TR 500 X GMS,,24.00,
Producto: 315117 - COLOR VERDE 2 TR X 500 GMS,,,22.00,
Bodega: 6 - COLSABOR UNICA,,,22.00,
315117,COLOR VERDE 2 TR X 500 GMS,,22.00,
Producto: 315121 - COLOR VERDE LIMON TR X 500 GMS,,,1.00,
Bodega: 6 - COLSABOR UNICA,,,1.00,
315121,COLOR VERDE LIMON TR X 500 GMS,,1.00,
Producto: 315125 - COLOR AMARILLO X 450 GR,,,1.00,
Bodega: 6 - COLSABOR UNICA,,,1.00,
315125,COLOR AMARILLO X 450 GR,,1.00,
Producto: 315126 - COLOR AZUL X 450 GR,,,4.00,
Bodega: 6 - COLSABOR UNICA,,,4.00,
315126,COLOR AZUL X 450 GR,,4.00,
Producto: 315128 - COLOR ROSADO X 450 GR,,,9.00,
Bodega: 6 - COLSABOR UNICA,,,9.00,
315128,COLOR ROSADO X 450 GR,,9.00,
Producto: 315129 - COLOR BLANCO X 450 GR,,,1.00,
Bodega: 6 - COLSABOR UNICA,,,1.00,
315129,COLOR BLANCO X 450 GR,,1.00,
Producto: 315130 - COLOR VERDE X 450 GR,,,3.00,
Bodega: 6 - COLSABOR UNICA,,,3.00,
315130,COLOR VERDE X 450 GR,,3.00,
Producto: 315131 - COLOR NARANJA X 450 GRS,,,8.00,
Bodega: 6 - COLSABOR UNICA,,,8.00,
315131,COLOR NARANJA X 450 GRS,,8.00,
Producto: 315132 - COLOR VERDE LIMON X 450 GR,,,5.00,
Bodega: 6 - COLSABOR UNICA,,,5.00,
315132,COLOR VERDE LIMON X 450 GR,,5.00,
Producto: 315134 - COLOR FUCSIA X 450 GR,,,1.00,
Bodega: 6 - COLSABOR UNICA,,,1.00,
315134,COLOR FUCSIA X 450 GR,,1.00,
Producto: 315136 - COLOR LIQUIDO TURQUESA X 450 GR,,,1.00,
Bodega: 6 - COLSABOR UNICA,,,1.00,
315136,COLOR LIQUIDO TURQUESA X 450 GR,,1.00,
Producto: 315138 - COLOR ROJO X 450 GRS,,,33.00,
Bodega: 6 - COLSABOR UNICA,,,33.00,
315138,COLOR ROJO X 450 GRS,,33.00,
Producto: 31514 - COLOR AZUL CLARO GOTERO X 10 CC,,,21.00,
Bodega: 6 - COLSABOR UNICA,,,21.00,
31514,COLOR AZUL CLARO GOTERO X 10 CC,,21.00,
Producto: 315140 - COLOR CJOCOLATE PARDO PURO EUROPA X KG.,,,1.00,
Bodega: 6 - COLSABOR UNICA,,,1.00,
315140,COLOR CJOCOLATE PARDO PURO EUROPA X KG.,,1.00,
Producto: 315141 - COLOR TURQUESA GEL X 60 CC.,,,2.00,
Bodega: 6 - COLSABOR UNICA,,,2.00,
315141,COLOR TURQUESA GEL X 60 CC.,,2.00,
Producto: 315148 - COLOR CARAMELO ECO X KL,,,1.50,
Bodega: 6 - COLSABOR UNICA,,,1.50,
315148,COLOR CARAMELO ECO X KL,,1.50,
Producto: 315152 - COLOR LIQUIDO CARAMELO X 80 GR.,,,1.00,
Bodega: 6 - COLSABOR UNICA,,,1.00,
315152,COLOR LIQUIDO CARAMELO X 80 GR.,,1.00,
Producto: 315153 - COLOR AMARILLO HUEVO ECO X KG,,,1.00,
Bodega: 6 - COLSABOR UNICA,,,1.00,
315153,COLOR AMARILLO HUEVO ECO X KG,,1.00,
Producto: 315155 - COLOR AZUL ECO X KG,,,0.30,
Bodega: 6 - COLSABOR UNICA,,,0.30,
315155,COLOR AZUL ECO X KG,,0.30,
Producto: 315164 - COLOR VERDE MENTA X 450 GR,,,2.00,
Bodega: 6 - COLSABOR UNICA,,,2.00,
315164,COLOR VERDE MENTA X 450 GR,,2.00,
Producto: 315168 - COLOR LIQUIDO TURQUESA X 80 GR,,,1.00,
Bodega: 6 - COLSABOR UNICA,,,1.00,
315168,COLOR LIQUIDO TURQUESA X 80 GR,,1.00,
Producto: 315174 - COLOR LIQUIDO TURQUESA GOTERO X 14 GR,,,4.00,
Bodega: 6 - COLSABOR UNICA,,,4.00,
315174,COLOR LIQUIDO TURQUESA GOTERO X 14 GR,,4.00,
Producto: 315181 - COLOR MORADO 2 TR X 500 G.,,,1.00,
Bodega: 6 - COLSABOR UNICA,,,1.00,
315181,COLOR MORADO 2 TR X 500 G.,,1.00,
Producto: 315201 - COLOR LILA ECO X KG.,,,0.03,
Bodega: 6 - COLSABOR UNICA,,,0.03,
315201,COLOR LILA ECO X KG.,,0.03,
Producto: 315202 - COLOR VERDE MENTA GEL X 60 CC.,,,1.00,
Bodega: 6 - COLSABOR UNICA,,,1.00,
315202,COLOR VERDE MENTA GEL X 60 CC.,,1.00,
Producto: 315204 - COLOR VERDE MANZANA ECO X 500 GR.,,,1.00,
Bodega: 6 - COLSABOR UNICA,,,1.00,
315204,COLOR VERDE MANZANA ECO X 500 GR.,,1.00,
Producto: 315216 - COLOR AMARILLO ECO TR X 500 GMS,,,14.00,
Bodega: 6 - COLSABOR UNICA,,,14.00,
315216,COLOR AMARILLO ECO TR X 500 GMS,,14.00,
Producto: 315219 - COLOR LILA X 450 CC,,,1.00,
Bodega: 6 - COLSABOR UNICA,,,1.00,
315219,COLOR LILA X 450 CC,,1.00,
Producto: 315226 - COLOR MELOCOTON GOTERO X 10 CC,,,2.00,
Bodega: 6 - COLSABOR UNICA,,,2.00,
315226,COLOR MELOCOTON GOTERO X 10 CC,,2.00,
Producto: 315227 - COLOR VERDE LIMON BOLSA X 25 GMS,,,2.00,
Bodega: 6 - COLSABOR UNICA,,,2.00,
315227,COLOR VERDE LIMON BOLSA X 25 GMS,,2.00,
Producto: 31524 - COLOR LIQUIDO ROJO X KL,,,1.00,
Bodega: 6 - COLSABOR UNICA,,,1.00,
31524,COLOR LIQUIDO ROJO X KL,,1.00,
Producto: 315241 - COLOR FUCSIA 2 GOTERO X 14 GR,,,180.00,
Bodega: 6 - COLSABOR UNICA,,,180.00,
315241,COLOR FUCSIA 2 GOTERO X 14 GR,,180.00,
Producto: 315242 - COLOR FUCSIA 2 GOTERO X 80 GRS,,,9.00,
Bodega: 6 - COLSABOR UNICA,,,9.00,
315242,COLOR FUCSIA 2 GOTERO X 80 GRS,,9.00,
Producto: 315243 - COLOR FUCSIA 2 X 450 GRS,,,1.00,
Bodega: 6 - COLSABOR UNICA,,,1.00,
315243,COLOR FUCSIA 2 X 450 GRS,,1.00,
Producto: 315245 - COLOR ROSADO 2 GOTERO X 14 GRS,,,141.00,
Bodega: 6 - COLSABOR UNICA,,,141.00,
315245,COLOR ROSADO 2 GOTERO X 14 GRS,,141.00,
Producto: 315246 - COLOR ROSADO 2 GOTERO X 80 GRS,,,24.00,
Bodega: 6 - COLSABOR UNICA,,,24.00,
315246,COLOR ROSADO 2 GOTERO X 80 GRS,,24.00,
Producto: 315247 - COLOR ROSADO 2 X 450 GRS,,,11.00,
Bodega: 6 - COLSABOR UNICA,,,11.00,
315247,COLOR ROSADO 2 X 450 GRS,,11.00,
Producto: 31526 - COLOR LIQUIDO VERDE X KL,,,1.00,
Bodega: 6 - COLSABOR UNICA,,,1.00,
31526,COLOR LIQUIDO VERDE X KL,,1.00,
Producto: 315260 - COLOR AMARILLO LIMON X 450 GR,,,2.00,
Bodega: 6 - COLSABOR UNICA,,,2.00,
315260,COLOR AMARILLO LIMON X 450 GR,,2.00,
Producto: 315263 - COLOR VERDE MANZANA X 14 CC,,,2.00,
Bodega: 6 - COLSABOR UNICA,,,2.00,
315263,COLOR VERDE MANZANA X 14 CC,,2.00,
Producto: 315270 - COLOR AZUL GEL X 80 GR,,,2.00,
Bodega: 6 - COLSABOR UNICA,,,2.00,
315270,COLOR AZUL GEL X 80 GR,,2.00,
Producto: 315271 - COLOR AMARILLO GEL X 80,,,7.00,
Bodega: 6 - COLSABOR UNICA,,,7.00,
315271,COLOR AMARILLO GEL X 80,,7.00,
Producto: 315272 - COLOR NARANJA GEL X 80,,,1.00,
Bodega: 6 - COLSABOR UNICA,,,1.00,
315272,COLOR NARANJA GEL X 80,,1.00,
Producto: 315273 - COLOR ROJO GEL X 80,,,3.00,
Bodega: 6 - COLSABOR UNICA,,,3.00,
315273,COLOR ROJO GEL X 80,,3.00,
Producto: 315274 - COLOR ROSADO 2 GEL X 80,,,4.00,
Bodega: 6 - COLSABOR UNICA,,,4.00,
315274,COLOR ROSADO 2 GEL X 80,,4.00,
Producto: 315275 - COLOR NEGRO GEL X 80,,,3.00,
Bodega: 6 - COLSABOR UNICA,,,3.00,
315275,COLOR NEGRO GEL X 80,,3.00,
Producto: 315281 - COLOR MORA GOTERO X 14 GR,,,26.00,
Bodega: 6 - COLSABOR UNICA,,,26.00,
315281,COLOR MORA GOTERO X 14 GR,,26.00,
Producto: 315282 - COLOR VERDE GEL X 80 GR.,,,2.00,
Bodega: 6 - COLSABOR UNICA,,,2.00,
315282,COLOR VERDE GEL X 80 GR.,,2.00,
Producto: 315290 - COLOR UVA 2 PURO X KG,,,0.50,
Bodega: 6 - COLSABOR UNICA,,,0.50,
315290,COLOR UVA 2 PURO X KG,,0.50,
Producto: 31549 - COLOR LILA GOTERO X 80 GRS,,,8.00,
Bodega: 6 - COLSABOR UNICA,,,8.00,
31549,COLOR LILA GOTERO X 80 GRS,,8.00,
Producto: 31550 - COLOR FUCSIA X 80 GR,,,7.00,
Bodega: 6 - COLSABOR UNICA,,,7.00,
31550,COLOR FUCSIA X 80 GR,,7.00,
Producto: 31551 - COLOR AMARILLO X 80 GR,,,31.00,
Bodega: 6 - COLSABOR UNICA,,,31.00,
31551,COLOR AMARILLO X 80 GR,,31.00,
Producto: 31552 - COLOR ROJO GOTERO X 80 GRS,,,52.00,
Bodega: 6 - COLSABOR UNICA,,,52.00,
31552,COLOR ROJO GOTERO X 80 GRS,,52.00,
Producto: 31553 - COLOR VERDE GOTERO X 80 GRS,,,12.00,
Bodega: 6 - COLSABOR UNICA,,,12.00,
31553,COLOR VERDE GOTERO X 80 GRS,,12.00,
Producto: 31554 - COLOR NEGRO GOTERO X 80  GRS,,,1.00,
Bodega: 6 - COLSABOR UNICA,,,1.00,
31554,COLOR NEGRO GOTERO X 80  GRS,,1.00,
Producto: 31555 - COLOR AZUL GOTERO X 80 GRS,,,80.00,
Bodega: 6 - COLSABOR UNICA,,,80.00,
31555,COLOR AZUL GOTERO X 80 GRS,,80.00,
Producto: 31556 - COLOR MORADO GOTERO X 80 GRS,,,10.00,
Bodega: 6 - COLSABOR UNICA,,,10.00,
31556,COLOR MORADO GOTERO X 80 GRS,,10.00,
Producto: 31557 - COLOR NARANJA GOTERO X 80 GRS,,,9.00,
Bodega: 6 - COLSABOR UNICA,,,9.00,
31557,COLOR NARANJA GOTERO X 80 GRS,,9.00,
Producto: 31559 - COLOR ROSADO X 80 GR,,,14.00,
Bodega: 6 - COLSABOR UNICA,,,14.00,
31559,COLOR ROSADO X 80 GR,,14.00,
Producto: 31560 - COLOR VERDE LIMON GOTERO X 80 GRS,,,8.00,
Bodega: 6 - COLSABOR UNICA,,,8.00,
31560,COLOR VERDE LIMON GOTERO X 80 GRS,,8.00,
Producto: 31561 - COLOR BLANCO X 80 GR,,,4.00,
Bodega: 6 - COLSABOR UNICA,,,4.00,
31561,COLOR BLANCO X 80 GR,,4.00,
Producto: 31564 - COLOR CAFE GOTERO X 80 GRS,,,13.00,
Bodega: 6 - COLSABOR UNICA,,,13.00,
31564,COLOR CAFE GOTERO X 80 GRS,,13.00,
Producto: 31580 - COLOR ROJO ESCARLATA BOLSA X 25 GMS,,,37.00,
Bodega: 6 - COLSABOR UNICA,,,37.00,
31580,COLOR ROJO ESCARLATA BOLSA X 25 GMS,,37.00,
Producto: 31581 - COLOR AZUL BOLSA X 25 GMS,,,1.00,
Bodega: 6 - COLSABOR UNICA,,,1.00,
31581,COLOR AZUL BOLSA X 25 GMS,,1.00,
Producto: 31582 - COLOR VERDE 2 BOLSA X 25 GMS,,,1.00,
Bodega: 6 - COLSABOR UNICA,,,1.00,
31582,COLOR VERDE 2 BOLSA X 25 GMS,,1.00,
Producto: 31584 - COLOR ROSADO BOLSA X 25 GMS,,,1.00,
Bodega: 6 - COLSABOR UNICA,,,1.00,
31584,COLOR ROSADO BOLSA X 25 GMS,,1.00,
Producto: 31585 - COLOR VERDE MENTA 2 BOLSA X 25 GMS,,,2.00,
Bodega: 6 - COLSABOR UNICA,,,2.00,
31585,COLOR VERDE MENTA 2 BOLSA X 25 GMS,,2.00,
Producto: 31586 - COLOR NARANJA 2 BOLSA X 25 GMS,,,6.00,
Bodega: 6 - COLSABOR UNICA,,,6.00,
31586,COLOR NARANJA 2 BOLSA X 25 GMS,,6.00,
Producto: 31587 - COLOR FUCSIA 3 BOLSA X 25 GMS,,,2.00,
Bodega: 6 - COLSABOR UNICA,,,2.00,
31587,COLOR FUCSIA 3 BOLSA X 25 GMS,,2.00,
Producto: 31588 - COLOR LILA BOLSA X 25 GMS,,,1.00,
Bodega: 6 - COLSABOR UNICA,,,1.00,
31588,COLOR LILA BOLSA X 25 GMS,,1.00,
Producto: 31589 - COLOR NEGRO BOLSA X 25 GMS,,,11.00,
Bodega: 6 - COLSABOR UNICA,,,11.00,
31589,COLOR NEGRO BOLSA X 25 GMS,,11.00,
Producto: 31593 - COLOR AMARILLO HUEVO BOLSA X 25 GMS,,,39.00,
Bodega: 6 - COLSABOR UNICA,,,39.00,
31593,COLOR AMARILLO HUEVO BOLSA X 25 GMS,,39.00,
Producto: 31594 - COLOR AMARILLO GOTERO X 14 GR,,,110.00,
Bodega: 6 - COLSABOR UNICA,,,110.00,
31594,COLOR AMARILLO GOTERO X 14 GR,,110.00,
Producto: 31595 - COLOR ROJO GOTERO X 14 GRS,,,40.00,
Bodega: 6 - COLSABOR UNICA,,,40.00,
31595,COLOR ROJO GOTERO X 14 GRS,,40.00,
Producto: 31596 - COLOR AZUL GOTERO X 14 GRS,,,81.00,
Bodega: 6 - COLSABOR UNICA,,,81.00,
31596,COLOR AZUL GOTERO X 14 GRS,,81.00,
Producto: 31597 - COLOR VERDE GOTERO X 14 GRS,,,86.00,
Bodega: 6 - COLSABOR UNICA,,,86.00,
31597,COLOR VERDE GOTERO X 14 GRS,,86.00,
Producto: 31599 - COLOR MORADO GOTERO X 14 GRS,,,9.00,
Bodega: 6 - COLSABOR UNICA,,,9.00,
31599,COLOR MORADO GOTERO X 14 GRS,,9.00,
Producto: 31602 - MEJORADOR BAKERMAN PAQUETE X 2.5 KG,,,1.00,
Bodega: 6 - COLSABOR UNICA,,,1.00,
31602,MEJORADOR BAKERMAN PAQUETE X 2.5 KG,,1.00,
Producto: 31603 - MEJORADOR BAKERMAN PAQUETE X 1 KG,,,1.00,
Bodega: 6 - COLSABOR UNICA,,,1.00,
31603,MEJORADOR BAKERMAN PAQUETE X 1 KG,,1.00,
Producto: 31607 - AZUCAR 5X PAQUETE X 2.5 KG,,,2.00,
Bodega: 6 - COLSABOR UNICA,,,2.00,
31607,AZUCAR 5X PAQUETE X 2.5 KG,,2.00,
Producto: 31608 - ANTIMOHO PAQUETE X 1 LB,,,9.00,
Bodega: 6 - COLSABOR UNICA,,,9.00,
31608,ANTIMOHO PAQUETE X 1 LB,,9.00,
Producto: 316107 - POLVO PARA HORNEAR BAKERMAN DOBLE ACCION PAQ X LB,,,3.00,
,,,,GLSS Y RELLENO
,,,,
,,,,
Producto: 31610 - GLASEADO PIÑA X KL,,,21.00,21.00
Bodega: 6 - COLSABOR UNICA,,,21.00,
31610,GLASEADO PIÑA X KL,,21.00,
Bodega: 6 - COLSABOR UNICA,,,3.00,
316107,POLVO PARA HORNEAR BAKERMAN DOBLE ACCION PAQ X LB,,3.00,
Producto: 31611 - GLASEADO FRESA X KL,,,19.00,19.00
Bodega: 6 - COLSABOR UNICA,,,19.00,19.00
31611,GLASEADO FRESA X KL,,19.00,19.00
Producto: 31612 - GLASEADO MELOCOTON X KL,,,3.00,3.00
Bodega: 6 - COLSABOR UNICA,,,3.00,3.00
31612,GLASEADO MELOCOTON X KL,,3.00,3.00
Producto: 31613 - GLASEADO LIMON X KL,,,3.00,3.00
Bodega: 6 - COLSABOR UNICA,,,3.00,
31613,GLASEADO LIMON X KL,,3.00,
Producto: 316136 - GLASEADO NEUTRO BAKERMAN X 4.5 KG,,,7.00,31.5
Bodega: 6 - COLSABOR UNICA,,,7.00,
316136,GLASEADO NEUTRO BAKERMAN X 4.5 KG,,7.00,
Producto: 316137 - GLASEADO NEUTRO BAKERMAN X KG,,,10.00,10.00
Bodega: 6 - COLSABOR UNICA,,,10.00,10.00
316137,GLASEADO NEUTRO BAKERMAN X KG,,10.00,10.00
Producto: 316140 - GLASEADO FRESA BAKERMAN X KG,,,16.00,16.00
Bodega: 6 - COLSABOR UNICA,,,16.00,16.00
316140,GLASEADO FRESA BAKERMAN X KG,,16.00,16.00
Producto: 316143 - GLASEADO MELOCOTON BAKERMAN X KG,,,13.00,13.00
Bodega: 6 - COLSABOR UNICA,,,13.00,
316143,GLASEADO MELOCOTON BAKERMAN X KG,,13.00,
Producto: 316145 - GLASEADO PIÑA BAKERMAN X 4.5 KG,,,2.00,9
Bodega: 6 - COLSABOR UNICA,,,2.00,
316145,GLASEADO PIÑA BAKERMAN X 4.5 KG,,2.00,
Producto: 316146 - GLASEADO PIÑA BAKERMAN X KG,,,7.00,7.00
Bodega: 6 - COLSABOR UNICA,,,7.00,
316146,GLASEADO PIÑA BAKERMAN X KG,,7.00,
Producto: 316148 - GLASEADO MORA BAKERMAN X 4.5 KG,,,2.00,9
Bodega: 6 - COLSABOR UNICA,,,2.00,
316148,GLASEADO MORA BAKERMAN X 4.5 KG,,2.00,
Producto: 316149 - GLASEADO MORA BAKERMAN X KG,,,2.00,2.00
Bodega: 6 - COLSABOR UNICA,,,2.00,2.00
316149,GLASEADO MORA BAKERMAN X KG,,2.00,2.00
Producto: 316157 - GLASEADO LIMON BAKERMAN X KG,,,7.00,7.00
Bodega: 6 - COLSABOR UNICA,,,7.00,7.00
316157,GLASEADO LIMON BAKERMAN X KG,,7.00,7.00
Producto: 316159 - GLASEADO MANZANA BAKERMAN X KG,,,2.00,2.00
Bodega: 6 - COLSABOR UNICA,,,2.00,2.00
316159,GLASEADO MANZANA BAKERMAN X KG,,2.00,2.00
Producto: 31616 - GLASEADO NEUTRO X KG,,,6.00,6.00
Bodega: 6 - COLSABOR UNICA,,,6.00,6.00
31616,GLASEADO NEUTRO X KG,,6.00,6.00
Producto: 316161 - GLASEADO UVA BAKERMAN X KG,,,3.00,3.00
Bodega: 6 - COLSABOR UNICA,,,3.00,
316161,GLASEADO UVA BAKERMAN X KG,,3.00,
Producto: 316164 - GLASEADO LIMON BAKERMAN X 4.5 KG,,,1.00,4.5
Bodega: 6 - COLSABOR UNICA,,,1.00,
316164,GLASEADO LIMON BAKERMAN X 4.5 KG,,1.00,
Producto: 31620 - GLASEADO MORA X KG,,,12.00,12.00
Producto: 31640 - GLASEADO FRESA X 4.5 KG,,,8.00,36
Bodega: 6 - COLSABOR UNICA,,,8.00,
Producto: 31641 - GLASEADO MELOCOTON X 4.5 KG,,,15.00,67.5
Producto: 31651 - GLASEADO CHICLE X KG,,,6.00,6.00
Producto: 31656 - GLASEADO NEUTRO X 4.5 KG,,,4.00,18
Producto: 31660 - GLASEADO CHOCOLATE X KG,,,48.00,48.00
Producto: 31661 - GLASEADO CHOCOLATE X 4.5 KG,,,7.00,31.5
,,,TOTAL,515.00
,,,,
,,,,
Producto: 31619 - AZUCAR 5X  ARROBA X 12.5 KG,,,1.00,
Bodega: 6 - COLSABOR UNICA,,,1.00,
31619,AZUCAR 5X  ARROBA X 12.5 KG,,1.00,
,,,,
Bodega: 6 - COLSABOR UNICA,,,12.00,
31620,GLASEADO MORA X KG,,12.00,
Producto: 31621 - AZUCAR 5X X LB.,,,5.00,
Bodega: 6 - COLSABOR UNICA,,,5.00,
31621,AZUCAR 5X X LB.,,5.00,
,,,,
,,,,
,,,,
,,,,
,,,,
,,,,
,,,,
,,,,
,,,,
,,,,
Bodega: 6 - COLSABOR UNICA,,,4.00,
31656,GLASEADO NEUTRO X 4.5 KG,,4.00,
Producto: 31657 - ANTIMOHO X 25 KG,,,2.00,
Bodega: 6 - COLSABOR UNICA,,,2.00,
31657,ANTIMOHO X 25 KG,,2.00,
,,,,
,,,,
,,,,
,,,,
Bodega: 6 - COLSABOR UNICA,,,7.00,
31661,GLASEADO CHOCOLATE X 4.5 KG,,7.00,
Producto: 31688 - POLVO PARA HORNEAR COLSABOR BULTO X 25 KG,,,1.00,
Bodega: 6 - COLSABOR UNICA,,,1.00,
31688,POLVO PARA HORNEAR COLSABOR BULTO X 25 KG,,1.00,
Producto: 31691 - POLVO PARA HORNEAR COLSABOR X KG,,,1.00,
Bodega: 6 - COLSABOR UNICA,,,2.00,
31691,POLVO PARA HORNEAR COLSABOR X KG,,2.00,
Bodega: Sin asignar,,,-1.00,
31691,POLVO PARA HORNEAR COLSABOR X KG,,-1.00,
Producto: 31692 - POLVO PARA HORNEAR COLSABOR X 2.5 KG,,,3.00,
Bodega: 6 - COLSABOR UNICA,,,3.00,
31692,POLVO PARA HORNEAR COLSABOR X 2.5 KG,,3.00,
Producto: 31705 - AZUCAR GLAS VAINILLA X KG.,,,1.50,
Bodega: 6 - COLSABOR UNICA,,,1.50,
31705,AZUCAR GLAS VAINILLA X KG.,,1.50,
Producto: 31710 - QUESO CHEDDAR PARA SNACKS X KG.,,,4.00,
Bodega: 6 - COLSABOR UNICA,,,4.00,
31710,QUESO CHEDDAR PARA SNACKS X KG.,,4.00,
Producto: 317105 - SABOR EN POLVO LIMON SNACKS SABOR CONCENTRADO X KG,,,50.00,
Bodega: 6 - COLSABOR UNICA,,,50.00,
317105,SABOR EN POLVO LIMON SNACKS SABOR CONCENTRADO X KG,,50.00,
Producto: 317106 - LIMON PIMIENTA SNACK,,,1.00,
Bodega: 6 - COLSABOR UNICA,,,1.00,
317106,LIMON PIMIENTA SNACK,,1.00,
Producto: 31711 - AZUCAR GLASS MARACUYA X KG,,,3.96,
Bodega: 6 - COLSABOR UNICA,,,3.96,
31711,AZUCAR GLASS MARACUYA X KG,,3.96,
Producto: 31714 - AZUCAR GLASS CANELA X KG.,,,1.00,
Bodega: 6 - COLSABOR UNICA,,,1.00,
31714,AZUCAR GLASS CANELA X KG.,,1.00,
Producto: 31716 - AZUCAR GLASS CHICLE X KG,,,0.57,
Bodega: 6 - COLSABOR UNICA,,,0.57,
31716,AZUCAR GLASS CHICLE X KG,,0.57,
Producto: 31719 - SERVICIO DE MAQUILA,,,-2.01,
Bodega: 6 - COLSABOR UNICA,,,-2.01,
31719,SERVICIO DE MAQUILA,,-2.01,
Producto: 31727 - VITAMINA A VEN X KG.,,,"26,502.57",
Bodega: 6 - COLSABOR UNICA,,,"26,502.57",
31727,VITAMINA A VEN X KG.,,"26,502.57",
Producto: 31729 - ESTABILIZANTE LUXURY TROP X KG.,,,25.00,
Bodega: 6 - COLSABOR UNICA,,,25.00,
31729,ESTABILIZANTE LUXURY TROP X KG.,,25.00,
Producto: 31732 - SABOR PARA SNACK BARBECUE DULCE X KG,,,1.00,
Bodega: 6 - COLSABOR UNICA,,,1.00,
31732,SABOR PARA SNACK BARBECUE DULCE X KG,,1.00,
Producto: 31792 - TOCINETA PARA SNACKS X KG.,,,0.55,
Bodega: 6 - COLSABOR UNICA,,,0.55,
31792,TOCINETA PARA SNACKS X KG.,,0.55,
Producto: 31803 - BREVAS EN ALMIBAR X 4 LT,,,4.00,
Bodega: 6 - COLSABOR UNICA,,,22.00,
31803,BREVAS EN ALMIBAR X 4 LT,,22.00,
Bodega: Sin asignar,,,-18.00,
31803,BREVAS EN ALMIBAR X 4 LT,,-18.00,
Producto: 318106 - COCOA LUKER X LB,,,3.00,
Bodega: 6 - COLSABOR UNICA,,,3.00,
318106,COCOA LUKER X LB,,3.00,
Producto: 318108 - GELATINA TIPO A X 25 KG.,,,2.00,
Bodega: 6 - COLSABOR UNICA,,,2.00,
318108,GELATINA TIPO A X 25 KG.,,2.00,
Producto: 318109 - GLUCOSA 11:53 BIDON X 40 KG,,,0.33,
Bodega: 6 - COLSABOR UNICA,,,0.33,
318109,GLUCOSA 11:53 BIDON X 40 KG,,0.33,
Producto: 31812 - GLICERINA X 620 GM,,,16.00,
Bodega: 6 - COLSABOR UNICA,,,16.00,
31812,GLICERINA X 620 GM,,16.00,
Producto: 31814 - GLUCOSA X LB,,,5.00,
Bodega: 6 - COLSABOR UNICA,,,5.00,
31814,GLUCOSA X LB,,5.00,
Producto: 31826 - CMC 28 X KL,,,1.00,
Bodega: 6 - COLSABOR UNICA,,,1.00,
31826,CMC 28 X KL,,1.00,
Producto: 31846 - GRAGEAS X 1 LB,,,43.00,
Bodega: 6 - COLSABOR UNICA,,,43.00,
31846,GRAGEAS X 1 LB,,43.00,
Producto: 31847 - GRAGEAS X 3 KG,,,4.00,
Bodega: 6 - COLSABOR UNICA,,,4.00,
31847,GRAGEAS X 3 KG,,4.00,
Producto: 31850 - ESENCIA CEREZA CAKE X GARRAFA,,,103.00,
Bodega: 6 - COLSABOR UNICA,,,103.00,
31850,ESENCIA CEREZA CAKE X GARRAFA,,103.00,
Producto: 31851 - ESENCIA CEREZA CAKE X 20 LT,,,92.00,
Bodega: 6 - COLSABOR UNICA,,,92.00,
31851,ESENCIA CEREZA CAKE X 20 LT,,92.00,
Producto: 318522 - ESENCIA CEREZA CAKE X 10 LT,,,32.00,
Bodega: 6 - COLSABOR UNICA,,,32.00,
318522,ESENCIA CEREZA CAKE X 10 LT,,32.00,
Producto: 318523 - ESENCIA CEREZA CAKE X 500 CC,,,38.00,
Bodega: 6 - COLSABOR UNICA,,,38.00,
318523,ESENCIA CEREZA CAKE X 500 CC,,38.00,
Producto: 31853 - VAINILLA NEGRA CASERA X 20 LT,,,5.00,
Bodega: 6 - COLSABOR UNICA,,,5.00,
31853,VAINILLA NEGRA CASERA X 20 LT,,5.00,
Producto: 31854 - ESENCIA CEREZA CAKE CONCENTRADA 13% X 20 LTS.,,,1.00,
Bodega: 6 - COLSABOR UNICA,,,1.00,
31854,ESENCIA CEREZA CAKE CONCENTRADA 13% X 20 LTS.,,1.00,
Producto: 31856 - ESENCIA CEREZA CAKE CONCENTRADA 13% X 10 LTS,,,1.00,
Bodega: 6 - COLSABOR UNICA,,,1.00,
31856,ESENCIA CEREZA CAKE CONCENTRADA 13% X 10 LTS,,1.00,
Producto: 31858 - ENDULZANTE SUCRALOSA 15X X 350 GMS,,,6.00,
Bodega: 6 - COLSABOR UNICA,,,6.00,
31858,ENDULZANTE SUCRALOSA 15X X 350 GMS,,6.00,
Producto: 31863 - ESENCIA MOSCATEL CAKE X 10 LT,,,12.00,
Bodega: 6 - COLSABOR UNICA,,,12.00,
31863,ESENCIA MOSCATEL CAKE X 10 LT,,12.00,
Producto: 318630 - ESENCIA MOSCATEL CAKE X 500 CC,,,5.00,
Bodega: 6 - COLSABOR UNICA,,,5.00,
318630,ESENCIA MOSCATEL CAKE X 500 CC,,5.00,
Producto: 318632 - ESENCIA CAFE CAKE X 20 LT,,,1.00,
Bodega: 6 - COLSABOR UNICA,,,1.00,
318632,ESENCIA CAFE CAKE X 20 LT,,1.00,
Producto: 318633 - ESENCIA CAFE CAKE X 500 CC,,,2.00,
Bodega: 6 - COLSABOR UNICA,,,2.00,
318633,ESENCIA CAFE CAKE X 500 CC,,2.00,
Producto: 318640 - VINO MOSCATEL X 750 ML,,,396.00,
Bodega: 6 - COLSABOR UNICA,,,396.00,
318640,VINO MOSCATEL X 750 ML,,396.00,
Producto: 31867 - SUCRALOSA 15X X KG.,,,2.40,
Bodega: 6 - COLSABOR UNICA,,,2.40,
31867,SUCRALOSA 15X X KG.,,2.40,
Producto: 318950 - ESENCIA MOSCATEL CAKE X 4 LT,,,19.00,
Bodega: 6 - COLSABOR UNICA,,,19.00,
318950,ESENCIA MOSCATEL CAKE X 4 LT,,19.00,
Producto: 318952 - ESENCIA MOSCATEL CAKE X 20 LT,,,32.00,
Bodega: 6 - COLSABOR UNICA,,,32.00,
318952,ESENCIA MOSCATEL CAKE X 20 LT,,32.00,
Producto: 318972 - ESENCIA MOSCATEL CAKE CONCENTRADO X 20 LTS,,,8.00,
Bodega: 6 - COLSABOR UNICA,,,8.00,
318972,ESENCIA MOSCATEL CAKE CONCENTRADO X 20 LTS,,8.00,
Producto: 31912 - AROMA MENTA MA-593,,,1.00,
Bodega: 6 - COLSABOR UNICA,,,1.00,
31912,AROMA MENTA MA-593,,1.00,
,,,,
Producto: 319171 - GLASEADO CHICLE BAKERMAN X KG,,,1.00,1.00
Bodega: 6 - COLSABOR UNICA,,,1.00,
319171,GLASEADO CHICLE BAKERMAN X KG,,1.00,
,,,,
Producto: 31922 - UVA AROMA GA-554 DA,,,0.03,
Bodega: 6 - COLSABOR UNICA,,,0.03,
31922,UVA AROMA GA-554 DA,,0.03,
Producto: 32000 - ESENCIA MISSFLAVOR BANANO X 3850 CC,,,33.00,
Bodega: 6 - COLSABOR UNICA,,,33.00,
32000,ESENCIA MISSFLAVOR BANANO X 3850 CC,,33.00,
Producto: 320001 - ESENCIA COLSABOR VAINILLA BLANCA Z X 70 CC,,,495.00,
Bodega: 6 - COLSABOR UNICA,,,495.00,
320001,ESENCIA COLSABOR VAINILLA BLANCA Z X 70 CC,,495.00,
Producto: 320002 - ESENCIA COLSABOR VAINILLA BLANCA Z X 500 CC,,,232.00,
Bodega: 6 - COLSABOR UNICA,,,232.00,
320002,ESENCIA COLSABOR VAINILLA BLANCA Z X 500 CC,,232.00,
Producto: 320003 - ESENCIA COLSABOR VAINILLA BLANCA Z X 3850 CC,,,19.00,
Bodega: 6 - COLSABOR UNICA,,,20.00,
320003,ESENCIA COLSABOR VAINILLA BLANCA Z X 3850 CC,,20.00,
Bodega: Sin asignar,,,-1.00,
320003,ESENCIA COLSABOR VAINILLA BLANCA Z X 3850 CC,,-1.00,
Producto: 320004 - ESENCIA COLSABOR VAINILLA BLANCA Z X 10 LT,,,1.00,
Bodega: 6 - COLSABOR UNICA,,,1.00,
320004,ESENCIA COLSABOR VAINILLA BLANCA Z X 10 LT,,1.00,
Producto: 320005 - ESENCIA COLSABOR VAINILLA BLANCA Z X 20 LT,,,7.00,
Bodega: 6 - COLSABOR UNICA,,,7.00,
320005,ESENCIA COLSABOR VAINILLA BLANCA Z X 20 LT,,7.00,
Producto: 320011 - ESENCIA COLSABOR VAINILLA NEGRA Z X 70 CC,,,435.00,
Bodega: 6 - COLSABOR UNICA,,,435.00,
320011,ESENCIA COLSABOR VAINILLA NEGRA Z X 70 CC,,435.00,
Producto: 320012 - ESENCIA COLSABOR VAINILLA NEGRA Z X 500 CC,,,4.00,
Bodega: 6 - COLSABOR UNICA,,,4.00,
320012,ESENCIA COLSABOR VAINILLA NEGRA Z X 500 CC,,4.00,
Producto: 320013 - ESENCIA COLSABOR VAINILLA NEGRA Z X 3850CC,,,30.00,
Bodega: 6 - COLSABOR UNICA,,,30.00,
320013,ESENCIA COLSABOR VAINILLA NEGRA Z X 3850CC,,30.00,
Producto: 320014 - ESENCIA COLSABOR VAINILLA NEGRA Z X 10 LT,,,1.00,
Bodega: 6 - COLSABOR UNICA,,,1.00,
320014,ESENCIA COLSABOR VAINILLA NEGRA Z X 10 LT,,1.00,
Producto: 320015 - ESENCIA COLSABOR VAINILLA NEGRA Z X 20 LT,,,3.00,
Bodega: 6 - COLSABOR UNICA,,,3.00,
320015,ESENCIA COLSABOR VAINILLA NEGRA Z X 20 LT,,3.00,
Producto: 320016 - ESENCIA COLSABOR VAINILLA BLANCA Z X 1LT.,,,1.00,
Bodega: 6 - COLSABOR UNICA,,,1.00,
320016,ESENCIA COLSABOR VAINILLA BLANCA Z X 1LT.,,1.00,
Producto: 320021 - ESENCIA BAKERMAN VAINILLA BLANCA Z X 500 CC,,,21.00,
Bodega: 6 - COLSABOR UNICA,,,21.00,
320021,ESENCIA BAKERMAN VAINILLA BLANCA Z X 500 CC,,21.00,
Producto: 320023 - ESENCIA BAKERMAN VAINILLA NEGRA Z X 500 CC,,,39.00,
Bodega: 6 - COLSABOR UNICA,,,39.00,
320023,ESENCIA BAKERMAN VAINILLA NEGRA Z X 500 CC,,39.00,
Producto: 320025 - ESENCIA BAKERMAN VAINILLA BLANCA Z X 3850 CC,,,4.00,
Bodega: 6 - COLSABOR UNICA,,,4.00,
320025,ESENCIA BAKERMAN VAINILLA BLANCA Z X 3850 CC,,4.00,
Producto: 320027 - ESENCIA BAKERMAN VAINILLA NEGRA Z X 3850 CC,,,27.00,
Bodega: 6 - COLSABOR UNICA,,,27.00,
320027,ESENCIA BAKERMAN VAINILLA NEGRA Z X 3850 CC,,27.00,
Producto: 320029 - ESENCIA BAKERMAN VAINILLA BLANCA Z X 10 LT,,,3.00,
Bodega: 6 - COLSABOR UNICA,,,3.00,
320029,ESENCIA BAKERMAN VAINILLA BLANCA Z X 10 LT,,3.00,
Producto: 32003 - ESENCIA MISSFLAVOR MARGARINA X 3850 CC,,,3.00,
Bodega: 6 - COLSABOR UNICA,,,3.00,
32003,ESENCIA MISSFLAVOR MARGARINA X 3850 CC,,3.00,
Producto: 320031 - ESENCIA BAKERMAN VAINILLA NEGRA Z X 10 LT,,,7.00,
Bodega: 6 - COLSABOR UNICA,,,7.00,
320031,ESENCIA BAKERMAN VAINILLA NEGRA Z X 10 LT,,7.00,
Producto: 320035 - ESENCIA BAKERMAN VAINILLA NEGRA Z X 20 LT,,,7.00,
Bodega: 6 - COLSABOR UNICA,,,7.00,
320035,ESENCIA BAKERMAN VAINILLA NEGRA Z X 20 LT,,7.00,
Producto: 320039 - SABOR CONCENTRADO VAINILLA VF-308 Z,,,88.00,
Bodega: 6 - COLSABOR UNICA,,,88.00,
320039,SABOR CONCENTRADO VAINILLA VF-308 Z,,88.00,
Producto: 320041 - SABOR CONCENTRADO VAINILLA VF-417 Z,,,4.00,
Bodega: 6 - COLSABOR UNICA,,,4.00,
320041,SABOR CONCENTRADO VAINILLA VF-417 Z,,4.00,
Producto: 32007 - ESENCIA MISSFLAVOR MANTEQUILLA X 3850 CC,,,69.00,
Bodega: 6 - COLSABOR UNICA,,,69.00,
32007,ESENCIA MISSFLAVOR MANTEQUILLA X 3850 CC,,69.00,
Producto: 32008 - ESENCIA MISSFLAVOR CANELA X 3850 CC.,,,1.00,
Bodega: 6 - COLSABOR UNICA,,,1.00,
32008,ESENCIA MISSFLAVOR CANELA X 3850 CC.,,1.00,
Producto: 32011 - ESENCIA MISSFLAVOR PIÑA X 3850 CC,,,8.00,
Bodega: 6 - COLSABOR UNICA,,,8.00,
32011,ESENCIA MISSFLAVOR PIÑA X 3850 CC,,8.00,
Producto: 32101 - ESENCIA MISSFLAVOR MANTECADO X 500 CC,,,1.00,
Bodega: 6 - COLSABOR UNICA,,,1.00,
32101,ESENCIA MISSFLAVOR MANTECADO X 500 CC,,1.00,
Producto: 32104 - ESENCIA MISSFLAVOR QUESO X 500 CC,,,3.00,
Bodega: 6 - COLSABOR UNICA,,,3.00,
32104,ESENCIA MISSFLAVOR QUESO X 500 CC,,3.00,
Producto: 32105 - ESENCIA MISSFLAVOR VAINILLA BLANCA X 500 CC,,,29.00,
Bodega: 6 - COLSABOR UNICA,,,29.00,
32105,ESENCIA MISSFLAVOR VAINILLA BLANCA X 500 CC,,29.00,
Producto: 32111 - ESENCIA MISSFLAVOR PIÑA X 500 CC,,,3.00,
Bodega: 6 - COLSABOR UNICA,,,3.00,
32111,ESENCIA MISSFLAVOR PIÑA X 500 CC,,3.00,
Producto: 32200 - ESENCIA MISSFLAVOR AREQUIPE X 20 LTS,,,2.00,
Bodega: 6 - COLSABOR UNICA,,,2.00,
32200,ESENCIA MISSFLAVOR AREQUIPE X 20 LTS,,2.00,
Producto: 32203 - ESENCIA MISSFLAVOR VAINILLA NEGRA X 20 LT,,,3.00,
Bodega: 6 - COLSABOR UNICA,,,3.00,
32203,ESENCIA MISSFLAVOR VAINILLA NEGRA X 20 LT,,3.00,
Producto: 32205 - ESENCIA MISSFLAVOR QUESO X 20 LT,,,1.00,
Bodega: 6 - COLSABOR UNICA,,,1.00,
32205,ESENCIA MISSFLAVOR QUESO X 20 LT,,1.00,
Producto: 32206 - ESENCIA MISSFLAVOR NARANJA X 20 LTS,,,1.00,
Bodega: 6 - COLSABOR UNICA,,,1.00,
32206,ESENCIA MISSFLAVOR NARANJA X 20 LTS,,1.00,
Producto: 32207 - ESENCIA MISSFLAVOR VAINILLA BLANCA X 20 LT,,,6.20,
Bodega: 6 - COLSABOR UNICA,,,6.20,
32207,ESENCIA MISSFLAVOR VAINILLA BLANCA X 20 LT,,6.20,
Producto: 32208 - ESENCIA MISSFLAVOR MANTEQUILLA X 20 LT,,,47.00,
Bodega: 6 - COLSABOR UNICA,,,47.00,
32208,ESENCIA MISSFLAVOR MANTEQUILLA X 20 LT,,47.00,
Producto: 32209 - ESENCIA MISSFLAVOR CANELA X 20 LTS.,,,3.00,
Bodega: 6 - COLSABOR UNICA,,,3.00,
32209,ESENCIA MISSFLAVOR CANELA X 20 LTS.,,3.00,
Producto: 32211 - ESENCIA MISSFLAVOR AREQUIPE X 3850 CC,,,46.00,
Bodega: 6 - COLSABOR UNICA,,,46.00,
32211,ESENCIA MISSFLAVOR AREQUIPE X 3850 CC,,46.00,
Producto: 32212 - ESENCIA MISSFLAVOR COCO X 20 LTS.,,,3.00,
Bodega: 6 - COLSABOR UNICA,,,3.00,
32212,ESENCIA MISSFLAVOR COCO X 20 LTS.,,3.00,
Producto: 32253 - ESENCIA MISSFLAVOR LECHE CONDENSADA X 1 LT,,,1.00,
Bodega: 6 - COLSABOR UNICA,,,1.00,
32253,ESENCIA MISSFLAVOR LECHE CONDENSADA X 1 LT,,1.00,
Producto: 32258 - ESENCIA MISSFLAVOR CANELA X 1 LT.,,,1.00,
Bodega: 6 - COLSABOR UNICA,,,1.00,
32258,ESENCIA MISSFLAVOR CANELA X 1 LT.,,1.00,
Producto: 32260 - ESENCIA MISSFLAVOR MANQUILLA X 1 LT,,,1.00,
Bodega: 6 - COLSABOR UNICA,,,1.00,
32260,ESENCIA MISSFLAVOR MANQUILLA X 1 LT,,1.00,
Producto: 32261 - ESENCIA MISSFLAVOR PIÑA X 1 LT,,,1.00,
Bodega: 6 - COLSABOR UNICA,,,1.00,
32261,ESENCIA MISSFLAVOR PIÑA X 1 LT,,1.00,
Producto: 32270 - ESENCIA MISSFLAVOR X 2000 CC,,,1.00,
Bodega: 6 - COLSABOR UNICA,,,1.00,
32270,ESENCIA MISSFLAVOR X 2000 CC,,1.00,
Producto: 32604 - ESENCIA MISSFLAVOR MANTEQUILLA X 10 LTS.,,,23.00,
Bodega: 5 - BODEGA 5,,,-2.00,
32604,ESENCIA MISSFLAVOR MANTEQUILLA X 10 LTS.,,-2.00,
Bodega: 6 - COLSABOR UNICA,,,25.00,
32604,ESENCIA MISSFLAVOR MANTEQUILLA X 10 LTS.,,25.00,
Producto: 32610 - ESENCIA COLSABOR LIMON X 10 LTS,,,1.00,
Bodega: 6 - COLSABOR UNICA,,,1.00,
32610,ESENCIA COLSABOR LIMON X 10 LTS,,1.00,
Producto: 32612 - ESENCIA MISSFLAVOR CANELA X 10 LTS.,,,1.00,
Bodega: 6 - COLSABOR UNICA,,,1.00,
32612,ESENCIA MISSFLAVOR CANELA X 10 LTS.,,1.00,
Producto: 32801 - JARABE DE CEREZA X KG.,,,1.00,
Bodega: 6 - COLSABOR UNICA,,,1.00,
32801,JARABE DE CEREZA X KG.,,1.00,
Producto: 32806 - JARABE DE UVA X KG,,,0.50,
Bodega: 6 - COLSABOR UNICA,,,0.50,
32806,JARABE DE UVA X KG,,0.50,
Producto: 32810 - JARABE DE MARACUYA X KG,,,10.00,
Bodega: 6 - COLSABOR UNICA,,,10.00,
32810,JARABE DE MARACUYA X KG,,10.00,
Producto: 32827 - JARABE DE MORAZUL X KG.,,,12.00,
Bodega: 6 - COLSABOR UNICA,,,12.00,
32827,JARABE DE MORAZUL X KG.,,12.00,
Producto: 34001 - ESENCIA BAKERMAN VAINILLA BLANCA X 1 LTS,,,51.00,
Bodega: 6 - COLSABOR UNICA,,,51.00,
34001,ESENCIA BAKERMAN VAINILLA BLANCA X 1 LTS,,51.00,
Producto: 35012 - MISSFLAVOR LECHE CONDENSADA X 3850 CC,,,1.00,
Bodega: 6 - COLSABOR UNICA,,,1.00,
35012,MISSFLAVOR LECHE CONDENSADA X 3850 CC,,1.00,
Producto: 35102 - ESENCIA MISSFLAVOR VAINILLA BLANCA X 3850 CC,,,114.00,
Bodega: 6 - COLSABOR UNICA,,,114.00,
35102,ESENCIA MISSFLAVOR VAINILLA BLANCA X 3850 CC,,114.00,
Producto: 35103 - ESENCIA MISSFLAVOR COCO X 3850 CC,,,26.00,
Bodega: 6 - COLSABOR UNICA,,,26.00,
35103,ESENCIA MISSFLAVOR COCO X 3850 CC,,26.00,
Producto: 35107 - ESENCIA MISSFLAVOR PONQUE X 3850 CC,,,34.00,
Bodega: 6 - COLSABOR UNICA,,,34.00,
35107,ESENCIA MISSFLAVOR PONQUE X 3850 CC,,34.00,
Producto: 35108 - ESENCIA MISSFLAVOR QUESO X 3850 CC,,,14.00,
Bodega: 6 - COLSABOR UNICA,,,14.00,
35108,ESENCIA MISSFLAVOR QUESO X 3850 CC,,14.00,
Producto: 35109 - ESENCIA MISSFLAVOR RON CON PASAS X 3850 CC,,,12.00,
Bodega: 6 - COLSABOR UNICA,,,12.00,
35109,ESENCIA MISSFLAVOR RON CON PASAS X 3850 CC,,12.00,
Producto: 35110 - ESENCIA MISSFLAVOR NARANJA X 3850 CC,,,29.00,
Bodega: 6 - COLSABOR UNICA,,,29.00,
35110,ESENCIA MISSFLAVOR NARANJA X 3850 CC,,29.00,
Producto: 35112 - ESENCIA MISSFLAVOR VAINILLA NEGRA X 3850 CC,,,16.00,
Bodega: 6 - COLSABOR UNICA,,,16.00,
35112,ESENCIA MISSFLAVOR VAINILLA NEGRA X 3850 CC,,16.00,
Producto: 35201 - ESENCIA MISSFLAVOR MANTEQUILLA X 500 CC,,,8.00,
Bodega: 6 - COLSABOR UNICA,,,8.00,
35201,ESENCIA MISSFLAVOR MANTEQUILLA X 500 CC,,8.00,
Producto: 35203 - ESENCIA MISSFLAVOR COCO X 500 CC,,,31.00,
Bodega: 6 - COLSABOR UNICA,,,31.00,
35203,ESENCIA MISSFLAVOR COCO X 500 CC,,31.00,
Producto: 35204 - ESENCIA MISSFLAVOR BANANO X 500 CC,,,12.00,
Bodega: 6 - COLSABOR UNICA,,,12.00,
35204,ESENCIA MISSFLAVOR BANANO X 500 CC,,12.00,
Producto: 35205 - ESENCIA MISSFLAVOR AREQUIPE X 500 CC,,,40.00,
Bodega: 6 - COLSABOR UNICA,,,40.00,
35205,ESENCIA MISSFLAVOR AREQUIPE X 500 CC,,40.00,
Producto: 35206 - ESENCIA MISSFLAVOR PONQUE X 500 CC,,,34.00,
Bodega: 6 - COLSABOR UNICA,,,34.00,
35206,ESENCIA MISSFLAVOR PONQUE X 500 CC,,34.00,
Producto: 35207 - ESENCIA MISSFLAVOR NARANJA X 500 CC,,,3.00,
Bodega: 6 - COLSABOR UNICA,,,3.00,
35207,ESENCIA MISSFLAVOR NARANJA X 500 CC,,3.00,
Producto: 35208 - ESENCIA MISSFLAVOR VAINILLA NEGRA X 500 CC,,,7.00,
Bodega: 6 - COLSABOR UNICA,,,7.00,
35208,ESENCIA MISSFLAVOR VAINILLA NEGRA X 500 CC,,7.00,
Producto: 35209 - ESENCIA MISSFLAVOR CANELA X 500 CC,,,3.00,
Bodega: 6 - COLSABOR UNICA,,,3.00,
35209,ESENCIA MISSFLAVOR CANELA X 500 CC,,3.00,
Producto: 35210 - ESENCIA MISSFLAVOR RON CON PASAS X 500 CC,,,7.00,
Bodega: 6 - COLSABOR UNICA,,,7.00,
35210,ESENCIA MISSFLAVOR RON CON PASAS X 500 CC,,7.00,
Producto: 401000 - ESENCIA COLSABOR MANTEQUILLA DOBLE CONCENTRACIÓN X KG.,,,0.27,
Bodega: 6 - COLSABOR UNICA,,,0.27,
401000,ESENCIA COLSABOR MANTEQUILLA DOBLE CONCENTRACIÓN X KG.,,0.27,
Producto: 401002 - ESENCIA COLSABOR BROWNIE X KL,,,1.38,
Bodega: 6 - COLSABOR UNICA,,,1.38,
401002,ESENCIA COLSABOR BROWNIE X KL,,1.38,
Producto: 401003 - ESENCIA COLSABOR MANGO BICHE X KG.,,,2.33,
Bodega: 6 - COLSABOR UNICA,,,2.33,
401003,ESENCIA COLSABOR MANGO BICHE X KG.,,2.33,
Producto: 401007 - ESENCIA COLSABOR ZANAHORIA X KL,,,0.37,
Bodega: 6 - COLSABOR UNICA,,,0.37,
401007,ESENCIA COLSABOR ZANAHORIA X KL,,0.37,
Producto: 401009 - ESENCIA COLSABOR CHOCOLO X KG,,,3.24,
Bodega: 6 - COLSABOR UNICA,,,3.24,
401009,ESENCIA COLSABOR CHOCOLO X KG,,3.24,
,,,,
Producto: 40109 - GLASS CREMOSO DE CHOCOLATE X KL,,,1.00,1.00
Bodega: 6 - COLSABOR UNICA,,,1.00,
40109,GLASS CREMOSO DE CHOCOLATE X KL,,1.00,
,,,,
Producto: 401101 - ESENCIA BAKERMAN AREQUIPE X KL,,,3.03,
Bodega: 6 - COLSABOR UNICA,,,3.03,
401101,ESENCIA BAKERMAN AREQUIPE X KL,,3.03,
Producto: 401102 - ESENCIA BAKERMAN BANANO X KL,,,4.41,
Bodega: 6 - COLSABOR UNICA,,,4.41,
401102,ESENCIA BAKERMAN BANANO X KL,,4.41,
Producto: 401103 - ESENCIA BAKERMAN CANELA X KL,,,-0.42,
Bodega: 6 - COLSABOR UNICA,,,-0.42,
401103,ESENCIA BAKERMAN CANELA X KL,,-0.42,
Producto: 401104 - ESENCIA BAKERMAN COCO X KL,,,0.21,
Bodega: 6 - COLSABOR UNICA,,,0.21,
401104,ESENCIA BAKERMAN COCO X KL,,0.21,
Producto: 401106 - ESENCIA BAKERMAN HINOJO X KL,,,1.34,
Bodega: 6 - COLSABOR UNICA,,,1.34,
401106,ESENCIA BAKERMAN HINOJO X KL,,1.34,
Producto: 401107 - ESENCIA BAKERMAN MANTEQUILLA X KL,,,4.60,
Bodega: 6 - COLSABOR UNICA,,,4.60,
401107,ESENCIA BAKERMAN MANTEQUILLA X KL,,4.60,
Producto: 401109 - ESENCIA BAKERMAN PIÑA X KL,,,0.87,
Bodega: 6 - COLSABOR UNICA,,,0.87,
401109,ESENCIA BAKERMAN PIÑA X KL,,0.87,
Producto: 401110 - ESENCIA BAKERMAN PONQUE X KL,,,3.53,
Bodega: 6 - COLSABOR UNICA,,,3.53,
401110,ESENCIA BAKERMAN PONQUE X KL,,3.53,
Producto: 401112 - ESENCIA BAKERMAN VAINILLA BLANCA X KL,,,0.90,
Bodega: 6 - COLSABOR UNICA,,,0.90,
401112,ESENCIA BAKERMAN VAINILLA BLANCA X KL,,0.90,
Producto: 401114 - ESENCIA BAKERMAN MARGARINA X KL,,,2.21,
Bodega: 6 - COLSABOR UNICA,,,2.21,
401114,ESENCIA BAKERMAN MARGARINA X KL,,2.21,
Producto: 401115 - ACHOCOLATADO EN POLVO X KL,,,0.78,
Bodega: 6 - COLSABOR UNICA,,,0.78,
401115,ACHOCOLATADO EN POLVO X KL,,0.78,
Producto: 401116 - ESENCIA BAKERMAN RON CON PASAS X KL,,,2.51,
Bodega: 6 - COLSABOR UNICA,,,2.51,
401116,ESENCIA BAKERMAN RON CON PASAS X KL,,2.51,
Producto: 401117 - ESENCIA BAKERMAN CARAMELO X KL,,,0.30,
Bodega: 6 - COLSABOR UNICA,,,0.30,
401117,ESENCIA BAKERMAN CARAMELO X KL,,0.30,
Producto: 401124 - ESENCIA BAKERMAN MANTECADO X KL,,,0.39,
Bodega: 6 - COLSABOR UNICA,,,0.39,
401124,ESENCIA BAKERMAN MANTECADO X KL,,0.39,
Producto: 401125 - ESENCIA BAKERMAN CHOCOLATE X KG.,,,2.39,
Bodega: 6 - COLSABOR UNICA,,,2.39,
401125,ESENCIA BAKERMAN CHOCOLATE X KG.,,2.39,
Producto: 401127 - ESENCIA BAKERMAN VAINILLA BLANCA GOURMET X KL,,,0.12,
Bodega: 6 - COLSABOR UNICA,,,0.12,
401127,ESENCIA BAKERMAN VAINILLA BLANCA GOURMET X KL,,0.12,
Producto: 401128 - ESENCIA BAKERMAN VAINILLA NEGRA GOURMET X KL,,,1.59,
Bodega: 6 - COLSABOR UNICA,,,1.59,
401128,ESENCIA BAKERMAN VAINILLA NEGRA GOURMET X KL,,1.59,
Producto: 401133 - ESENCIA BAKERMAN MANTEQUILLA SUPER X KG,,,3.18,
Bodega: 6 - COLSABOR UNICA,,,3.18,
401133,ESENCIA BAKERMAN MANTEQUILLA SUPER X KG,,3.18,
Producto: 401134 - ESENCIA BAKERMAN CHOCOLO X KL,,,1.56,
Bodega: 6 - COLSABOR UNICA,,,1.56,
401134,ESENCIA BAKERMAN CHOCOLO X KL,,1.56,
Producto: 401153 - ESENCIA MISSFLAVOR MARGARINA X KL,,,2.89,
Bodega: 6 - COLSABOR UNICA,,,2.89,
401153,ESENCIA MISSFLAVOR MARGARINA X KL,,2.89,
Producto: 401159 - ESENCIA CEREZA CAKE X KL,,,5.00,
Bodega: 6 - COLSABOR UNICA,,,5.00,
401159,ESENCIA CEREZA CAKE X KL,,5.00,
Producto: 401160 - ESENCIA MOSCATEL CAKE X KL,,,2.50,
Bodega: 6 - COLSABOR UNICA,,,2.50,
401160,ESENCIA MOSCATEL CAKE X KL,,2.50,
Producto: 401162 - POLVO PARA HORNEAR COLSABOR X KL,,,93.18,
Bodega: 6 - COLSABOR UNICA,,,93.18,
401162,POLVO PARA HORNEAR COLSABOR X KL,,93.18,
Producto: 401164 - CEBOLLA SAL X KL,,,3.48,
Bodega: 6 - COLSABOR UNICA,,,3.48,
401164,CEBOLLA SAL X KL,,3.48,
Producto: 401166 - LIMON SNACK EN POLVO X KL,,,0.83,
Bodega: 6 - COLSABOR UNICA,,,0.83,
401166,LIMON SNACK EN POLVO X KL,,0.83,
Producto: 401168 - MEJORADOR BAKERMAN X KL,,,11.96,
Bodega: 6 - COLSABOR UNICA,,,11.96,
401168,MEJORADOR BAKERMAN X KL,,11.96,
Producto: 401169 - AZUCAR 5X X KL,,,497.00,
Bodega: 6 - COLSABOR UNICA,,,497.00,
401169,AZUCAR 5X X KL,,497.00,
Producto: 401170 - POLVO PARA HORNEAR BAKERMAN DOBLE ACCION X KL,,,28.24,
Bodega: 6 - COLSABOR UNICA,,,28.24,
401170,POLVO PARA HORNEAR BAKERMAN DOBLE ACCION X KL,,28.24,
Producto: 401171 - ESENCIA CASERA DE VAINILLA NEGRA X KL,,,3.37,
Bodega: 6 - COLSABOR UNICA,,,3.37,
401171,ESENCIA CASERA DE VAINILLA NEGRA X KL,,3.37,
Producto: 401172 - SUCRALOSA 15X  X KL,,,4.52,
Bodega: 6 - COLSABOR UNICA,,,4.52,
401172,SUCRALOSA 15X  X KL,,4.52,
Producto: 401174 - COLOR CARAMELO COLSABOR X KL,,,22.90,
Bodega: 6 - COLSABOR UNICA,,,22.90,
401174,COLOR CARAMELO COLSABOR X KL,,22.90,
Producto: 401175 - SAL BAJA EN SODIO 40/77,,,3.98,
Bodega: 6 - COLSABOR UNICA,,,3.98,
401175,SAL BAJA EN SODIO 40/77,,3.98,
Producto: 401179 - CMC 28 X KL,,,1.00,
Bodega: 6 - COLSABOR UNICA,,,1.00,
401179,CMC 28 X KL,,1.00,
Producto: 40118 - ESENCIA COLSABOR MANI X KL,,,1.40,
Bodega: 6 - COLSABOR UNICA,,,1.40,
40118,ESENCIA COLSABOR MANI X KL,,1.40,
Producto: 401183 - ESTABILIZANTE LUXURY 410 X KL,,,184.74,
Bodega: 6 - COLSABOR UNICA,,,184.74,
401183,ESTABILIZANTE LUXURY 410 X KL,,184.74,
Producto: 401189 - ANTIMOHO X KL,,,72.10,
Bodega: 6 - COLSABOR UNICA,,,72.10,
401189,ANTIMOHO X KL,,72.10,
Producto: 40119 - ESENCIA COLSABOR CREMA DE WHISKY X KL,,,1.71,
Bodega: 6 - COLSABOR UNICA,,,1.71,
40119,ESENCIA COLSABOR CREMA DE WHISKY X KL,,1.71,
Producto: 401192 - BARBECUE PICANTE PARA SNACK,,,0.47,
Bodega: 6 - COLSABOR UNICA,,,0.47,
401192,BARBECUE PICANTE PARA SNACK,,0.47,
Producto: 401193 - AZUCAR GLASS DE CANELA X KG.,,,1.00,
Bodega: 6 - COLSABOR UNICA,,,1.00,
401193,AZUCAR GLASS DE CANELA X KG.,,1.00,
Producto: 401196 - TOCINETA PARA SNACKS X KG.,,,2.08,
Bodega: 6 - COLSABOR UNICA,,,2.08,
401196,TOCINETA PARA SNACKS X KG.,,2.08,
Producto: 401197 - LIMON PARA SNACKS NATURAL X KG.,,,0.87,
Bodega: 6 - COLSABOR UNICA,,,0.87,
401197,LIMON PARA SNACKS NATURAL X KG.,,0.87,
Producto: 401198 - CARAMELO PARA SNACKS X KG.,,,0.62,
Bodega: 6 - COLSABOR UNICA,,,0.62,
401198,CARAMELO PARA SNACKS X KG.,,0.62,
Producto: 40120 - ESENCIA COLSABOR CEREZA X KL,,,0.20,
Bodega: 6 - COLSABOR UNICA,,,0.20,
40120,ESENCIA COLSABOR CEREZA X KL,,0.20,
Producto: 401200 - ESENCIA COLSABOR ULTRA NARANJA X KG.,,,4.34,
Bodega: 6 - COLSABOR UNICA,,,4.34,
401200,ESENCIA COLSABOR ULTRA NARANJA X KG.,,4.34,
Producto: 401202 - 2-B-FINE JUNIOR VAINILLA X KG.,,,1.00,
Bodega: 6 - COLSABOR UNICA,,,1.00,
401202,2-B-FINE JUNIOR VAINILLA X KG.,,1.00,
Producto: 401205 - FLAMIN HOT PARA SNCKS X KG.,,,0.44,
Bodega: 6 - COLSABOR UNICA,,,0.44,
401205,FLAMIN HOT PARA SNCKS X KG.,,0.44,
Producto: 401206 - SABOR SNACK BARBECUE DULCE X KG,,,0.08,
Bodega: 6 - COLSABOR UNICA,,,0.08,
401206,SABOR SNACK BARBECUE DULCE X KG,,0.08,
Producto: 401212 - SAL PARA SNACKS X KG.,,,42.84,
Bodega: 6 - COLSABOR UNICA,,,42.84,
401212,SAL PARA SNACKS X KG.,,42.84,
Producto: 401213 - SAL ESPECIAL PARA SNACKS X KL,,,1.90,
Bodega: 6 - COLSABOR UNICA,,,1.90,
401213,SAL ESPECIAL PARA SNACKS X KL,,1.90,
Producto: 40122 - ESENCIA COLSABOR CLAVO DE OLOR X KL,,,3.05,
Bodega: 6 - COLSABOR UNICA,,,3.05,
40122,ESENCIA COLSABOR CLAVO DE OLOR X KL,,3.05,
Producto: 401226 - ESENCIA MISSFLAVOR CHOCOLATE X KL,,,1.81,
Bodega: 6 - COLSABOR UNICA,,,1.81,
401226,ESENCIA MISSFLAVOR CHOCOLATE X KL,,1.81,
Producto: 40123 - ESENCIA COLSABOR MANGO X KL,,,2.92,
Bodega: 6 - COLSABOR UNICA,,,2.92,
40123,ESENCIA COLSABOR MANGO X KL,,2.92,
,,,,
Producto: 401235 - GLASS CREMOSO DE LIMON BAKERMAN X KL,,,1.00,1.00
Bodega: 6 - COLSABOR UNICA,,,1.00,
401235,GLASS CREMOSO DE LIMON BAKERMAN X KL,,1.00,
,,,,
Producto: 40124 - ESENCIA COLSABOR MANZANA VERDE X KL,,,0.20,
Bodega: 6 - COLSABOR UNICA,,,0.20,
40124,ESENCIA COLSABOR MANZANA VERDE X KL,,0.20,
Producto: 401240 - ESENCIA BAKERMAN MANTEQUILLA ALIÑADA X KL,,,0.49,
Bodega: 6 - COLSABOR UNICA,,,0.49,
401240,ESENCIA BAKERMAN MANTEQUILLA ALIÑADA X KL,,0.49,
Producto: 401241 - ESENCIA CAFE CAKE X KL,,,4.40,
Bodega: 6 - COLSABOR UNICA,,,4.40,
401241,ESENCIA CAFE CAKE X KL,,4.40,
Producto: 401263 - QUESO CHEDDAR PARA SNACKS X KL,,,1.45,
Bodega: 6 - COLSABOR UNICA,,,1.45,
401263,QUESO CHEDDAR PARA SNACKS X KL,,1.45,
Producto: 401266 - SABOR PARA SNACKS MIEL X KG,,,0.10,
Bodega: 6 - COLSABOR UNICA,,,0.10,
401266,SABOR PARA SNACKS MIEL X KG,,0.10,
Producto: 401268 - SABOR EN POLVO LIMON SNACKS SABOR CONCENTRADO X KL,,,155.50,
Bodega: 6 - COLSABOR UNICA,,,155.50,
401268,SABOR EN POLVO LIMON SNACKS SABOR CONCENTRADO X KL,,155.50,
Producto: 401271 - LIMON PIMIENTA SNACKS X KG,,,2.15,
Bodega: 6 - COLSABOR UNICA,,,2.15,
401271,LIMON PIMIENTA SNACKS X KG,,2.15,
Producto: 401274 - ESENCIA CEREZA CAKE CONCENTRADA 13 VOL X KG.,,,10.00,
Bodega: 6 - COLSABOR UNICA,,,10.00,
401274,ESENCIA CEREZA CAKE CONCENTRADA 13 VOL X KG.,,10.00,
Producto: 40128 - ESENCIA COLSABOR MACADAMIA X KL,,,3.07,
Bodega: 6 - COLSABOR UNICA,,,3.07,
40128,ESENCIA COLSABOR MACADAMIA X KL,,3.07,
Producto: 40129 - ESENCIA COLSABOR TORTA CASERA X KL,,,3.26,
Bodega: 6 - COLSABOR UNICA,,,3.26,
40129,ESENCIA COLSABOR TORTA CASERA X KL,,3.26,
Producto: 40130 - ESENCIA COLSABOR KIWI X KL,,,1.45,
Bodega: 6 - COLSABOR UNICA,,,1.45,
40130,ESENCIA COLSABOR KIWI X KL,,1.45,
Producto: 40131 - ESENCIA COLSABOR CREMA CHANTILLY X KL,,,0.53,
Bodega: 6 - COLSABOR UNICA,,,0.53,
40131,ESENCIA COLSABOR CREMA CHANTILLY X KL,,0.53,
Producto: 40132 - ESENCIA COLSABOR MENTA X KL,,,3.18,
Bodega: 6 - COLSABOR UNICA,,,3.18,
40132,ESENCIA COLSABOR MENTA X KL,,3.18,
Producto: 40136 - ESENCIA COLSABOR AMARETTO X KL,,,2.28,
Bodega: 6 - COLSABOR UNICA,,,2.28,
40136,ESENCIA COLSABOR AMARETTO X KL,,2.28,
Producto: 40137 - ESENCIA COLSABOR LULO X KL,,,1.14,
Bodega: 6 - COLSABOR UNICA,,,1.14,
40137,ESENCIA COLSABOR LULO X KL,,1.14,
Producto: 40138 - ESENCIA COLSABOR HUMO X KL,,,3.60,
Bodega: 6 - COLSABOR UNICA,,,3.60,
40138,ESENCIA COLSABOR HUMO X KL,,3.60,
Producto: 40142 - ESENCIA COLSABOR TRES LECHES X KG,,,-3.80,
Bodega: 6 - COLSABOR UNICA,,,-3.80,
40142,ESENCIA COLSABOR TRES LECHES X KG,,-3.80,
Producto: 40150 - ESENCIA COLSABOR ANIS X KL,,,2.88,
Bodega: 6 - COLSABOR UNICA,,,2.88,
40150,ESENCIA COLSABOR ANIS X KL,,2.88,
Producto: 40151 - ESENCIA COLSABOR ALMENDRA X KL,,,2.24,
Bodega: 6 - COLSABOR UNICA,,,2.24,
40151,ESENCIA COLSABOR ALMENDRA X KL,,2.24,
Producto: 40152 - ESENCIA COLSABOR AREQUIPE X KL,,,3.29,
Bodega: 6 - COLSABOR UNICA,,,3.29,
40152,ESENCIA COLSABOR AREQUIPE X KL,,3.29,
Producto: 40153 - ESENCIA COLSABOR BANANO X KL,,,0.41,
Bodega: 6 - COLSABOR UNICA,,,0.41,
40153,ESENCIA COLSABOR BANANO X KL,,0.41,
Producto: 40154 - ESENCIA COLSABOR BRANDY X KL,,,1.74,
Bodega: 6 - COLSABOR UNICA,,,1.74,
40154,ESENCIA COLSABOR BRANDY X KL,,1.74,
Producto: 40155 - ESENCIA COLSABOR CARAMELO X KL,,,0.02,
Bodega: 6 - COLSABOR UNICA,,,0.02,
40155,ESENCIA COLSABOR CARAMELO X KL,,0.02,
Producto: 40156 - ESENCIA COLSABOR TIRAMISU X KL,,,1.26,
Bodega: 6 - COLSABOR UNICA,,,1.26,
40156,ESENCIA COLSABOR TIRAMISU X KL,,1.26,
Producto: 40158 - ESENCIA COLSABOR COCO X KL,,,0.29,
Bodega: 6 - COLSABOR UNICA,,,0.29,
40158,ESENCIA COLSABOR COCO X KL,,0.29,
Producto: 40159 - ESENCIA COLSABOR KOLA ROJA X KL,,,2.92,
Bodega: 6 - COLSABOR UNICA,,,2.92,
40159,ESENCIA COLSABOR KOLA ROJA X KL,,2.92,
Producto: 40161 - ESENCIA COLSABOR CHOCOLATE X KL,,,2.81,
Bodega: 6 - COLSABOR UNICA,,,2.81,
40161,ESENCIA COLSABOR CHOCOLATE X KL,,2.81,
Producto: 40163 - ESENCIA COLSABOR FRAMBUESA X KL,,,1.97,
Bodega: 6 - COLSABOR UNICA,,,1.97,
40163,ESENCIA COLSABOR FRAMBUESA X KL,,1.97,
Producto: 40164 - ESENCIA COLSABOR FRESA X KL,,,1.64,
Bodega: 6 - COLSABOR UNICA,,,1.64,
40164,ESENCIA COLSABOR FRESA X KL,,1.64,
Producto: 40165 - ESENCIA COLSABOR GUANABANA X KL,,,1.31,
Bodega: 6 - COLSABOR UNICA,,,1.31,
40165,ESENCIA COLSABOR GUANABANA X KL,,1.31,
Producto: 40166 - ESENCIA COLSABOR HINOJO X KL,,,0.06,
Bodega: 6 - COLSABOR UNICA,,,0.06,
40166,ESENCIA COLSABOR HINOJO X KL,,0.06,
Producto: 40167 - ESENCIA COLSABOR LECHE CONDENSADA X KL,,,3.05,
Bodega: 6 - COLSABOR UNICA,,,3.05,
40167,ESENCIA COLSABOR LECHE CONDENSADA X KL,,3.05,
Producto: 40168 - ESENCIA COLSABOR LIMON X KL,,,1.54,
Bodega: 6 - COLSABOR UNICA,,,1.54,
40168,ESENCIA COLSABOR LIMON X KL,,1.54,
Producto: 40169 - ESENCIA COLSABOR MANDARINA X KL,,,3.30,
Bodega: 6 - COLSABOR UNICA,,,3.30,
40169,ESENCIA COLSABOR MANDARINA X KL,,3.30,
Producto: 40172 - ESENCIA COLSABOR MANTEQUILLA X KL,,,0.36,
Bodega: 6 - COLSABOR UNICA,,,0.36,
40172,ESENCIA COLSABOR MANTEQUILLA X KL,,0.36,
Producto: 40173 - ESENCIA COLSABOR MANZANA ROJA X KL,,,2.97,
Bodega: 6 - COLSABOR UNICA,,,2.97,
40173,ESENCIA COLSABOR MANZANA ROJA X KL,,2.97,
Producto: 40174 - ESENCIA COLSABOR MARACUYA X KL,,,1.90,
Bodega: 6 - COLSABOR UNICA,,,1.90,
40174,ESENCIA COLSABOR MARACUYA X KL,,1.90,
Producto: 40175 - ESENCIA COLSABOR MARGARINA X KL,,,3.38,
Bodega: 6 - COLSABOR UNICA,,,3.38,
40175,ESENCIA COLSABOR MARGARINA X KL,,3.38,
Producto: 40176 - ESENCIA COLSABOR MIEL X KL,,,-0.05,
Bodega: 6 - COLSABOR UNICA,,,-0.05,
40176,ESENCIA COLSABOR MIEL X KL,,-0.05,
Producto: 40177 - ESENCIA COLSABOR MORA X KL,,,0.44,
Bodega: 6 - COLSABOR UNICA,,,0.44,
40177,ESENCIA COLSABOR MORA X KL,,0.44,
Producto: 40178 - ESENCIA COLSABOR NARANJA X KL,,,0.34,
Bodega: 6 - COLSABOR UNICA,,,0.34,
40178,ESENCIA COLSABOR NARANJA X KL,,0.34,
Producto: 40180 - ESENCIA COLSABOR NUEZ MOSCADA X KL,,,4.00,
Bodega: 6 - COLSABOR UNICA,,,4.00,
40180,ESENCIA COLSABOR NUEZ MOSCADA X KL,,4.00,
Producto: 40182 - ESENCIA COLSABOR PIÑA X KL,,,1.87,
Bodega: 6 - COLSABOR UNICA,,,1.87,
40182,ESENCIA COLSABOR PIÑA X KL,,1.87,
Producto: 40184 - ESENCIA COLSABOR QUESO X KL,,,3.11,
Bodega: 6 - COLSABOR UNICA,,,3.11,
40184,ESENCIA COLSABOR QUESO X KL,,3.11,
Producto: 40185 - ESENCIA COLSABOR RON ROYALE X KL,,,2.97,
Bodega: 6 - COLSABOR UNICA,,,2.97,
40185,ESENCIA COLSABOR RON ROYALE X KL,,2.97,
Producto: 40186 - ESENCIA COLSABOR RON CON PASAS X KL,,,1.94,
Bodega: 6 - COLSABOR UNICA,,,1.94,
40186,ESENCIA COLSABOR RON CON PASAS X KL,,1.94,
Producto: 40186R - RON PASAS COL R X KG,,,1.50,
Bodega: 6 - COLSABOR UNICA,,,1.50,
40186R,RON PASAS COL R X KG,,1.50,
Producto: 40187 - ESENCIA COLSABOR TUTTI FRUTI X KL,,,3.09,
Bodega: 6 - COLSABOR UNICA,,,3.09,
40187,ESENCIA COLSABOR TUTTI FRUTI X KL,,3.09,
Producto: 40188 - ESENCIA COLSABOR UVA X KL,,,0.30,
Bodega: 6 - COLSABOR UNICA,,,0.30,
40188,ESENCIA COLSABOR UVA X KL,,0.30,
Producto: 40190 - ESENCIA COLSABOR VAINILLA NEGRA X KL,,,2.51,
Bodega: 6 - COLSABOR UNICA,,,2.51,
40190,ESENCIA COLSABOR VAINILLA NEGRA X KL,,2.51,
Producto: 40191 - ESENCIA COLSABOR VINO X KL,,,3.50,
Bodega: 6 - COLSABOR UNICA,,,3.50,
40191,ESENCIA COLSABOR VINO X KL,,3.50,
Producto: 40192 - ESENCIA COLSABOR CREMA DE LECHE X KL,,,3.27,
Bodega: 6 - COLSABOR UNICA,,,3.27,
40192,ESENCIA COLSABOR CREMA DE LECHE X KL,,3.27,
Producto: 40193 - ESENCIA COLSABOR SANDIA X KL,,,3.31,
Bodega: 6 - COLSABOR UNICA,,,3.31,
40193,ESENCIA COLSABOR SANDIA X KL,,3.31,
Producto: 40195 - ESENCIA COLSABOR RON X KL,,,0.35,
Bodega: 6 - COLSABOR UNICA,,,0.35,
40195,ESENCIA COLSABOR RON X KL,,0.35,
Producto: 40196 - ESENCIA COLSABOR MELOCOTON X KL,,,0.04,
Bodega: 6 - COLSABOR UNICA,,,0.04,
40196,ESENCIA COLSABOR MELOCOTON X KL,,0.04,
Producto: 40200 - ESENCIA COLSABOR AVELLANA X KL.,,,2.00,
Bodega: 6 - COLSABOR UNICA,,,2.00,
40200,ESENCIA COLSABOR AVELLANA X KL.,,2.00,
Producto: 40201 - ESENCIA MISFLAVOR MANTEQUILLA X KL,,,18.65,
Bodega: 6 - COLSABOR UNICA,,,18.65,
40201,ESENCIA MISFLAVOR MANTEQUILLA X KL,,18.65,
Producto: 40202 - ESENCIA MISSFLAVOR VAINILLA BLANCA X KL,,,1.73,
Bodega: 6 - COLSABOR UNICA,,,1.73,
40202,ESENCIA MISSFLAVOR VAINILLA BLANCA X KL,,1.73,
Producto: 402028 - COLOR FUCSIA 2 ECO X KG,,,1.51,
Bodega: 6 - COLSABOR UNICA,,,1.51,
402028,COLOR FUCSIA 2 ECO X KG,,1.51,
Producto: 40203 - ESENCIA MISSFLAVOR COCO X KL,,,0.13,
Bodega: 6 - COLSABOR UNICA,,,0.13,
40203,ESENCIA MISSFLAVOR COCO X KL,,0.13,
Producto: 40205 - ESENCIA MISSFLAVOR CANELA X KL,,,2.77,
Bodega: 6 - COLSABOR UNICA,,,2.77,
40205,ESENCIA MISSFLAVOR CANELA X KL,,2.77,
Producto: 40206 - ESENCIA MISSFLAVOR PIÑA X KL,,,1.79,
Bodega: 6 - COLSABOR UNICA,,,1.79,
40206,ESENCIA MISSFLAVOR PIÑA X KL,,1.79,
Producto: 40207 - ESENCIA MISS F VEL PONQUE X KL,,,0.01,
Bodega: 6 - COLSABOR UNICA,,,0.01,
40207,ESENCIA MISS F VEL PONQUE X KL,,0.01,
Producto: 40208 - ESENCIA MISSFLAVOR QUESO X KL,,,1.45,
Bodega: 6 - COLSABOR UNICA,,,1.45,
40208,ESENCIA MISSFLAVOR QUESO X KL,,1.45,
Producto: 40209 - ESENCIA MISSFLAVOR RON CON PASAS X KL,,,1.95,
Bodega: 6 - COLSABOR UNICA,,,1.95,
40209,ESENCIA MISSFLAVOR RON CON PASAS X KL,,1.95,
Producto: 40210 - ESENCIA MISSFLAVOR NARANJA X KL,,,20.24,
Bodega: 6 - COLSABOR UNICA,,,20.24,
40210,ESENCIA MISSFLAVOR NARANJA X KL,,20.24,
Producto: 40211 - ESENCIA MISSFLAVOR BANANO X KL,,,2.67,
Bodega: 6 - COLSABOR UNICA,,,2.67,
40211,ESENCIA MISSFLAVOR BANANO X KL,,2.67,
Producto: 40213 - ESENCIA MISSFLAVOR VAINILLA NEGRA X KL,,,2.66,
Bodega: 6 - COLSABOR UNICA,,,2.66,
40213,ESENCIA MISSFLAVOR VAINILLA NEGRA X KL,,2.66,
Producto: 40214 - ESENCIA MISSFLAVOR LECHE CONDENSADA X KL,,,1.13,
Bodega: 6 - COLSABOR UNICA,,,1.13,
40214,ESENCIA MISSFLAVOR LECHE CONDENSADA X KL,,1.13,
Producto: 40303 - AZUCAR GLAS CHICLE X KG.,,,0.58,
Bodega: 6 - COLSABOR UNICA,,,0.58,
40303,AZUCAR GLAS CHICLE X KG.,,0.58,
Producto: 40304 - AZUCAR GLAS MARACUYA,,,4.00,
Bodega: 6 - COLSABOR UNICA,,,4.00,
40304,AZUCAR GLAS MARACUYA,,4.00,
Producto: 40305 - AZUCAR GLAS VAINILLA,,,0.14,
Bodega: 6 - COLSABOR UNICA,,,0.14,
40305,AZUCAR GLAS VAINILLA,,0.14,
Producto: 40463 - SABOR CONCENTRADO MIEL HF-466R,,,10.65,
Bodega: 6 - COLSABOR UNICA,,,10.65,
40463,SABOR CONCENTRADO MIEL HF-466R,,10.65,
Producto: 406000 - SABOR CONCENTRADO AJI CC-319R X KL,,,0.97,
Bodega: 6 - COLSABOR UNICA,,,0.97,
406000,SABOR CONCENTRADO AJI CC-319R X KL,,0.97,
Producto: 406001 - SABOR CONCENTRADO AJO GC-563 X KL,,,0.29,
Bodega: 6 - COLSABOR UNICA,,,0.29,
406001,SABOR CONCENTRADO AJO GC-563 X KL,,0.29,
Producto: 406002 - SABOR CONCENTRADO ALMENDRA AF-207 X KL,,,2.65,
Bodega: 6 - COLSABOR UNICA,,,2.65,
406002,SABOR CONCENTRADO ALMENDRA AF-207 X KL,,2.65,
Producto: 406003 - SABOR CONCENTRADO AMARETTO AF-200 X KL,,,2.12,
Bodega: 6 - COLSABOR UNICA,,,2.12,
406003,SABOR CONCENTRADO AMARETTO AF-200 X KL,,2.12,
Producto: 406004 - SABOR CONCENTRADO ANIS FF-230 X KL,,,2.78,
Bodega: 6 - COLSABOR UNICA,,,2.78,
406004,SABOR CONCENTRADO ANIS FF-230 X KL,,2.78,
Producto: 406007 - SABOR CONCENTRADO AREQUIPE AF-625 X KL,,,14.90,
Bodega: 6 - COLSABOR UNICA,,,14.90,
406007,SABOR CONCENTRADO AREQUIPE AF-625 X KL,,14.90,
Producto: 406008 - SABOR CONCENTRADO BANANO BF-214 X KL,,,39.18,
Bodega: 6 - COLSABOR UNICA,,,39.18,
406008,SABOR CONCENTRADO BANANO BF-214 X KL,,39.18,
Producto: 406009 - SABOR CONCENTRADO BRANDY BF-221 X KL,,,2.23,
Bodega: 6 - COLSABOR UNICA,,,2.23,
406009,SABOR CONCENTRADO BRANDY BF-221 X KL,,2.23,
Producto: 406010 - SABOR CONCENTRADO COFFEE DELIGHT CF-573R X KL,,,12.05,
Bodega: 6 - COLSABOR UNICA,,,12.05,
406010,SABOR CONCENTRADO COFFEE DELIGHT CF-573R X KL,,12.05,
Producto: 406012 - SABOR CONCENTRADO CANELA CF-217 X KL,,,13.65,
Bodega: 6 - COLSABOR UNICA,,,13.65,
406012,SABOR CONCENTRADO CANELA CF-217 X KL,,13.65,
Producto: 406013 - SABOR CONCENTRADO CANELA CF-217T X KL,,,2.20,
Bodega: 6 - COLSABOR UNICA,,,2.20,
406013,SABOR CONCENTRADO CANELA CF-217T X KL,,2.20,
Producto: 406014 - SABOR CONCENTRADO CARAMELO CF-225 X KL,,,0.27,
Bodega: 6 - COLSABOR UNICA,,,0.27,
406014,SABOR CONCENTRADO CARAMELO CF-225 X KL,,0.27,
Producto: 406015 - SABOR CONCENTRADO CEBOLLA OC-615 X KL,,,0.88,
Bodega: 6 - COLSABOR UNICA,,,0.88,
406015,SABOR CONCENTRADO CEBOLLA OC-615 X KL,,0.88,
Producto: 406017 - SABOR CONCENTRADO CEREZA CF-220A X KL,,,2.10,
Bodega: 6 - COLSABOR UNICA,,,2.10,
406017,SABOR CONCENTRADO CEREZA CF-220A X KL,,2.10,
Producto: 406020 - SABOR CONCENTRADO CLAVO DE OLOR CF-616 XKL,,,0.96,
Bodega: 6 - COLSABOR UNICA,,,0.96,
406020,SABOR CONCENTRADO CLAVO DE OLOR CF-616 XKL,,0.96,
Producto: 406021 - SABOR CONCENTRADO COCO CF-222 X KL,,,104.37,
Bodega: 6 - COLSABOR UNICA,,,104.37,
406021,SABOR CONCENTRADO COCO CF-222 X KL,,104.37,
Producto: 406023 - SABOR CONCENTRADO CREMA CHANTILLY CF-233 X KL,,,3.05,
Bodega: 6 - COLSABOR UNICA,,,3.05,
406023,SABOR CONCENTRADO CREMA CHANTILLY CF-233 X KL,,3.05,
Producto: 406024 - SABOR CONCENTRADO CREMA DE LECHE LF-235 X KL,,,8.80,
Bodega: 6 - COLSABOR UNICA,,,8.80,
406024,SABOR CONCENTRADO CREMA DE LECHE LF-235 X KL,,8.80,
Producto: 406025 - SABOR CONCENTRADO MARACUYA PF-447R,,,20.40,
Bodega: 6 - COLSABOR UNICA,,,20.40,
406025,SABOR CONCENTRADO MARACUYA PF-447R,,20.40,
Producto: 406027 - SABOR CONCENTRADO CAPUCHINO CF-323 X KL,,,0.36,
Bodega: 6 - COLSABOR UNICA,,,0.36,
406027,SABOR CONCENTRADO CAPUCHINO CF-323 X KL,,0.36,
Producto: 406028 - SABOR CONCENTRADO CHOCOLATE CF-277,,,12.85,
Bodega: 6 - COLSABOR UNICA,,,12.85,
406028,SABOR CONCENTRADO CHOCOLATE CF-277,,12.85,
Producto: 406029 - SABOR CONCENTRADO DURAZNO PF-583 X KL,,,1.14,
Bodega: 6 - COLSABOR UNICA,,,1.14,
406029,SABOR CONCENTRADO DURAZNO PF-583 X KL,,1.14,
Producto: 406030 - SABOR CONCENTRADO FRUTOS DEL BOSQUE FF-328 X KL,,,0.88,
Bodega: 6 - COLSABOR UNICA,,,0.88,
406030,SABOR CONCENTRADO FRUTOS DEL BOSQUE FF-328 X KL,,0.88,
Producto: 406031 - SABOR CONCENTRADO EUCALIPTO EF-226,,,0.63,
Bodega: 6 - COLSABOR UNICA,,,0.63,
406031,SABOR CONCENTRADO EUCALIPTO EF-226,,0.63,
Producto: 406034 - SABOR CONCENTRADO CIRUELA CLAUDIA CF-321 X KL,,,3.32,
Bodega: 6 - COLSABOR UNICA,,,3.32,
406034,SABOR CONCENTRADO CIRUELA CLAUDIA CF-321 X KL,,3.32,
Producto: 406036 - SABOR CONCENTRADO FRESA SF-548 X KL,,,9.05,
Bodega: 6 - COLSABOR UNICA,,,9.05,
406036,SABOR CONCENTRADO FRESA SF-548 X KL,,9.05,
Producto: 406039 - SABOR CONCENTRADO FRESA SF-637R X KL,,,-0.07,
Bodega: 6 - COLSABOR UNICA,,,-0.07,
406039,SABOR CONCENTRADO FRESA SF-637R X KL,,-0.07,
Producto: 406041 - SABOR CONCENTRADO GUAYABA GF-209R X KL,,,0.12,
Bodega: 6 - COLSABOR UNICA,,,0.12,
406041,SABOR CONCENTRADO GUAYABA GF-209R X KL,,0.12,
Producto: 406042 - SABOR CONCENTRADO HIERBABUENA SF-292 X KL,,,3.07,
Bodega: 6 - COLSABOR UNICA,,,3.07,
406042,SABOR CONCENTRADO HIERBABUENA SF-292 X KL,,3.07,
Producto: 406044 - SABOR CONCENTRADO KETCHUP TC-299,,,2.14,
Bodega: 6 - COLSABOR UNICA,,,2.14,
406044,SABOR CONCENTRADO KETCHUP TC-299,,2.14,
Producto: 406045 - SABOR CONCENTRADO KETCHUP TC-301 X KL,,,0.60,
Bodega: 6 - COLSABOR UNICA,,,0.60,
406045,SABOR CONCENTRADO KETCHUP TC-301 X KL,,0.60,
Producto: 406047 - CAFE EXTRAIDO,,,2.25,
Bodega: 6 - COLSABOR UNICA,,,2.25,
406047,CAFE EXTRAIDO,,2.25,
Producto: 406048 - SABOR CONCENTRADO KOLA ROJA KF-567 X KL,,,5.15,
Bodega: 6 - COLSABOR UNICA,,,5.15,
406048,SABOR CONCENTRADO KOLA ROJA KF-567 X KL,,5.15,
Producto: 406049 - SABOR CONCENTRADO LECHE CONDENSADA LF-202 X KL,,,0.07,
Bodega: 6 - COLSABOR UNICA,,,0.07,
406049,SABOR CONCENTRADO LECHE CONDENSADA LF-202 X KL,,0.07,
Producto: 406051 - SABOR CONCENTRADO LIMON LF-238A X KL,,,29.25,
Bodega: 6 - COLSABOR UNICA,,,29.25,
406051,SABOR CONCENTRADO LIMON LF-238A X KL,,29.25,
Producto: 406052 - SABOR CONCENTRADO MANTEQUILLA BF-404DC X KG.,,,16.20,
Bodega: 6 - COLSABOR UNICA,,,16.20,
406052,SABOR CONCENTRADO MANTEQUILLA BF-404DC X KG.,,16.20,
Producto: 406053 - SABOR CONCENTRADO MANDARINA MF-239A X KL,,,0.13,
Bodega: 6 - COLSABOR UNICA,,,0.13,
406053,SABOR CONCENTRADO MANDARINA MF-239A X KL,,0.13,
Producto: 406054 - SABOR CONCENTRADO MANDARINA MF-239RDC X KL,,,1.27,
Bodega: 6 - COLSABOR UNICA,,,1.27,
406054,SABOR CONCENTRADO MANDARINA MF-239RDC X KL,,1.27,
Producto: 406057 - MANTEQUILLA BF-684,,,1.12,
Bodega: 6 - COLSABOR UNICA,,,1.12,
406057,MANTEQUILLA BF-684,,1.12,
Producto: 406058 - SABOR CONCENTRADO MANI MF-261T X KL,,,1.66,
Bodega: 6 - COLSABOR UNICA,,,1.66,
406058,SABOR CONCENTRADO MANI MF-261T X KL,,1.66,
Producto: 406059 - SABOR CONCENTRADO MANTECADO MF-242 X KL,,,8.55,
Bodega: 6 - COLSABOR UNICA,,,8.55,
406059,SABOR CONCENTRADO MANTECADO MF-242 X KL,,8.55,
Producto: 406060 - SABOR CONCENTRADO MANTEQUILLA BF-240 X KL,,,2.90,
Bodega: 6 - COLSABOR UNICA,,,2.90,
406060,SABOR CONCENTRADO MANTEQUILLA BF-240 X KL,,2.90,
Producto: 406061 - SABOR CONCENTRADO MORA CASTILLA BF-377 X KL,,,0.95,
Bodega: 6 - COLSABOR UNICA,,,0.95,
406061,SABOR CONCENTRADO MORA CASTILLA BF-377 X KL,,0.95,
Producto: 406063 - SABOR CONCENTRADO MANZANA ROJA AF-270 X KL,,,4.00,
Bodega: 6 - COLSABOR UNICA,,,4.00,
406063,SABOR CONCENTRADO MANZANA ROJA AF-270 X KL,,4.00,
Producto: 406064 - SABOR CONCENTRADO MANZANA VERDE AF-642 X KL,,,6.85,
Bodega: 6 - COLSABOR UNICA,,,6.85,
406064,SABOR CONCENTRADO MANZANA VERDE AF-642 X KL,,6.85,
Producto: 406066 - SABOR CONCENTRADO MAPLE MF-579 X KL,,,3.70,
Bodega: 6 - COLSABOR UNICA,,,3.70,
406066,SABOR CONCENTRADO MAPLE MF-579 X KL,,3.70,
Producto: 406067 - SABOR CONCENTRADO MARACUYA PF-447 X KL,,,4.99,
Bodega: 6 - COLSABOR UNICA,,,4.99,
406067,SABOR CONCENTRADO MARACUYA PF-447 X KL,,4.99,
Producto: 406068 - SABOR CONCENTRADO MARACUYA PF-447T X KL,,,1.65,
Bodega: 6 - COLSABOR UNICA,,,1.65,
406068,SABOR CONCENTRADO MARACUYA PF-447T X KL,,1.65,
Producto: 406072 - SABOR CONCENTRADO MENTA MF-430 X KL,,,7.08,
Bodega: 6 - COLSABOR UNICA,,,7.08,
406072,SABOR CONCENTRADO MENTA MF-430 X KL,,7.08,
Producto: 406073 - SABOR CONCENTRADO MENTA PIPERITA MF-636 X KL,,,0.97,
Bodega: 6 - COLSABOR UNICA,,,0.97,
406073,SABOR CONCENTRADO MENTA PIPERITA MF-636 X KL,,0.97,
Producto: 406074 - SABOR CONCENTRADO MENTA PIPERITA MF-343 X KL,,,0.36,
Bodega: 6 - COLSABOR UNICA,,,0.36,
406074,SABOR CONCENTRADO MENTA PIPERITA MF-343 X KL,,0.36,
Producto: 406075 - SABOR CONCENTRADO MIEL HF-426 X KL,,,14.80,
Bodega: 6 - COLSABOR UNICA,,,14.80,
406075,SABOR CONCENTRADO MIEL HF-426 X KL,,14.80,
Producto: 406077 - SABOR CONCENTRADO MORA BF-690A X KL,,,5.80,
Bodega: 6 - COLSABOR UNICA,,,5.80,
406077,SABOR CONCENTRADO MORA BF-690A X KL,,5.80,
Producto: 406078 - SABOR CONCENTRADO MORA BF-690T X KL,,,3.70,
Bodega: 6 - COLSABOR UNICA,,,3.70,
406078,SABOR CONCENTRADO MORA BF-690T X KL,,3.70,
Producto: 406079 - SABOR CONCENTRADO MOSTAZA MC-613 X KL,,,2.65,
Bodega: 6 - COLSABOR UNICA,,,2.65,
406079,SABOR CONCENTRADO MOSTAZA MC-613 X KL,,2.65,
Producto: 406080 - SABOR CONCENTRADO NARANJA OF-584 A X KL,,,6.80,
Bodega: 6 - COLSABOR UNICA,,,6.80,
406080,SABOR CONCENTRADO NARANJA OF-584 A X KL,,6.80,
Producto: 406083 - SABOR CONCENTRADO CAFE CF-596R,,,2.19,
Bodega: 6 - COLSABOR UNICA,,,2.19,
406083,SABOR CONCENTRADO CAFE CF-596R,,2.19,
Producto: 406085 - SABOR CONCENTRADO OREGANO OC-614 X KL,,,2.00,
Bodega: 6 - COLSABOR UNICA,,,2.00,
406085,SABOR CONCENTRADO OREGANO OC-614 X KL,,2.00,
Producto: 406086 - SABOR CONCENTRADO NATA MANI NF-344 X KL,,,0.15,
Bodega: 6 - COLSABOR UNICA,,,0.15,
406086,SABOR CONCENTRADO NATA MANI NF-344 X KL,,0.15,
Producto: 406087 - SABOR CONCENTRADO PIMENTON PC-247 X KL,,,0.29,
Bodega: 6 - COLSABOR UNICA,,,0.29,
406087,SABOR CONCENTRADO PIMENTON PC-247 X KL,,0.29,
Producto: 406089 - SABOR CONCENTRADO PIÑA PF-250 X KL,,,5.90,
Bodega: 6 - COLSABOR UNICA,,,5.90,
406089,SABOR CONCENTRADO PIÑA PF-250 X KL,,5.90,
Producto: 406091 - SABOR CONCENTRADO PIÑA PF-609A X KL,,,3.85,
Bodega: 6 - COLSABOR UNICA,,,3.85,
406091,SABOR CONCENTRADO PIÑA PF-609A X KL,,3.85,
Producto: 406092 - SABOR CONCENTRADO PIÑA COLADA PF-257 X KL,,,1.75,
Bodega: 6 - COLSABOR UNICA,,,1.75,
406092,SABOR CONCENTRADO PIÑA COLADA PF-257 X KL,,1.75,
Producto: 406093 - SABOR CONCENTRADO PISTACHO PF-260 X KL,,,0.13,
Bodega: 6 - COLSABOR UNICA,,,0.13,
406093,SABOR CONCENTRADO PISTACHO PF-260 X KL,,0.13,
Producto: 406094 - SABOR CONCENTRADO POLLO CONDIMENTO CC-620 X KL,,,0.55,
Bodega: 6 - COLSABOR UNICA,,,0.55,
406094,SABOR CONCENTRADO POLLO CONDIMENTO CC-620 X KL,,0.55,
Producto: 406095 - SABOR CONCENTRADO ROSA RF-577 X KL,,,0.17,
Bodega: 6 - COLSABOR UNICA,,,0.17,
406095,SABOR CONCENTRADO ROSA RF-577 X KL,,0.17,
Producto: 406096 - SABOR CONCENTRADO PONQUE PF-249 X KL,,,62.25,
Bodega: 6 - COLSABOR UNICA,,,62.25,
406096,SABOR CONCENTRADO PONQUE PF-249 X KL,,62.25,
Producto: 406097 - SABOR CONCENTRADO QUESO CF-294 X KL,,,40.45,
Bodega: 6 - COLSABOR UNICA,,,40.45,
406097,SABOR CONCENTRADO QUESO CF-294 X KL,,40.45,
Producto: 406099 - SABOR CONCENTRADO QUESO CREMA CF-262 X KL,,,1.18,
Bodega: 6 - COLSABOR UNICA,,,1.18,
406099,SABOR CONCENTRADO QUESO CREMA CF-262 X KL,,1.18,
Producto: 406101 - SABOR CONCENTRADO RON PASAS RF-251 X KL,,,3.60,
Bodega: 6 - COLSABOR UNICA,,,3.60,
406101,SABOR CONCENTRADO RON PASAS RF-251 X KL,,3.60,
Producto: 406102 - SABOR CONCENTRADO RON ROYALE RF-253R X KL,,,8.75,
Bodega: 6 - COLSABOR UNICA,,,8.75,
406102,SABOR CONCENTRADO RON ROYALE RF-253R X KL,,8.75,
Producto: 406106 - SABOR CONCENTRADO TUTTI FRUTI TF-254A X KL,,,1.95,
Bodega: 6 - COLSABOR UNICA,,,1.95,
406106,SABOR CONCENTRADO TUTTI FRUTI TF-254A X KL,,1.95,
Producto: 406107 - SABOR CONCENTRADO TUTTI FRUTI TF-254T X KL,,,1.75,
Bodega: 6 - COLSABOR UNICA,,,1.75,
406107,SABOR CONCENTRADO TUTTI FRUTI TF-254T X KL,,1.75,
Producto: 406109 - SABOR CONCENTRADO UVA GF-602,,,0.27,
Bodega: 6 - COLSABOR UNICA,,,0.27,
406109,SABOR CONCENTRADO UVA GF-602,,0.27,
Producto: 406112 - SABOR CONCENTRADO VAINILLA VF-263R X KL,,,24.10,
Bodega: 6 - COLSABOR UNICA,,,24.10,
406112,SABOR CONCENTRADO VAINILLA VF-263R X KL,,24.10,
Producto: 406113 - SABOR CONCENTRADO VINO VF-580 X KL,,,5.90,
Bodega: 6 - COLSABOR UNICA,,,5.90,
406113,SABOR CONCENTRADO VINO VF-580 X KL,,5.90,
Producto: 406117 - SABOR CONCENTRADO LECHE UHT MF-362R X KL,,,0.16,
Bodega: 6 - COLSABOR UNICA,,,0.16,
406117,SABOR CONCENTRADO LECHE UHT MF-362R X KL,,0.16,
Producto: 406118 - SABOR CONCENTRADO MACADAMIA MF-276 X KL,,,1.97,
Bodega: 6 - COLSABOR UNICA,,,1.97,
406118,SABOR CONCENTRADO MACADAMIA MF-276 X KL,,1.97,
Producto: 406119 - SABOR CONCENTRADO TRES LECHE MF-432 X KL.,,,4.00,
Bodega: 6 - COLSABOR UNICA,,,4.00,
406119,SABOR CONCENTRADO TRES LECHE MF-432 X KL.,,4.00,
Producto: 406121 - SABOR CONCENTRADO NARANJA OF-274 X KL,,,2.25,
Bodega: 6 - COLSABOR UNICA,,,2.25,
406121,SABOR CONCENTRADO NARANJA OF-274 X KL,,2.25,
Producto: 406123 - SABOR CONCENTRADO CEREZA CF-311 X KL,,,15.80,
Bodega: 6 - COLSABOR UNICA,,,15.80,
406123,SABOR CONCENTRADO CEREZA CF-311 X KL,,15.80,
Producto: 406128 - SABOR CONCENTRADO QUESO CF-415 X KL,,,20.50,
Bodega: 6 - COLSABOR UNICA,,,20.50,
406128,SABOR CONCENTRADO QUESO CF-415 X KL,,20.50,
Producto: 406129 - VAINILLA VF-236T,,,2.10,
Bodega: 6 - COLSABOR UNICA,,,2.10,
406129,VAINILLA VF-236T,,2.10,
Producto: 406130 - SABOR CONCENTRADO VAINILLA VF 263RTDC X KG,,,10.25,
Bodega: 6 - COLSABOR UNICA,,,10.25,
406130,SABOR CONCENTRADO VAINILLA VF 263RTDC X KG,,10.25,
Producto: 406135 - SABOR CONCENTRADO PANELA PF-285R X KL,,,3.52,
Bodega: 6 - COLSABOR UNICA,,,3.52,
406135,SABOR CONCENTRADO PANELA PF-285R X KL,,3.52,
Producto: 406137 - SABOR CONCENTRADO MELOCOTON PF-585 X KL,,,0.22,
Bodega: 6 - COLSABOR UNICA,,,0.22,
406137,SABOR CONCENTRADO MELOCOTON PF-585 X KL,,0.22,
Producto: 406140 - SABOR CONCENTRADO FRESA SF-637 RDC X KL,,,3.41,
Bodega: 6 - COLSABOR UNICA,,,3.41,
406140,SABOR CONCENTRADO FRESA SF-637 RDC X KL,,3.41,
Producto: 406142 - SABOR CONCENTRADO CARAMELO CF-305 X KL,,,6.65,
Bodega: 6 - COLSABOR UNICA,,,6.65,
406142,SABOR CONCENTRADO CARAMELO CF-305 X KL,,6.65,
Producto: 406143 - VAINILLA LACTEA VF-689,,,1.00,
Bodega: 6 - COLSABOR UNICA,,,1.00,
406143,VAINILLA LACTEA VF-689,,1.00,
Producto: 406144 - SABOR CONCENTRADO NATURAL HIERBA BUENA SF-292N X KG.,,,1.01,
Bodega: 6 - COLSABOR UNICA,,,1.01,
406144,SABOR CONCENTRADO NATURAL HIERBA BUENA SF-292N X KG.,,1.01,
Producto: 406145 - SABOR CONCENTRADO AREQUIPE AF-208 X KL,,,28.20,
Bodega: 6 - COLSABOR UNICA,,,28.20,
406145,SABOR CONCENTRADO AREQUIPE AF-208 X KL,,28.20,
Producto: 406146 - SABOR CONCENTRADO DURAZNO PF-582 X KL,,,3.90,
Bodega: 6 - COLSABOR UNICA,,,3.90,
406146,SABOR CONCENTRADO DURAZNO PF-582 X KL,,3.90,
Producto: 406147 - SABOR CONCENTRADO MENTA MF-430R X KG.,,,0.29,
Bodega: 6 - COLSABOR UNICA,,,0.29,
406147,SABOR CONCENTRADO MENTA MF-430R X KG.,,0.29,
Producto: 406148 - SABOR CONCENTRADO VINAGRE DE FRUTAS VF-334 X KL,,,0.42,
Bodega: 6 - COLSABOR UNICA,,,0.42,
406148,SABOR CONCENTRADO VINAGRE DE FRUTAS VF-334 X KL,,0.42,
Producto: 406149 - SABOR CONCENTRADO YOGURT YF-329R X KL,,,6.14,
Bodega: 6 - COLSABOR UNICA,,,6.14,
406149,SABOR CONCENTRADO YOGURT YF-329R X KL,,6.14,
Producto: 406150 - SABOR CONCENTRADO CIDRON CF-322R X KL,,,12.70,
Bodega: 6 - COLSABOR UNICA,,,12.70,
406150,SABOR CONCENTRADO CIDRON CF-322R X KL,,12.70,
Producto: 406151 - SABOR CONCENTRADO YOGURT DE MELOCOTON YF-336,,,0.47,
Bodega: 6 - COLSABOR UNICA,,,0.47,
406151,SABOR CONCENTRADO YOGURT DE MELOCOTON YF-336,,0.47,
Producto: 406152 - SABOR CONCENTRADO YOGURT DE FRESA YF-331 X KL,,,0.96,
Bodega: 6 - COLSABOR UNICA,,,0.96,
406152,SABOR CONCENTRADO YOGURT DE FRESA YF-331 X KL,,0.96,
Producto: 406153 - SABOR CONCENTRADO AJI PARRILLA CC-413 X KG.,,,0.06,
Bodega: 6 - COLSABOR UNICA,,,0.06,
406153,SABOR CONCENTRADO AJI PARRILLA CC-413 X KG.,,0.06,
Producto: 406154 - SABOR CONCENTRADO SALSA INGLESA BC-300 X KL,,,2.10,
Bodega: 6 - COLSABOR UNICA,,,2.10,
406154,SABOR CONCENTRADO SALSA INGLESA BC-300 X KL,,2.10,
Producto: 406158 - SABOR CONCENTRADO CEREZA CF-220T X KL,,,0.46,
Bodega: 6 - COLSABOR UNICA,,,0.46,
406158,SABOR CONCENTRADO CEREZA CF-220T X KL,,0.46,
Producto: 406165 - SABOR CONCENTRADO KOLA ROJA KF-312 X KL,,,1.06,
Bodega: 6 - COLSABOR UNICA,,,1.06,
406165,SABOR CONCENTRADO KOLA ROJA KF-312 X KL,,1.06,
Producto: 406167 - SABOR CONCENTRADO VAINILLA VF-263RT X KL,,,0.14,
Bodega: 6 - COLSABOR UNICA,,,0.14,
406167,SABOR CONCENTRADO VAINILLA VF-263RT X KL,,0.14,
Producto: 406168 - SABOR CONCENTRADO RON RF-333 R X KL,,,0.06,
Bodega: 6 - COLSABOR UNICA,,,0.06,
406168,SABOR CONCENTRADO RON RF-333 R X KL,,0.06,
Producto: 406170 - SABOR CONCENTRADO PASITO MOSCATEL VF-378 X KL,,,0.69,
Bodega: 6 - COLSABOR UNICA,,,0.69,
406170,SABOR CONCENTRADO PASITO MOSCATEL VF-378 X KL,,0.69,
Producto: 406171 - SABOR CONCENTRADO MAIZ DULCE MF-770 X KG.,,,0.47,
Bodega: 6 - COLSABOR UNICA,,,0.47,
406171,SABOR CONCENTRADO MAIZ DULCE MF-770 X KG.,,0.47,
Producto: 406172 - SABOR CONCENTRADO AREQUIPE GC-003 X KL,,,58.90,
Bodega: 6 - COLSABOR UNICA,,,58.90,
406172,SABOR CONCENTRADO AREQUIPE GC-003 X KL,,58.90,
Producto: 406173 - SABOR CONCENTRADO CREMA DE WHISKEY WF-373 X KL,,,2.85,
Bodega: 6 - COLSABOR UNICA,,,2.85,
406173,SABOR CONCENTRADO CREMA DE WHISKEY WF-373 X KL,,2.85,
Producto: 406174 - SABOR CONCENTRADO FRESA SF-350 X KL,,,0.26,
Bodega: 6 - COLSABOR UNICA,,,0.26,
406174,SABOR CONCENTRADO FRESA SF-350 X KL,,0.26,
Producto: 406175 - SABOR CONCENTRADO FRESA NI GC-001 X KG.,,,40.95,
Bodega: 6 - COLSABOR UNICA,,,40.95,
406175,SABOR CONCENTRADO FRESA NI GC-001 X KG.,,40.95,
Producto: 406176 - SABOR CONCENTRADO KOLA CHAMPAÑA KF-363R X KL,,,1.05,
Bodega: 6 - COLSABOR UNICA,,,1.05,
406176,SABOR CONCENTRADO KOLA CHAMPAÑA KF-363R X KL,,1.05,
Producto: 406179 - SABOR CONCENTRADO MORA BF-374 X KL,,,5.55,
Bodega: 6 - COLSABOR UNICA,,,5.55,
406179,SABOR CONCENTRADO MORA BF-374 X KL,,5.55,
Producto: 406180 - SABOR CONCENTRADO KIWI KF-387 X KL,,,3.89,
Bodega: 6 - COLSABOR UNICA,,,3.89,
406180,SABOR CONCENTRADO KIWI KF-387 X KL,,3.89,
Producto: 406181 - SABOR CONCENTRADO TIRAMISU TF-358 XKL,,,2.94,
Bodega: 6 - COLSABOR UNICA,,,2.94,
406181,SABOR CONCENTRADO TIRAMISU TF-358 XKL,,2.94,
Producto: 406182 - SABOR CONCENTRADO CAFE  CF-218 X KL,,,5.95,
Bodega: 6 - COLSABOR UNICA,,,5.95,
406182,SABOR CONCENTRADO CAFE  CF-218 X KL,,5.95,
Producto: 406183 - SABOR CONCENTRADO CHICLE BF-370 X KL,,,2.28,
Bodega: 6 - COLSABOR UNICA,,,2.28,
406183,SABOR CONCENTRADO CHICLE BF-370 X KL,,2.28,
Producto: 406189 - SABOR CONCENTRADO MAYONESA MF-267R X KL,,,2.17,
Bodega: 6 - COLSABOR UNICA,,,2.17,
406189,SABOR CONCENTRADO MAYONESA MF-267R X KL,,2.17,
Producto: 406191 - SABOR CONCENTRADO SANDIA WF-608 X KL,,,1.75,
Bodega: 6 - COLSABOR UNICA,,,1.75,
406191,SABOR CONCENTRADO SANDIA WF-608 X KL,,1.75,
Producto: 406194 - SABOR CONCENTRADO SANDIA WF-608T X KL,,,3.00,
Bodega: 6 - COLSABOR UNICA,,,3.00,
406194,SABOR CONCENTRADO SANDIA WF-608T X KL,,3.00,
Producto: 406195 - SABOR CONCENTRADO MORTADELA MC-601 X KL,,,0.13,
Bodega: 6 - COLSABOR UNICA,,,0.13,
406195,SABOR CONCENTRADO MORTADELA MC-601 X KL,,0.13,
Producto: 406196 - SABOR CONCENTRADO BARBECUE PICANTE BC-604 X KL,,,1.94,
Bodega: 6 - COLSABOR UNICA,,,1.94,
406196,SABOR CONCENTRADO BARBECUE PICANTE BC-604 X KL,,1.94,
Producto: 406199 - SABOR CONCENTRADO FRAMBUESA RF-227 X KL,,,2.80,
Bodega: 6 - COLSABOR UNICA,,,2.80,
406199,SABOR CONCENTRADO FRAMBUESA RF-227 X KL,,2.80,
Producto: 406201 - SABOR CONCENTRADO VAINILLA VF-499 X KG,,,10.15,
Bodega: 6 - COLSABOR UNICA,,,10.15,
406201,SABOR CONCENTRADO VAINILLA VF-499 X KG,,10.15,
Producto: 406203 - SABOR CONCENTRADO MORA BF-688A X KL,,,4.70,
Bodega: 6 - COLSABOR UNICA,,,4.70,
406203,SABOR CONCENTRADO MORA BF-688A X KL,,4.70,
Producto: 406204 - SABOR CONCENTRADO MORA BF-688T X KL,,,2.29,
Bodega: 6 - COLSABOR UNICA,,,2.29,
406204,SABOR CONCENTRADO MORA BF-688T X KL,,2.29,
Producto: 406205 - SABOR CONCENTRADO RON CUBANO RF-258R X KL,,,4.45,
Bodega: 6 - COLSABOR UNICA,,,4.45,
406205,SABOR CONCENTRADO RON CUBANO RF-258R X KL,,4.45,
Producto: 406206 - SABOR CONCENTRADO AREQUIPE AF-208DC X KL,,,3.91,
Bodega: 6 - COLSABOR UNICA,,,3.91,
406206,SABOR CONCENTRADO AREQUIPE AF-208DC X KL,,3.91,
Producto: 406207 - SABOR CONCENTRADO AREQUIPE AF-625DC X KL,,,1.95,
Bodega: 6 - COLSABOR UNICA,,,1.95,
406207,SABOR CONCENTRADO AREQUIPE AF-625DC X KL,,1.95,
Producto: 406208 - SABOR CONCENTRADO CHICLE GF-002 X KL,,,13.85,
Bodega: 6 - COLSABOR UNICA,,,13.85,
406208,SABOR CONCENTRADO CHICLE GF-002 X KL,,13.85,
Producto: 406209 - SABOR CONCENTRADO NARANJA OF-584 T X KL,,,3.00,
Bodega: 6 - COLSABOR UNICA,,,3.00,
406209,SABOR CONCENTRADO NARANJA OF-584 T X KL,,3.00,
Producto: 406212 - SABOR CONCENTRADO UVA GF-603 X KL,,,0.64,
Bodega: 6 - COLSABOR UNICA,,,0.64,
406212,SABOR CONCENTRADO UVA GF-603 X KL,,0.64,
Producto: 406213 - SABOR CONCENTRADO MORA AZUL BF-421T X KL.,,,0.10,
Bodega: 6 - COLSABOR UNICA,,,0.10,
406213,SABOR CONCENTRADO MORA AZUL BF-421T X KL.,,0.10,
Producto: 406215 - SABOR CONCENTRADO TOCINETA TF-605 X KL,,,3.35,
Bodega: 6 - COLSABOR UNICA,,,3.35,
406215,SABOR CONCENTRADO TOCINETA TF-605 X KL,,3.35,
Producto: 406217 - SABOR CONCENTRADO AREQUIPE AF-385 X KL,,,0.26,
Bodega: 6 - COLSABOR UNICA,,,0.26,
406217,SABOR CONCENTRADO AREQUIPE AF-385 X KL,,0.26,
Producto: 406218 - SABOR CONCENTRADO TORONJA AMARILLA GF-318R X KL,,,0.94,
Bodega: 6 - COLSABOR UNICA,,,0.94,
406218,SABOR CONCENTRADO TORONJA AMARILLA GF-318R X KL,,0.94,
Producto: 406219 - SABOR CONCENTRADO MARGARINA MF-304 RT X KL,,,2.05,
Bodega: 6 - COLSABOR UNICA,,,2.05,
406219,SABOR CONCENTRADO MARGARINA MF-304 RT X KL,,2.05,
Producto: 406221 - SABOR CONCENTRADO NATA NF-442 X KL,,,2.55,
Bodega: 6 - COLSABOR UNICA,,,2.55,
406221,SABOR CONCENTRADO NATA NF-442 X KL,,2.55,
Producto: 406222 - SABOR CONCENTRADO CAFE CF-643.,,,0.11,
Bodega: 6 - COLSABOR UNICA,,,0.11,
406222,SABOR CONCENTRADO CAFE CF-643.,,0.11,
Producto: 406230 - SABOR CONCENTRADO BROWNIE BF-384 X KL,,,1.02,
Bodega: 6 - COLSABOR UNICA,,,1.02,
406230,SABOR CONCENTRADO BROWNIE BF-384 X KL,,1.02,
Producto: 406231 - SABOR CONCENTRADO AVELLANA AF-480 X KG.,,,2.85,
Bodega: 6 - COLSABOR UNICA,,,2.85,
406231,SABOR CONCENTRADO AVELLANA AF-480 X KG.,,2.85,
Producto: 406232 - SABOR CONCENTRADO MORA BF-374DC X KG.,,,0.29,
Bodega: 6 - COLSABOR UNICA,,,0.29,
406232,SABOR CONCENTRADO MORA BF-374DC X KG.,,0.29,
Producto: 406233 - SABOR CONCENTRADO FRUTOS ROJOS RF-402DC X KG.,,,5.95,
Bodega: 6 - COLSABOR UNICA,,,5.95,
406233,SABOR CONCENTRADO FRUTOS ROJOS RF-402DC X KG.,,5.95,
Producto: 406234 - SABOR CONCENTRADO CEREZA CF-311DC X KG.,,,1.76,
Bodega: 6 - COLSABOR UNICA,,,1.76,
406234,SABOR CONCENTRADO CEREZA CF-311DC X KG.,,1.76,
Producto: 406235 - SABOR CONCENTRADO FRESA GC-001DC,,,1.80,
Bodega: 6 - COLSABOR UNICA,,,1.80,
406235,SABOR CONCENTRADO FRESA GC-001DC,,1.80,
Producto: 406238 - SABOR CONCENTRADO FRUTOS ROJOS RF-402 X KG.,,,11.35,
Bodega: 6 - COLSABOR UNICA,,,11.35,
406238,SABOR CONCENTRADO FRUTOS ROJOS RF-402 X KG.,,11.35,
Producto: 406239 - SABOR CONCENTRADO VINO MOSCATEL VF-455,,,0.85,
Bodega: 6 - COLSABOR UNICA,,,0.85,
406239,SABOR CONCENTRADO VINO MOSCATEL VF-455,,0.85,
Producto: 406241 - SABOR CONCENTRADO COOKIES AND CREAM CF-440,,,2.78,
Bodega: 6 - COLSABOR UNICA,,,2.78,
406241,SABOR CONCENTRADO COOKIES AND CREAM CF-440,,2.78,
Producto: 406246 - SABOR CONCENTRADO LULO LF-435,,,1.70,
Bodega: 6 - COLSABOR UNICA,,,1.70,
406246,SABOR CONCENTRADO LULO LF-435,,1.70,
Producto: 406249 - SABOR CONCENTRADO CEBOLLA OC-615/5,,,0.02,
Bodega: 6 - COLSABOR UNICA,,,0.02,
406249,SABOR CONCENTRADO CEBOLLA OC-615/5,,0.02,
Producto: 406250 - SABOR CONCENTRADO OREGANO CC-614/5 X KG.,,,0.03,
Bodega: 6 - COLSABOR UNICA,,,0.03,
406250,SABOR CONCENTRADO OREGANO CC-614/5 X KG.,,0.03,
Producto: 406259 - SABOR CONCENTRADO MANGO MF-465R X KG.,,,3.68,
Bodega: 6 - COLSABOR UNICA,,,3.68,
406259,SABOR CONCENTRADO MANGO MF-465R X KG.,,3.68,
Producto: 406260 - SABOR CONCENTRADO MANTEQUILLA BF-404 X KG.,,,-0.03,
Bodega: 6 - COLSABOR UNICA,,,-0.03,
406260,SABOR CONCENTRADO MANTEQUILLA BF-404 X KG.,,-0.03,
Producto: 406262 - SABOR CONCENTRADO FRAMBUESA RF-424 X KG.,,,0.23,
Bodega: 6 - COLSABOR UNICA,,,0.23,
406262,SABOR CONCENTRADO FRAMBUESA RF-424 X KG.,,0.23,
Producto: 406264 - SABOR CONCENTRADO LIMA-LIMON LF-201T X KG.,,,6.45,
Bodega: 6 - COLSABOR UNICA,,,6.45,
406264,SABOR CONCENTRADO LIMA-LIMON LF-201T X KG.,,6.45,
Producto: 406265 - SABOR CONCENTRADO UVA GF-602T X KG.,,,2.15,
Bodega: 6 - COLSABOR UNICA,,,2.15,
406265,SABOR CONCENTRADO UVA GF-602T X KG.,,2.15,
Producto: 406266 - SABOR CONCENTRADO MANDARINA MF-239T,,,0.86,
Bodega: 6 - COLSABOR UNICA,,,0.86,
406266,SABOR CONCENTRADO MANDARINA MF-239T,,0.86,
Producto: 406268 - SABOR CONCENTRADO COFFEE DELIGHT CF-573RT,,,0.55,
Bodega: 6 - COLSABOR UNICA,,,0.55,
406268,SABOR CONCENTRADO COFFEE DELIGHT CF-573RT,,0.55,
Producto: 406270 - SABOR CONCENTRADO NARANJA PIÑA OF-422 X KG.,,,12.00,
Bodega: 6 - COLSABOR UNICA,,,12.00,
406270,SABOR CONCENTRADO NARANJA PIÑA OF-422 X KG.,,12.00,
Producto: 406271 - SABOR CONCENTRADO SALPICON SF-367,,,1.81,
Bodega: 6 - COLSABOR UNICA,,,1.81,
406271,SABOR CONCENTRADO SALPICON SF-367,,1.81,
Producto: 406274 - SABOR CONCENTRADO LECHE CONDENSADA MF-441 X KL,,,7.82,
Bodega: 6 - COLSABOR UNICA,,,7.82,
406274,SABOR CONCENTRADO LECHE CONDENSADA MF-441 X KL,,7.82,
Producto: 406277 - SABOR CONCENTRADO VAINILLA BOURBON VF-271Z X KL,,,37.30,
Bodega: 6 - COLSABOR UNICA,,,37.30,
406277,SABOR CONCENTRADO VAINILLA BOURBON VF-271Z X KL,,37.30,
Producto: 406284 - SABOR CONCENTRADO YOGUR YF-806 X KG,,,1.96,
Bodega: 6 - COLSABOR UNICA,,,1.96,
406284,SABOR CONCENTRADO YOGUR YF-806 X KG,,1.96,
Producto: 406285 - SABOR CONCENTRADO JAMON JC-376 X KL,,,1.26,
Bodega: 6 - COLSABOR UNICA,,,1.26,
406285,SABOR CONCENTRADO JAMON JC-376 X KL,,1.26,
Producto: 406288 - SABOR CONCENTRADO MENTOLIPTUS MF-431,,,0.04,
Bodega: 6 - COLSABOR UNICA,,,0.04,
406288,SABOR CONCENTRADO MENTOLIPTUS MF-431,,0.04,
Producto: 406291 - SABOR CONCENTRADO CEREZA GRANADINA CF-664 X KG,,,0.19,
Bodega: 6 - COLSABOR UNICA,,,0.19,
406291,SABOR CONCENTRADO CEREZA GRANADINA CF-664 X KG,,0.19,
Producto: 406292 - SABOR CONCENTRADO VODKA BGL VF-861 x KG,,,1.00,
Bodega: 6 - COLSABOR UNICA,,,1.00,
406292,SABOR CONCENTRADO VODKA BGL VF-861 x KG,,1.00,
Producto: 406293 - SABOR CONCENTRADO AREQUIPE AF-645 X KL,,,0.50,
Bodega: 6 - COLSABOR UNICA,,,0.50,
406293,SABOR CONCENTRADO AREQUIPE AF-645 X KL,,0.50,
Producto: 406294 - SABOR CONCENTRADO ZANAHORIA CF-657 X KG.,,,9.19,
Bodega: 6 - COLSABOR UNICA,,,9.19,
406294,SABOR CONCENTRADO ZANAHORIA CF-657 X KG.,,9.19,
Producto: 406296 - SABOR CONCENTRADO WHISKY WF-537 X KG,,,0.15,
Bodega: 6 - COLSABOR UNICA,,,0.15,
406296,SABOR CONCENTRADO WHISKY WF-537 X KG,,0.15,
Producto: 406297 - SABOR CONCENTRADO UVA GF 554 AT X KL,,,0.89,
Bodega: 6 - COLSABOR UNICA,,,0.89,
406297,SABOR CONCENTRADO UVA GF 554 AT X KL,,0.89,
Producto: 406298 - SABOR CONCENTRADO FRESA NI GC-001 T X KG.,,,8.27,
Bodega: 6 - COLSABOR UNICA,,,8.27,
406298,SABOR CONCENTRADO FRESA NI GC-001 T X KG.,,8.27,
Producto: 40630 - SABOR CONCENTRADO PISTACHO PF-259R X KG.,,,0.13,
Bodega: 6 - COLSABOR UNICA,,,0.13,
40630,SABOR CONCENTRADO PISTACHO PF-259R X KG.,,0.13,
Producto: 406301 - SABOR CONCENTRADO MARGARINA MF-347DC X KG,,,8.95,
Bodega: 6 - COLSABOR UNICA,,,8.95,
406301,SABOR CONCENTRADO MARGARINA MF-347DC X KG,,8.95,
Producto: 406304 - SABOR CONCENTRADO NARANJA OF 584ADC X KG,,,2.76,
Bodega: 6 - COLSABOR UNICA,,,2.76,
406304,SABOR CONCENTRADO NARANJA OF 584ADC X KG,,2.76,
Producto: 406306 - SABOR CONCENTRADO BANANO BF-214DC X KG,,,6.25,
Bodega: 6 - COLSABOR UNICA,,,6.25,
406306,SABOR CONCENTRADO BANANO BF-214DC X KG,,6.25,
Producto: 406307 - SABOR CONCENTRADO PONQUE PF-249DC X KG,,,0.89,
Bodega: 6 - COLSABOR UNICA,,,0.89,
406307,SABOR CONCENTRADO PONQUE PF-249DC X KG,,0.89,
Producto: 406310 - SABOR CONCENTRADO COCO NEGRO CF-222 TDC X KG,,,4.75,
Bodega: 6 - COLSABOR UNICA,,,4.75,
406310,SABOR CONCENTRADO COCO NEGRO CF-222 TDC X KG,,4.75,
Producto: 406311 - SABOR CONCENTRADO MANZANILLA CF-670 X KL,,,9.30,
Bodega: 6 - COLSABOR UNICA,,,9.30,
406311,SABOR CONCENTRADO MANZANILLA CF-670 X KL,,9.30,
Producto: 406312 - SABOR CONCENTRADO CARNE CF-623,,,0.18,
Bodega: 6 - COLSABOR UNICA,,,0.18,
406312,SABOR CONCENTRADO CARNE CF-623,,0.18,
Producto: 406313 - SABOR CONCENTRADO LIMON JENGIBRE LF-497T X KL,,,5.60,
Bodega: 6 - COLSABOR UNICA,,,5.60,
406313,SABOR CONCENTRADO LIMON JENGIBRE LF-497T X KL,,5.60,
Producto: 406314 - SABOR CONCENTRADO VAINILLA CANELA VF-647 X KG,,,0.20,
Bodega: 6 - COLSABOR UNICA,,,0.20,
406314,SABOR CONCENTRADO VAINILLA CANELA VF-647 X KG,,0.20,
Producto: 406315 - SABOR CONCENTRADO VAINILEO VF-725Z X KL,,,0.03,
Bodega: 6 - COLSABOR UNICA,,,0.03,
406315,SABOR CONCENTRADO VAINILEO VF-725Z X KL,,0.03,
Producto: 406316 - EUCALIPTO AROMA EA 540 X KG,,,9.68,
Bodega: 6 - COLSABOR UNICA,,,9.68,
406316,EUCALIPTO AROMA EA 540 X KG,,9.68,
Producto: 406318 - SABOR CONCENTRADO MANTEQUILLA BF-327RTZDC X KG,,,10.65,
Bodega: 6 - COLSABOR UNICA,,,10.65,
406318,SABOR CONCENTRADO MANTEQUILLA BF-327RTZDC X KG,,10.65,
Producto: 406319 - SABOR CONCENTRADO MANTEQUILLA BF-327RTZ X KG,,,17.70,
Bodega: 6 - COLSABOR UNICA,,,17.70,
406319,SABOR CONCENTRADO MANTEQUILLA BF-327RTZ X KG,,17.70,
Producto: 406320 - SABOR CONCENTRADO VAINILEO VF-326RZDC X KG,,,34.75,
Bodega: 6 - COLSABOR UNICA,,,34.75,
406320,SABOR CONCENTRADO VAINILEO VF-326RZDC X KG,,34.75,
Producto: 406321 - SABOR CONCENTRADO VAINILEO VF-326RZ X KG,,,26.86,
Bodega: 6 - COLSABOR UNICA,,,26.86,
406321,SABOR CONCENTRADO VAINILEO VF-326RZ X KG,,26.86,
Producto: 406322 - SABOR CONCENTRADO CAFE CF-696R X KG,,,1.84,
Bodega: 6 - COLSABOR UNICA,,,1.84,
406322,SABOR CONCENTRADO CAFE CF-696R X KG,,1.84,
Producto: 406323 - FRUTOS ROJOS RF 402 COLOR X KG,,,0.65,
Bodega: 6 - COLSABOR UNICA,,,0.65,
406323,FRUTOS ROJOS RF 402 COLOR X KG,,0.65,
Producto: 406324 - SABOR CONCENTRADO FRUTOS ROJOS RF-681 X KG,,,14.09,
Bodega: 6 - COLSABOR UNICA,,,14.09,
406324,SABOR CONCENTRADO FRUTOS ROJOS RF-681 X KG,,14.09,
Producto: 406325 - MARACUYA PIÑA PF 668T X KG,,,0.70,
Bodega: 6 - COLSABOR UNICA,,,0.70,
406325,MARACUYA PIÑA PF 668T X KG,,0.70,
Producto: 406326 - SABOR CONCENTRADO BARBECUE BC 604R X KG,,,1.56,
Bodega: 6 - COLSABOR UNICA,,,1.56,
406326,SABOR CONCENTRADO BARBECUE BC 604R X KG,,1.56,
Producto: 406327 - SABOR CONCENTRADO CARAMELO CF 225DC X KG,,,1.68,
Bodega: 6 - COLSABOR UNICA,,,1.68,
406327,SABOR CONCENTRADO CARAMELO CF 225DC X KG,,1.68,
Producto: 40633 - SABOR CONCENTRADO LIMON LF-238T,,,16.90,
Bodega: 6 - COLSABOR UNICA,,,16.90,
40633,SABOR CONCENTRADO LIMON LF-238T,,16.90,
Producto: 406330 - CAFE EXTRAIDO GRANO  X KG,,,1.07,
Bodega: 6 - COLSABOR UNICA,,,1.07,
406330,CAFE EXTRAIDO GRANO  X KG,,1.07,
Producto: 40637 - SABOR CONCENTRADO KOLA NEGRA KF-599,,,0.38,
Bodega: 6 - COLSABOR UNICA,,,0.38,
40637,SABOR CONCENTRADO KOLA NEGRA KF-599,,0.38,
Producto: 406400 - VAINILLA AROMA VF-800,,,0.96,
Bodega: 6 - COLSABOR UNICA,,,0.96,
406400,VAINILLA AROMA VF-800,,0.96,
Producto: 40645 - SABOR CONCENTRADO FRESA SF-548 RDC X KG.,,,22.45,
Bodega: 6 - COLSABOR UNICA,,,22.45,
40645,SABOR CONCENTRADO FRESA SF-548 RDC X KG.,,22.45,
Producto: 40652 - SABOR CONCENTRADO TRES LECHES TF-653 X KG,,,7.80,
Bodega: 6 - COLSABOR UNICA,,,7.80,
40652,SABOR CONCENTRADO TRES LECHES TF-653 X KG,,7.80,
Producto: 40653 - SABOR CONCENTRADO ALMENDRA AA-649 X KG,,,0.33,
Bodega: 6 - COLSABOR UNICA,,,0.33,
40653,SABOR CONCENTRADO ALMENDRA AA-649 X KG,,0.33,
Producto: 40654 - SABOR CONCENTRADO AJO GC-563/5 X KG.,,,0.16,
Bodega: 6 - COLSABOR UNICA,,,0.16,
40654,SABOR CONCENTRADO AJO GC-563/5 X KG.,,0.16,
Producto: 40655 - SABOR CONCENTRADO HIERBABUENA SF-292T X KG,,,7.70,
Bodega: 6 - COLSABOR UNICA,,,7.70,
40655,SABOR CONCENTRADO HIERBABUENA SF-292T X KG,,7.70,
Producto: 40656 - SABOR CONCENTRADO LIMONCILLO LF-245T X KG,,,2.10,
Bodega: 6 - COLSABOR UNICA,,,2.10,
40656,SABOR CONCENTRADO LIMONCILLO LF-245T X KG,,2.10,
Producto: 40657 - SABOR CONCENTRADO LIMON LF-238RT X KG,,,0.01,
Bodega: 6 - COLSABOR UNICA,,,0.01,
40657,SABOR CONCENTRADO LIMON LF-238RT X KG,,0.01,
Producto: 40660 - SABOR CONCENTRADO MANTEQUILLA QUESO BF-366 X KL,,,0.17,
Bodega: 6 - COLSABOR UNICA,,,0.17,
40660,SABOR CONCENTRADO MANTEQUILLA QUESO BF-366 X KL,,0.17,
Producto: 40662 - SABOR CONCENTRADO NARANJA OF 523 X KG,,,2.00,
Bodega: 6 - COLSABOR UNICA,,,2.00,
40662,SABOR CONCENTRADO NARANJA OF 523 X KG,,2.00,
Producto: 40664 - SABOR CONCENTRADO VAINILEO VF-629 X KG,,,1.36,
Bodega: 6 - COLSABOR UNICA,,,1.36,
40664,SABOR CONCENTRADO VAINILEO VF-629 X KG,,1.36,
Producto: 40668 - SABOR CONCENTRADO MENTA MF-482R X KG,,,1.14,
Bodega: 6 - COLSABOR UNICA,,,1.14,
40668,SABOR CONCENTRADO MENTA MF-482R X KG,,1.14,
Producto: 40670 - SABOR CONCENTRADO CANELA CF-217DC X KG,,,-0.03,
Bodega: 6 - COLSABOR UNICA,,,-0.03,
40670,SABOR CONCENTRADO CANELA CF-217DC X KG,,-0.03,
Producto: 40672 - SABOR CONCENTRADO FRESA FANTASIA SF-439,,,0.40,
Bodega: 6 - COLSABOR UNICA,,,0.40,
40672,SABOR CONCENTRADO FRESA FANTASIA SF-439,,0.40,
Producto: 40673 - SABOR CONCENTRADO JENGIBRE GC-369 X KL,,,9.10,
Bodega: 6 - COLSABOR UNICA,,,9.10,
40673,SABOR CONCENTRADO JENGIBRE GC-369 X KL,,9.10,
Producto: 40675 - SABOR CONCENTRADO CHOCOLO CF-414 X KL,,,8.80,
Bodega: 6 - COLSABOR UNICA,,,8.80,
40675,SABOR CONCENTRADO CHOCOLO CF-414 X KL,,8.80,
Producto: 40676 - SABOR CONCENTRADO MORAZUL BF-445T X KL,,,0.42,
Bodega: 6 - COLSABOR UNICA,,,0.42,
40676,SABOR CONCENTRADO MORAZUL BF-445T X KL,,0.42,
Producto: 40677 - SABOR CONCENTRADO MANTEQUILLA BF-105R X KL,,,3.38,
Bodega: 6 - COLSABOR UNICA,,,3.38,
40677,SABOR CONCENTRADO MANTEQUILLA BF-105R X KL,,3.38,
Producto: 40678 - SABOR CONCENTRADO FRESA SF-228T X KL,,,0.85,
Bodega: 6 - COLSABOR UNICA,,,0.85,
40678,SABOR CONCENTRADO FRESA SF-228T X KL,,0.85,
Producto: 40679 - EXTRACTO DE CHOCOLATE NATURAL R070F-2,,,2.50,
Bodega: 6 - COLSABOR UNICA,,,2.50,
40679,EXTRACTO DE CHOCOLATE NATURAL R070F-2,,2.50,
Producto: 40680 - ALMENDRA AROMA AA-651 X KG,,,0.37,
Bodega: 6 - COLSABOR UNICA,,,0.37,
40680,ALMENDRA AROMA AA-651 X KG,,0.37,
Producto: 40681 - SABOR CONCENTRADO QUESO CF-550DC X KG,,,0.94,
Bodega: 6 - COLSABOR UNICA,,,0.94,
40681,SABOR CONCENTRADO QUESO CF-550DC X KG,,0.94,
Producto: 406820 - SABOR CONCENTRADO TROPICAL TF-656 X KG,,,8.70,
Bodega: 6 - COLSABOR UNICA,,,8.70,
406820,SABOR CONCENTRADO TROPICAL TF-656 X KG,,8.70,
Producto: 406823 - SABOR CONCENTRADO MAYONESA MF-665R X KL,,,1.63,
Bodega: 6 - COLSABOR UNICA,,,1.63,
406823,SABOR CONCENTRADO MAYONESA MF-665R X KL,,1.63,
Producto: 40683 - SABOR CONCENTRADO MENTA PIPERITA MF-343A X KL,,,3.72,
Bodega: 6 - COLSABOR UNICA,,,3.72,
40683,SABOR CONCENTRADO MENTA PIPERITA MF-343A X KL,,3.72,
Producto: 40684 - SABOR CONCENTRADO MORAZUL BF-445 X KL,,,1.60,
Bodega: 6 - COLSABOR UNICA,,,1.60,
40684,SABOR CONCENTRADO MORAZUL BF-445 X KL,,1.60,
Producto: 40685 - SABOR CONCENTRADO VAINILLA BANANO VF-699,,,0.78,
Bodega: 6 - COLSABOR UNICA,,,0.78,
40685,SABOR CONCENTRADO VAINILLA BANANO VF-699,,0.78,
Producto: 40687 - SABOR CONCENTRADO MANTEQUILLA SUPER MF-714 X KG,,,10.72,
Bodega: 6 - COLSABOR UNICA,,,10.72,
40687,SABOR CONCENTRADO MANTEQUILLA SUPER MF-714 X KG,,10.72,
Producto: 407000 - SABOR TRIX AJI X KL,,,0.56,
Bodega: 6 - COLSABOR UNICA,,,0.56,
407000,SABOR TRIX AJI X KL,,0.56,
Producto: 407001 - SABOR POLVO TRIX TRES LECHES X KG.,,,0.10,
Bodega: 6 - COLSABOR UNICA,,,0.10,
407001,SABOR POLVO TRIX TRES LECHES X KG.,,0.10,
Producto: 407003 - SABOR POLVO TRIX MAÍZ DULCE X KG.,,,1.06,
Bodega: 6 - COLSABOR UNICA,,,1.06,
407003,SABOR POLVO TRIX MAÍZ DULCE X KG.,,1.06,
Producto: 407004 - SABOR TRIX AREQUIPE X KL,,,12.97,
Bodega: 6 - COLSABOR UNICA,,,12.97,
407004,SABOR TRIX AREQUIPE X KL,,12.97,
Producto: 407008 - SABOR TRIX CANELA X KL,,,6.53,
Bodega: 6 - COLSABOR UNICA,,,6.53,
407008,SABOR TRIX CANELA X KL,,6.53,
Producto: 407009 - SABOR TRIX CARAMELO X KL,,,-9.05,
Bodega: 6 - COLSABOR UNICA,,,-9.05,
407009,SABOR TRIX CARAMELO X KL,,-9.05,
Producto: 407014 - SABOR TRIX COCO X KL,,,1.07,
Bodega: 6 - COLSABOR UNICA,,,1.07,
407014,SABOR TRIX COCO X KL,,1.07,
Producto: 407022 - SABOR TRIX CHOCOLATE X KL,,,3.58,
Bodega: 6 - COLSABOR UNICA,,,3.58,
407022,SABOR TRIX CHOCOLATE X KL,,3.58,
Producto: 407025 - SABOR TRIX FRAMBUESA X KL,,,0.10,
Bodega: 6 - COLSABOR UNICA,,,0.10,
407025,SABOR TRIX FRAMBUESA X KL,,0.10,
Producto: 407026 - SABOR TRIX FRESA COLOR X KL,,,8.18,
Bodega: 6 - COLSABOR UNICA,,,8.18,
407026,SABOR TRIX FRESA COLOR X KL,,8.18,
Producto: 407029 - SABOR TRIX HIERBA BUENA X KL,,,3.74,
Bodega: 6 - COLSABOR UNICA,,,3.74,
407029,SABOR TRIX HIERBA BUENA X KL,,3.74,
Producto: 407033 - SABOR TRIX LECHE CONDENSADA X KL,,,0.36,
Bodega: 6 - COLSABOR UNICA,,,0.36,
407033,SABOR TRIX LECHE CONDENSADA X KL,,0.36,
Producto: 407034 - SABOR TRIX LIMA-LIMON X KL,,,1.38,
Bodega: 6 - COLSABOR UNICA,,,1.38,
407034,SABOR TRIX LIMA-LIMON X KL,,1.38,
Producto: 407036 - SABOR TRIX MANDARINA X KL,,,0.77,
Bodega: 6 - COLSABOR UNICA,,,0.77,
407036,SABOR TRIX MANDARINA X KL,,0.77,
Producto: 407037 - SABOR TRIX MANGO X KL,,,1.97,
Bodega: 6 - COLSABOR UNICA,,,1.97,
407037,SABOR TRIX MANGO X KL,,1.97,
Producto: 407038 - SABOR TRIX CLAVO DE OLOR X KG,,,0.02,
Bodega: 6 - COLSABOR UNICA,,,0.02,
407038,SABOR TRIX CLAVO DE OLOR X KG,,0.02,
Producto: 407039 - SABOR TRIX MANTECADO X KL,,,6.74,
Bodega: 6 - COLSABOR UNICA,,,6.74,
407039,SABOR TRIX MANTECADO X KL,,6.74,
Producto: 407040 - SABOR TRIX MANTEQUILLA X KL,,,0.02,
Bodega: 6 - COLSABOR UNICA,,,0.02,
407040,SABOR TRIX MANTEQUILLA X KL,,0.02,
Producto: 407043 - SABOR TRIX MANZANA VERDE X KL,,,7.44,
Bodega: 6 - COLSABOR UNICA,,,7.44,
407043,SABOR TRIX MANZANA VERDE X KL,,7.44,
Producto: 407044 - SABOR TRIX ANIS X KG,,,0.02,
Bodega: 6 - COLSABOR UNICA,,,0.02,
407044,SABOR TRIX ANIS X KG,,0.02,
Producto: 407054 - SABOR TRIX NARANJA X KL,,,2.00,
Bodega: 6 - COLSABOR UNICA,,,2.00,
407054,SABOR TRIX NARANJA X KL,,2.00,
Producto: 407063 - SABOR TRIX PIÑA SIN COLOR X KL,,,3.24,
Bodega: 6 - COLSABOR UNICA,,,3.24,
407063,SABOR TRIX PIÑA SIN COLOR X KL,,3.24,
Producto: 407071 - SABOR TRIX RON PASAS X KL,,,10.10,
Bodega: 6 - COLSABOR UNICA,,,10.10,
407071,SABOR TRIX RON PASAS X KL,,10.10,
Producto: 407072 - SABOR TRIX SANDIA X KL,,,0.47,
Bodega: 6 - COLSABOR UNICA,,,0.47,
407072,SABOR TRIX SANDIA X KL,,0.47,
Producto: 407076 - SABOR TRIX UVA X KL,,,0.22,
Bodega: 6 - COLSABOR UNICA,,,0.22,
407076,SABOR TRIX UVA X KL,,0.22,
Producto: 407077 - SABOR TRIX VAINILLA N.I X KL,,,13.88,
Bodega: 6 - COLSABOR UNICA,,,13.88,
407077,SABOR TRIX VAINILLA N.I X KL,,13.88,
Producto: 407079 - SABOR TRIX VAINILLA Z X KL,,,19.86,
Bodega: 6 - COLSABOR UNICA,,,19.86,
407079,SABOR TRIX VAINILLA Z X KL,,19.86,
Producto: 407083 - SABOR TRIX UVA SIN COLOR X KL,,,1.00,
Bodega: 6 - COLSABOR UNICA,,,1.00,
407083,SABOR TRIX UVA SIN COLOR X KL,,1.00,
Producto: 407086 - SABOR TRIX MILO X KG,,,14.07,
Bodega: 6 - COLSABOR UNICA,,,14.07,
407086,SABOR TRIX MILO X KG,,14.07,
Producto: 407088 - SABOR TRIX COOKIES AND CREAM X KL,,,0.10,
Bodega: 6 - COLSABOR UNICA,,,0.10,
407088,SABOR TRIX COOKIES AND CREAM X KL,,0.10,
Producto: 407092 - SABOR TRIX FRESA SIN COLOR  X KL,,,5.90,
Bodega: 6 - COLSABOR UNICA,,,5.90,
407092,SABOR TRIX FRESA SIN COLOR  X KL,,5.90,
Producto: 407095 - JENGIBRE NATURAL EN POLVO X KG,,,10.92,
Bodega: 6 - COLSABOR UNICA,,,10.92,
407095,JENGIBRE NATURAL EN POLVO X KG,,10.92,
Producto: 408005 - SABOR GRITZ CANELA X KL,,,16.18,
Bodega: 6 - COLSABOR UNICA,,,16.18,
408005,SABOR GRITZ CANELA X KL,,16.18,
Producto: 408012 - SABOR GRITZ CHICLE X KL,,,0.76,
Bodega: 6 - COLSABOR UNICA,,,0.76,
408012,SABOR GRITZ CHICLE X KL,,0.76,
Producto: 408021 - SABOR GRITZ LIMON X KL,,,3.23,
Bodega: 6 - COLSABOR UNICA,,,3.23,
408021,SABOR GRITZ LIMON X KL,,3.23,
Producto: 408030 - SABOR GRITZ MORA X KL,,,0.45,
Bodega: 6 - COLSABOR UNICA,,,0.45,
408030,SABOR GRITZ MORA X KL,,0.45,
Producto: 408031 - SABOR GRITZ NARANJA X KL,,,2.60,
Bodega: 6 - COLSABOR UNICA,,,2.60,
408031,SABOR GRITZ NARANJA X KL,,2.60,
Producto: 408046 - SABOR GRITZ CLAVO DE OLOR X KL,,,0.88,
Bodega: 6 - COLSABOR UNICA,,,0.88,
408046,SABOR GRITZ CLAVO DE OLOR X KL,,0.88,
Producto: 408047 - SABOR GRITZ AJO X KL,,,0.20,
Bodega: 6 - COLSABOR UNICA,,,0.20,
408047,SABOR GRITZ AJO X KL,,0.20,
Producto: 408048 - SABOR GRITZ COFFEE DELIGHT X KG.,,,0.71,
Bodega: 6 - COLSABOR UNICA,,,0.71,
408048,SABOR GRITZ COFFEE DELIGHT X KG.,,0.71,
Producto: 408049 - SABOR GRITZ FRUTOS ROJOS X KL,,,4.94,
Bodega: 6 - COLSABOR UNICA,,,4.94,
408049,SABOR GRITZ FRUTOS ROJOS X KL,,4.94,
Producto: 408064 - SABOR GRITZ CLAVO CANELA X KL,,,1.00,
Bodega: 6 - COLSABOR UNICA,,,1.00,
408064,SABOR GRITZ CLAVO CANELA X KL,,1.00,
Producto: 409000 - SABOR POLVO STAND AJI X KL,,,3.89,
Bodega: 6 - COLSABOR UNICA,,,3.89,
409000,SABOR POLVO STAND AJI X KL,,3.89,
Producto: 409001 - SABOR POLVO ESTAND VAINILLA BANANO X KG.,,,3.42,
Bodega: 6 - COLSABOR UNICA,,,3.42,
409001,SABOR POLVO ESTAND VAINILLA BANANO X KG.,,3.42,
Producto: 409003 - SABOR POLVO STAND AREQUIPE X KL,,,1.78,
Bodega: 6 - COLSABOR UNICA,,,1.78,
409003,SABOR POLVO STAND AREQUIPE X KL,,1.78,
Producto: 409004 - SABOR POLVO STAND BANANO X KL,,,4.04,
Bodega: 6 - COLSABOR UNICA,,,4.04,
409004,SABOR POLVO STAND BANANO X KL,,4.04,
Producto: 409007 - SABOR POLVO STAND CANELA X KL,,,78.02,
Bodega: 6 - COLSABOR UNICA,,,78.02,
409007,SABOR POLVO STAND CANELA X KL,,78.02,
Producto: 409008 - SABOR POLVO STAND CARAMELO X KL,,,5.00,
Bodega: 6 - COLSABOR UNICA,,,5.00,
409008,SABOR POLVO STAND CARAMELO X KL,,5.00,
Producto: 409009 - SABOR POLVO STAND CEBOLLA X KL,,,3.61,
Bodega: 6 - COLSABOR UNICA,,,3.61,
409009,SABOR POLVO STAND CEBOLLA X KL,,3.61,
Producto: 409010 - SABOR POLVO STAND CEREZA X KL,,,1.36,
Bodega: 6 - COLSABOR UNICA,,,1.36,
409010,SABOR POLVO STAND CEREZA X KL,,1.36,
Producto: 409012 - SABOR POLVO STAND CLAVO DE OLOR X KL,,,1.08,
Bodega: 6 - COLSABOR UNICA,,,1.08,
409012,SABOR POLVO STAND CLAVO DE OLOR X KL,,1.08,
Producto: 409013 - SABOR POLVO STAND COCO  X KL,,,0.85,
Bodega: 6 - COLSABOR UNICA,,,0.85,
409013,SABOR POLVO STAND COCO  X KL,,0.85,
Producto: 409019 - SABOR POLVO ESTANDAR AMARETTO X KG.,,,8.24,
Bodega: 6 - COLSABOR UNICA,,,8.24,
409019,SABOR POLVO ESTANDAR AMARETTO X KG.,,8.24,
Producto: 409020 - SABOR POLVO STAND CHICLE  X KL,,,0.06,
Bodega: 6 - COLSABOR UNICA,,,0.06,
409020,SABOR POLVO STAND CHICLE  X KL,,0.06,
Producto: 409022 - SABOR POLVO STAND DURAZNO X KL,,,3.19,
Bodega: 6 - COLSABOR UNICA,,,3.19,
409022,SABOR POLVO STAND DURAZNO X KL,,3.19,
Producto: 409024 - SABOR POLVO STND UVA CON COLOR X Kg,,,3.02,
Bodega: 6 - COLSABOR UNICA,,,3.02,
409024,SABOR POLVO STND UVA CON COLOR X Kg,,3.02,
Producto: 409025 - SABOR POLVO STAND FRAMBUESA X KL,,,4.00,
Bodega: 6 - COLSABOR UNICA,,,4.00,
409025,SABOR POLVO STAND FRAMBUESA X KL,,4.00,
Producto: 409026 - SABOR POLVO STAND FRESA COLOR X KL,,,77.64,
Bodega: 6 - COLSABOR UNICA,,,77.64,
409026,SABOR POLVO STAND FRESA COLOR X KL,,77.64,
Producto: 409028 - SABR POLVO STAND LIMON CON COLOR X KG,,,0.79,
Bodega: 6 - COLSABOR UNICA,,,0.79,
409028,SABR POLVO STAND LIMON CON COLOR X KG,,0.79,
Producto: 409029 - SABOR POLVO STAND HIERBABUENA  X KL,,,6.27,
Bodega: 6 - COLSABOR UNICA,,,6.27,
409029,SABOR POLVO STAND HIERBABUENA  X KL,,6.27,
Producto: 409031 - SABOR POLVO STAND HUMO X KL,,,0.50,
Bodega: 6 - COLSABOR UNICA,,,0.50,
409031,SABOR POLVO STAND HUMO X KL,,0.50,
Producto: 409032 - SABOR TRIX PIÑA COLOR X KG,,,10.19,
Bodega: 6 - COLSABOR UNICA,,,10.19,
409032,SABOR TRIX PIÑA COLOR X KG,,10.19,
Producto: 409033 - SABOR POLVO STAND LECHE CONDENSADA X KL,,,3.18,
Bodega: 6 - COLSABOR UNICA,,,3.18,
409033,SABOR POLVO STAND LECHE CONDENSADA X KL,,3.18,
Producto: 409035 - SABOR POLVO STAND LIMON X KL,,,1.20,
Bodega: 6 - COLSABOR UNICA,,,1.20,
409035,SABOR POLVO STAND LIMON X KL,,1.20,
Producto: 409040 - SABOR POLVO STAND MANZANA VERDE X KL,,,0.99,
Bodega: 6 - COLSABOR UNICA,,,0.99,
409040,SABOR POLVO STAND MANZANA VERDE X KL,,0.99,
Producto: 409042 - SABOR POLVO STAND MARACUYA  X KL,,,5.54,
Bodega: 6 - COLSABOR UNICA,,,5.54,
409042,SABOR POLVO STAND MARACUYA  X KL,,5.54,
Producto: 409046 - SABOR POLVO STAND MENTA X KL,,,0.14,
Bodega: 6 - COLSABOR UNICA,,,0.14,
409046,SABOR POLVO STAND MENTA X KL,,0.14,
Producto: 409049 - SABOR POLVO STAND MORA X KL,,,0.17,
Bodega: 6 - COLSABOR UNICA,,,0.17,
409049,SABOR POLVO STAND MORA X KL,,0.17,
Producto: 409051 - SABOR POLVO STAND NARANJA X KL,,,3.55,
Bodega: 6 - COLSABOR UNICA,,,3.55,
409051,SABOR POLVO STAND NARANJA X KL,,3.55,
Producto: 409059 - SABOR POLVO STAND PIÑA X KL,,,0.86,
Bodega: 6 - COLSABOR UNICA,,,0.86,
409059,SABOR POLVO STAND PIÑA X KL,,0.86,
Producto: 409074 - SABOR POLVO STAND VAINILLA X KL,,,23.40,
Bodega: 6 - COLSABOR UNICA,,,23.40,
409074,SABOR POLVO STAND VAINILLA X KL,,23.40,
Producto: 409077 - SABOR POLVO STAND UVA SIN COLOR X KL,,,-3.00,
Bodega: 6 - COLSABOR UNICA,,,-3.00,
409077,SABOR POLVO STAND UVA SIN COLOR X KL,,-3.00,
Producto: 409078 - SABOR POLVO STAND MANTEQUILLA X KL,,,0.94,
Bodega: 6 - COLSABOR UNICA,,,0.94,
409078,SABOR POLVO STAND MANTEQUILLA X KL,,0.94,
Producto: 409079 - SABOR POLVO STAND CAPUCHINO X KL,,,1.90,
Bodega: 6 - COLSABOR UNICA,,,1.90,
409079,SABOR POLVO STAND CAPUCHINO X KL,,1.90,
Producto: 409081 - SABOR POLVO STAND AJO X KL,,,0.81,
Bodega: 6 - COLSABOR UNICA,,,0.81,
409081,SABOR POLVO STAND AJO X KL,,0.81,
Producto: 409083 - SABOR POLVO STAND QUESO CHEDDAR X KL,,,6.45,
Bodega: 6 - COLSABOR UNICA,,,6.45,
409083,SABOR POLVO STAND QUESO CHEDDAR X KL,,6.45,
Producto: 409084 - SABOR POLVO ESTANDAR MAYONESA X KL,,,0.72,
Bodega: 6 - COLSABOR UNICA,,,0.72,
409084,SABOR POLVO ESTANDAR MAYONESA X KL,,0.72,
Producto: 409088 - SABOR POLVO STAND MANTEQUILLA-QUESO X KL,,,2.42,
Bodega: 6 - COLSABOR UNICA,,,2.42,
409088,SABOR POLVO STAND MANTEQUILLA-QUESO X KL,,2.42,
Producto: 409089 - SABOR POLVO STAND FRESA SIN COLOR X KL,,,12.60,
Bodega: 6 - COLSABOR UNICA,,,12.60,
409089,SABOR POLVO STAND FRESA SIN COLOR X KL,,12.60,
Producto: 409093 - SABOR CONCENTRADO RON ROYAL RF-333R X KG,,,0.09,
Bodega: 6 - COLSABOR UNICA,,,0.09,
409093,SABOR CONCENTRADO RON ROYAL RF-333R X KG,,0.09,
Producto: 409094 - SABOR CONDIMENTO POLVO STAND MORAZUL X KG.,,,0.09,
Bodega: 6 - COLSABOR UNICA,,,0.09,
409094,SABOR CONDIMENTO POLVO STAND MORAZUL X KG.,,0.09,
Producto: 409096 - SABOR POLVO STAND SALPICON X KL.,,,6.12,
Bodega: 6 - COLSABOR UNICA,,,6.12,
409096,SABOR POLVO STAND SALPICON X KL.,,6.12,
Producto: 409097 - SABOR POLVO STAND FRUTOS ROJOS X KL.,,,1.15,
Bodega: 6 - COLSABOR UNICA,,,1.15,
409097,SABOR POLVO STAND FRUTOS ROJOS X KL.,,1.15,
Producto: 409098 - SABOR POLVO STAND BROWNIE X KL.,,,0.01,
Bodega: 6 - COLSABOR UNICA,,,0.01,
409098,SABOR POLVO STAND BROWNIE X KL.,,0.01,
Producto: 409099 - SABOR POLVO STAND MANZANILLA X KL,,,5.98,
Bodega: 6 - COLSABOR UNICA,,,5.98,
409099,SABOR POLVO STAND MANZANILLA X KL,,5.98,
Producto: 409100 - SABOR POLVO STAND CIDRON X KL,,,11.60,
Bodega: 6 - COLSABOR UNICA,,,11.60,
409100,SABOR POLVO STAND CIDRON X KL,,11.60,
Producto: 409101 - SABOR POLVO STAND LIMON JENGIBRE X KL,,,10.12,
Bodega: 6 - COLSABOR UNICA,,,10.12,
409101,SABOR POLVO STAND LIMON JENGIBRE X KL,,10.12,
Producto: 409102 - SABOR POLVO STAND COOKIES AND CREAM X KL,,,7.40,
Bodega: 6 - COLSABOR UNICA,,,7.40,
409102,SABOR POLVO STAND COOKIES AND CREAM X KL,KG,7.40,
Producto: 409103 - SABOR POLVO STAND TROPICAL X KL.,,,0.07,
Bodega: 6 - COLSABOR UNICA,,,0.07,
409103,SABOR POLVO STAND TROPICAL X KL.,,0.07,
Producto: 409104 - SABOR POLVO STANDAR FRUTOS ROJOS SIN COLOR X KG,,,10.40,
Bodega: 6 - COLSABOR UNICA,,,10.40,
409104,SABOR POLVO STANDAR FRUTOS ROJOS SIN COLOR X KG,,10.40,
Producto: 409110 - CAFE AROMA EN POLVO X KG,,,1.00,
Bodega: 6 - COLSABOR UNICA,,,1.00,
409110,CAFE AROMA EN POLVO X KG,,1.00,
Producto: 40939 - SABOR POLVO ESTANDAR MANI X KG.,,,1.20,
Bodega: 6 - COLSABOR UNICA,,,1.20,
40939,SABOR POLVO ESTANDAR MANI X KG.,,1.20,
Producto: 409392 - SABOR CONCENTRADO PISTACHO PF-659 X KG,,,3.68,
Bodega: 6 - COLSABOR UNICA,,,3.68,
409392,SABOR CONCENTRADO PISTACHO PF-659 X KG,,3.68,
Producto: 410000 - COLOR LIQUIDO CARAMELO X KL,,,0.90,
Bodega: 6 - COLSABOR UNICA,,,0.90,
410000,COLOR LIQUIDO CARAMELO X KL,,0.90,
Producto: 410001 - COLOR LIQUIDO BLANCO GEL X KL,,,7.29,
Bodega: 6 - COLSABOR UNICA,,,7.29,
410001,COLOR LIQUIDO BLANCO GEL X KL,,7.29,
Producto: 410002 - COLOR LIQUIDO PIEL X KL,,,1.48,
Bodega: 6 - COLSABOR UNICA,,,1.48,
410002,COLOR LIQUIDO PIEL X KL,,1.48,
Producto: 410003 - COLOR LIQUIDO VERDE LIMON X KL,,,0.98,
Bodega: 6 - COLSABOR UNICA,,,0.98,
410003,COLOR LIQUIDO VERDE LIMON X KL,,0.98,
Producto: 410004 - COLOR LIQUIDO MORADO X KL,,,0.19,
Bodega: 6 - COLSABOR UNICA,,,0.19,
410004,COLOR LIQUIDO MORADO X KL,,0.19,
Producto: 410005 - COLOR LIQUIDO AZUL CLARO X KL,,,0.62,
Bodega: 6 - COLSABOR UNICA,,,0.62,
410005,COLOR LIQUIDO AZUL CLARO X KL,,0.62,
Producto: 410006 - COLOR LIQUIDO LILA X KL,,,4.57,
Bodega: 6 - COLSABOR UNICA,,,4.57,
410006,COLOR LIQUIDO LILA X KL,,4.57,
Producto: 410007 - COLOR LIQUIDO SALMON X KL,,,0.19,
Bodega: 6 - COLSABOR UNICA,,,0.19,
410007,COLOR LIQUIDO SALMON X KL,,0.19,
Producto: 410008 - COLOR LIQUIDO MELOCOTON X KL,,,0.11,
Bodega: 6 - COLSABOR UNICA,,,0.11,
410008,COLOR LIQUIDO MELOCOTON X KL,,0.11,
Producto: 410009 - COLOR LIQUIDO UVA X KL,,,0.74,
Bodega: 6 - COLSABOR UNICA,,,0.74,
410009,COLOR LIQUIDO UVA X KL,,0.74,
Producto: 410010 - COLOR LIQUIDO FRESA X KL,,,1.52,
Bodega: 6 - COLSABOR UNICA,,,1.52,
410010,COLOR LIQUIDO FRESA X KL,,1.52,
Producto: 410011 - COLOR LIQUIDO AMARILLO X KL,,,4.75,
Bodega: 6 - COLSABOR UNICA,,,4.75,
410011,COLOR LIQUIDO AMARILLO X KL,,4.75,
Producto: 410012 - COLOR LIQUIDO AMARILLO-LIMON X KL,,,0.17,
Bodega: 6 - COLSABOR UNICA,,,0.17,
410012,COLOR LIQUIDO AMARILLO-LIMON X KL,,0.17,
Producto: 410013 - COLOR LIQUIDO NARANJA X KL,,,30.81,
Bodega: 6 - COLSABOR UNICA,,,30.81,
410013,COLOR LIQUIDO NARANJA X KL,,30.81,
Producto: 410014 - COLOR LIQUIDO FUCSIA X KL,,,0.34,
Bodega: 6 - COLSABOR UNICA,,,0.34,
410014,COLOR LIQUIDO FUCSIA X KL,,0.34,
Producto: 410015 - COLOR LIQUIDO NEGRO X KL,,,14.63,
Bodega: 6 - COLSABOR UNICA,,,14.63,
410015,COLOR LIQUIDO NEGRO X KL,,14.63,
Producto: 410016 - COLOR LIQUIDO ROJO X KL,,,16.12,
Bodega: 6 - COLSABOR UNICA,,,16.12,
410016,COLOR LIQUIDO ROJO X KL,,16.12,
Producto: 410017 - COLOR LIQUIDO ROSADO X KL,,,0.82,
Bodega: 6 - COLSABOR UNICA,,,0.82,
410017,COLOR LIQUIDO ROSADO X KL,,0.82,
Producto: 410018 - COLOR LIQUIDO VERDE X KL,,,0.57,
Bodega: 6 - COLSABOR UNICA,,,0.57,
410018,COLOR LIQUIDO VERDE X KL,,0.57,
Producto: 410019 - COLOR LIQUIDO AZUL X KL,,,16.01,
Bodega: 6 - COLSABOR UNICA,,,16.01,
410019,COLOR LIQUIDO AZUL X KL,,16.01,
Producto: 410020 - COLOR LIQUIDO AMARILLO HUEVO X KL,,,2.56,
Bodega: 6 - COLSABOR UNICA,,,2.56,
410020,COLOR LIQUIDO AMARILLO HUEVO X KL,,2.56,
Producto: 410021 - COLOR LIQUIDO CAFE X KL,,,1.74,
Bodega: 6 - COLSABOR UNICA,,,1.74,
410021,COLOR LIQUIDO CAFE X KL,,1.74,
Producto: 410023 - COLOR LIQUIDO FUCSIA 2 X KL,,,7.93,
Bodega: 6 - COLSABOR UNICA,,,7.93,
410023,COLOR LIQUIDO FUCSIA 2 X KL,,7.93,
Producto: 410024 - COLOR LIQUIDO ROSADO 2 X KL,,,6.33,
Bodega: 6 - COLSABOR UNICA,,,6.33,
410024,COLOR LIQUIDO ROSADO 2 X KL,,6.33,
Producto: 410025 - COLOR AZUL GEL X KL,,,0.59,
Bodega: 6 - COLSABOR UNICA,,,0.59,
410025,COLOR AZUL GEL X KL,,0.59,
Producto: 410026 - COLOR LIQUIDO ROJO #40 X KL,,,4.48,
Bodega: 6 - COLSABOR UNICA,,,4.48,
410026,COLOR LIQUIDO ROJO #40 X KL,,4.48,
Producto: 410027 - COLOR LIQUIDO TURQUESA X KL,,,1.32,
Bodega: 6 - COLSABOR UNICA,,,1.32,
410027,COLOR LIQUIDO TURQUESA X KL,,1.32,
Producto: 410028 - COLOR LIQUIDO VERDE MENTA X KL,,,1.80,
Bodega: 6 - COLSABOR UNICA,,,1.80,
410028,COLOR LIQUIDO VERDE MENTA X KL,,1.80,
Producto: 410030 - COLOR LIQUIDO VERDE MANZANA X KL,,,1.85,
Bodega: 6 - COLSABOR UNICA,,,1.85,
410030,COLOR LIQUIDO VERDE MANZANA X KL,,1.85,
Producto: 410031 - COLOR AMARILLO GEL X KL,,,0.91,
Bodega: 6 - COLSABOR UNICA,,,0.91,
410031,COLOR AMARILLO GEL X KL,,0.91,
Producto: 410032 - COLOR NARANJA GEL X KL,,,0.64,
Bodega: 6 - COLSABOR UNICA,,,0.64,
410032,COLOR NARANJA GEL X KL,,0.64,
Producto: 410033 - COLOR ROJO GEL X KL,,,0.98,
Bodega: 6 - COLSABOR UNICA,,,0.98,
410033,COLOR ROJO GEL X KL,,0.98,
Producto: 410034 - COLOR ROSADO 2 GEL X KL,,,3.00,
Bodega: 6 - COLSABOR UNICA,,,3.00,
410034,COLOR ROSADO 2 GEL X KL,,3.00,
Producto: 410035 - COLOR NEGRO GEL X KL,,,0.25,
Bodega: 6 - COLSABOR UNICA,,,0.25,
410035,COLOR NEGRO GEL X KL,,0.25,
Producto: 410036 - COLOR LIQUIDO TERRACOTA X KL,,,1.51,
Bodega: 6 - COLSABOR UNICA,,,1.51,
410036,COLOR LIQUIDO TERRACOTA X KL,,1.51,
Producto: 410037 - COLOR ROSADO GEL X KL,,,0.26,
Bodega: 6 - COLSABOR UNICA,,,0.26,
410037,COLOR ROSADO GEL X KL,,0.26,
Producto: 410038 - COLOR ROJO CONCENTRADO GEL X KL,,,0.31,
Bodega: 6 - COLSABOR UNICA,,,0.31,
410038,COLOR ROJO CONCENTRADO GEL X KL,,0.31,
Producto: 410039 - COLOR GEL FUCSIA X KG,,,0.16,
Bodega: 6 - COLSABOR UNICA,,,0.16,
410039,COLOR GEL FUCSIA X KG,,0.16,
Producto: 410040 - COLOR GEL VERDE LIMON X KG,,,0.59,
Bodega: 6 - COLSABOR UNICA,,,0.59,
410040,COLOR GEL VERDE LIMON X KG,,0.59,
Producto: 410041 - COLOR GEL TURQUESA X KG,,,0.61,
Bodega: 6 - COLSABOR UNICA,,,0.61,
410041,COLOR GEL TURQUESA X KG,,0.61,
Producto: 410042 - COLOR CAFE GEL X KG,,,0.62,
Bodega: 6 - COLSABOR UNICA,,,0.62,
410042,COLOR CAFE GEL X KG,,0.62,
Producto: 410043 - COLOR PIEL GEL X KG,,,1.29,
Bodega: 6 - COLSABOR UNICA,,,1.29,
410043,COLOR PIEL GEL X KG,,1.29,
Producto: 410044 - COLOR VERDE GEL X KG.,,,0.14,
Bodega: 6 - COLSABOR UNICA,,,0.14,
410044,COLOR VERDE GEL X KG.,,0.14,
Producto: 410050 - COLOR CHOCOLATE LIQ X KG,,,2.00,
Bodega: 6 - COLSABOR UNICA,,,2.00,
410050,COLOR CHOCOLATE LIQ X KG,,2.00,
Producto: 410051 - COLOR CHOCOLATE PARDO PURO EUROPA X KG.,,,2.06,
Bodega: 6 - COLSABOR UNICA,,,2.06,
410051,COLOR CHOCOLATE PARDO PURO EUROPA X KG.,,2.06,
Producto: 411047 - COLOR LIQUIDO MORA X KL,,,0.43,
Bodega: 6 - COLSABOR UNICA,,,0.43,
411047,COLOR LIQUIDO MORA X KL,,0.43,
Producto: 411048 - COLOR LIQUIDO CHOCOLATE PARDO X KL,,,1.79,
Bodega: 6 - COLSABOR UNICA,,,1.79,
411048,COLOR LIQUIDO CHOCOLATE PARDO X KL,,1.79,
Producto: 411049 - COLOR CHOCOLATE PARDO PURO X KL,,,11.85,
Bodega: 6 - COLSABOR UNICA,,,11.85,
411049,COLOR CHOCOLATE PARDO PURO X KL,,11.85,
Producto: 411052 - COLOR ROJO CHORIZO EN POLVO X KL,,,14.48,
Bodega: 6 - COLSABOR UNICA,,,14.48,
411052,COLOR ROJO CHORIZO EN POLVO X KL,,14.48,
Producto: 411053 - COLOR ROJO CHORIZO 2 X KG.,,,3.34,
Bodega: 6 - COLSABOR UNICA,,,3.34,
411053,COLOR ROJO CHORIZO 2 X KG.,,3.34,
Producto: 411059 - COLOR VERDE 2 PURO X KG,,,1.06,
Bodega: 6 - COLSABOR UNICA,,,1.06,
411059,COLOR VERDE 2 PURO X KG,,1.06,
Producto: 411061 - COLOR UVA 2 PURO X KG,,,0.68,
Bodega: 6 - COLSABOR UNICA,,,0.68,
411061,COLOR UVA 2 PURO X KG,,0.68,
Producto: 411111 - LIMON EMULSION PARA SECAR,,,226.58,
Bodega: 5 - BODEGA 5,,,240.10,
411111,LIMON EMULSION PARA SECAR,,240.10,
Bodega: 6 - COLSABOR UNICA,,,-13.52,
411111,LIMON EMULSION PARA SECAR,,-13.52,
Producto: 412000 - COLOR VERDE INACTIVO X KL,,,5.82,
Bodega: 6 - COLSABOR UNICA,,,5.82,
412000,COLOR VERDE INACTIVO X KL,,5.82,
Producto: 412001 - COLOR ROJO ESCARLATA ECO X KL,,,11.18,
Bodega: 6 - COLSABOR UNICA,,,11.18,
412001,COLOR ROJO ESCARLATA ECO X KL,,11.18,
Producto: 412002 - COLOR PIEL ECO X KG.,,,9.55,
Bodega: 6 - COLSABOR UNICA,,,9.55,
412002,COLOR PIEL ECO X KG.,,9.55,
Producto: 412003 - COLOR NARANJA 2 ECO KL,,,4.51,
Bodega: 6 - COLSABOR UNICA,,,4.51,
412003,COLOR NARANJA 2 ECO KL,,4.51,
Producto: 412004 - COLOR ROJO FRESA ECO X KL,,,0.75,
Bodega: 6 - COLSABOR UNICA,,,0.75,
412004,COLOR ROJO FRESA ECO X KL,,0.75,
Producto: 412005 - COLOR CARAMELO ECO X KL,,,10.87,
Bodega: 6 - COLSABOR UNICA,,,10.87,
412005,COLOR CARAMELO ECO X KL,,10.87,
Producto: 412007 - COLOR NEGRO ECO X KL,,,3.67,
Bodega: 6 - COLSABOR UNICA,,,3.67,
412007,COLOR NEGRO ECO X KL,,3.67,
Producto: 412008 - COLOR ROSADO ECO X KL,,,1.80,
Bodega: 6 - COLSABOR UNICA,,,1.80,
412008,COLOR ROSADO ECO X KL,,1.80,
Producto: 412009 - COLOR UVA ECO X KL,,,9.92,
Bodega: 6 - COLSABOR UNICA,,,9.92,
412009,COLOR UVA ECO X KL,,9.92,
Producto: 412010 - COLOR AMARILLO LIMON ECO X KL,,,0.30,
Bodega: 6 - COLSABOR UNICA,,,0.30,
412010,COLOR AMARILLO LIMON ECO X KL,,0.30,
Producto: 412011 - COLOR VERDE 2 ECO X KL,,,17.96,
Bodega: 6 - COLSABOR UNICA,,,17.96,
412011,COLOR VERDE 2 ECO X KL,,17.96,
Producto: 412012 - COLOR AMARILLO HUEVO ECO X KL,,,15.00,
Bodega: 6 - COLSABOR UNICA,,,15.00,
412012,COLOR AMARILLO HUEVO ECO X KL,,15.00,
Producto: 412013 - COLOR AZUL CLARO ECO X KL,,,18.50,
Bodega: 6 - COLSABOR UNICA,,,18.50,
412013,COLOR AZUL CLARO ECO X KL,,18.50,
Producto: 412014 - COLOR LILA SALES X KG.,,,0.20,
Bodega: 6 - COLSABOR UNICA,,,0.20,
412014,COLOR LILA SALES X KG.,,0.20,
Producto: 412015 - COLOR MANZANA VERDE ECO X KG.,,,4.35,
Bodega: 6 - COLSABOR UNICA,,,4.35,
412015,COLOR MANZANA VERDE ECO X KG.,,4.35,
Producto: 412017 - COLOR VERDE LIMON ECO X KG.,,,1.82,
Bodega: 6 - COLSABOR UNICA,,,1.82,
412017,COLOR VERDE LIMON ECO X KG.,,1.82,
Producto: 412018 - COLOR VERDE MENTA 2 ECO X KG.,,,0.53,
Bodega: 6 - COLSABOR UNICA,,,0.53,
412018,COLOR VERDE MENTA 2 ECO X KG.,,0.53,
Producto: 412019 - COLOR AMARILLO ECO X KG.,,,7.74,
Bodega: 6 - COLSABOR UNICA,,,7.74,
412019,COLOR AMARILLO ECO X KG.,,7.74,
Producto: 412021 - COLOR MORA CONSERVAS SALES X KL,,,0.51,
Bodega: 6 - COLSABOR UNICA,,,0.51,
412021,COLOR MORA CONSERVAS SALES X KL,,0.51,
Producto: 412025 - COLOR ROJO #40 INACTIVO X KG.,,,8.99,
Bodega: 6 - COLSABOR UNICA,,,8.99,
412025,COLOR ROJO #40 INACTIVO X KG.,,8.99,
Producto: 412026 - COLOR CAFÉ ECO X KG.,,,1.29,
Bodega: 6 - COLSABOR UNICA,,,1.29,
412026,COLOR CAFÉ ECO X KG.,,1.29,
Producto: 412027 - COLOR MORADO ECO X KG.,,,1.41,
Bodega: 6 - COLSABOR UNICA,,,1.41,
412027,COLOR MORADO ECO X KG.,,1.41,
Producto: 413000 - FRESA AROMA SA-229D X KL,,,0.17,
Bodega: 6 - COLSABOR UNICA,,,0.17,
413000,FRESA AROMA SA-229D X KL,,0.17,
Producto: 413002 - TUTTI FRUTI AROMA TA-555 X KL,,,0.26,
Bodega: 6 - COLSABOR UNICA,,,0.26,
413002,TUTTI FRUTI AROMA TA-555 X KL,,0.26,
Producto: 413003 - UVA AROMA GA-554 RD X KL,,,0.79,
Bodega: 6 - COLSABOR UNICA,,,0.79,
413003,UVA AROMA GA-554 RD X KL,,0.79,
Producto: 413004 - COCO AROMA CA -640,,,1.48,
Bodega: 6 - COLSABOR UNICA,,,1.48,
413004,COCO AROMA CA -640,,1.48,
Producto: 413006 - CEREZA AROMA CA-311D,,,1.39,
Bodega: 6 - COLSABOR UNICA,,,1.39,
413006,CEREZA AROMA CA-311D,,1.39,
Producto: 413007 - CHICLE AROMA BA-556,,,0.57,
Bodega: 6 - COLSABOR UNICA,,,0.57,
413007,CHICLE AROMA BA-556,,0.57,
Producto: 413008 - FRAMBUESA ICE AROMA RA-386,,,1.15,
Bodega: 6 - COLSABOR UNICA,,,1.15,
413008,FRAMBUESA ICE AROMA RA-386,,1.15,
Producto: 413009 - JAZMIN AROMA JA-501 X KL,,,0.24,
Bodega: 6 - COLSABOR UNICA,,,0.24,
413009,JAZMIN AROMA JA-501 X KL,,0.24,
Producto: 413012 - MENTA AROMA MA-593 X KG.,,,2.35,
Bodega: 6 - COLSABOR UNICA,,,2.35,
413012,MENTA AROMA MA-593 X KG.,,2.35,
Producto: 413014 - SANDALO AROMA SA-539 X KG.,,,1.40,
Bodega: 6 - COLSABOR UNICA,,,1.40,
413014,SANDALO AROMA SA-539 X KG.,,1.40,
Producto: 413016 - UVA AROMA GA-554 DA X KL,,,0.21,
Bodega: 6 - COLSABOR UNICA,,,0.21,
413016,UVA AROMA GA-554 DA X KL,,0.21,
Producto: 413017 - CEREZA AROMA CA-311 DA X KL,,,1.01,
Bodega: 6 - COLSABOR UNICA,,,1.01,
413017,CEREZA AROMA CA-311 DA X KL,,1.01,
Producto: 413023 - LAVANDA AROMA LA-801 X KG,,,0.04,
Bodega: 6 - COLSABOR UNICA,,,0.04,
413023,LAVANDA AROMA LA-801 X KG,,0.04,
Producto: 41313 - SANDIA AROMA WA-517D X KG.,,,0.26,
Bodega: 6 - COLSABOR UNICA,,,0.26,
41313,SANDIA AROMA WA-517D X KG.,,0.26,
Producto: 41314 - FRUTOS VERDES AROMA GA-590 X KG.,,,1.12,
Bodega: 6 - COLSABOR UNICA,,,1.12,
41314,FRUTOS VERDES AROMA GA-590 X KG.,,1.12,
Producto: 41317 - LAVANDA AROMA LA-530 X KG,,,4.20,
Bodega: 6 - COLSABOR UNICA,,,4.20,
41317,LAVANDA AROMA LA-530 X KG,,4.20,
Producto: 41318 - LIMON AROMA LA 529R X KG,,,1.70,
Bodega: 6 - COLSABOR UNICA,,,1.70,
41318,LIMON AROMA LA 529R X KG,,1.70,
Producto: 41319 - LIMON AROMA LA 529 X KG,,,-0.20,
Bodega: 6 - COLSABOR UNICA,,,-0.20,
41319,LIMON AROMA LA 529 X KG,,-0.20,
Producto: 41320 - CAFE AROMA CA-519 X KG,,,4.69,
Bodega: 6 - COLSABOR UNICA,,,4.69,
41320,CAFE AROMA CA-519 X KG,,4.69,
Producto: 415202 - COLOR VERDE MENTA GEL X KG.,,,0.80,
Bodega: 6 - COLSABOR UNICA,,,0.80,
415202,COLOR VERDE MENTA GEL X KG.,,0.80,
Producto: 41600 - JARABE NEUTRO X KG,,,13.50,
Bodega: 6 - COLSABOR UNICA,,,13.50,
41600,JARABE NEUTRO X KG,,13.50,
Producto: 416001 - JARABE NEUTRO GRANISABOR 70 X KG,,,1.01,
Bodega: 6 - COLSABOR UNICA,,,1.01,
416001,JARABE NEUTRO GRANISABOR 70 X KG,,1.01,
Producto: 41601 - JARABE DE CEREZA X KG.,,,1.78,
Bodega: 6 - COLSABOR UNICA,,,1.78,
41601,JARABE DE CEREZA X KG.,,1.78,
Producto: 41601G - ESENCIA GRANIZADO GENERICA X KG.,,,4.16,
Bodega: 6 - COLSABOR UNICA,,,4.16,
41601G,ESENCIA GRANIZADO GENERICA X KG.,,4.16,
Producto: 41603 - JARABE DE LIMON X KG.,,,3.43,
Bodega: 6 - COLSABOR UNICA,,,3.43,
41603,JARABE DE LIMON X KG.,,3.43,
Producto: 41603G - ESENCIA GRANIZADO CEREZA X KG,,,1.08,
Bodega: 6 - COLSABOR UNICA,,,1.08,
41603G,ESENCIA GRANIZADO CEREZA X KG,,1.08,
Producto: 41605 - JARABE DE MANDARINA X KG.,,,1.20,
Bodega: 6 - COLSABOR UNICA,,,1.20,
41605,JARABE DE MANDARINA X KG.,,1.20,
Producto: 41606 - JARABE DE UVA X KG,,,0.43,
Bodega: 6 - COLSABOR UNICA,,,0.43,
41606,JARABE DE UVA X KG,,0.43,
Producto: 41608 - JARABE DE FRUTOS ROJOS X KG,,,0.51,
Bodega: 6 - COLSABOR UNICA,,,0.51,
41608,JARABE DE FRUTOS ROJOS X KG,,0.51,
Producto: 41609 - JARABE DE MANGO BICHE X KG,,,0.37,
Bodega: 6 - COLSABOR UNICA,,,0.37,
41609,JARABE DE MANGO BICHE X KG,,0.37,
Producto: 41609G - ESENCIA GRANIZADO MORAZUL X KG,,,1.13,
Bodega: 6 - COLSABOR UNICA,,,1.13,
41609G,ESENCIA GRANIZADO MORAZUL X KG,,1.13,
Producto: 41610 - JARABE DE MARACUYA X KG,,,0.17,
Bodega: 6 - COLSABOR UNICA,,,0.17,
41610,JARABE DE MARACUYA X KG,,0.17,
Producto: 41612 - JARABE DE CHICLE X KG,,,1.45,
Bodega: 6 - COLSABOR UNICA,,,1.45,
41612,JARABE DE CHICLE X KG,,1.45,
Producto: 41614 - JARABE DE MORA X KG,,,3.21,
Bodega: 6 - COLSABOR UNICA,,,3.21,
41614,JARABE DE MORA X KG,,3.21,
Producto: 41616 - JARABE DE SANDIA X KG,,,0.13,
Bodega: 6 - COLSABOR UNICA,,,0.13,
41616,JARABE DE SANDIA X KG,,0.13,
Producto: 41616G - ESENCIA GRANIZADO SANDIA X KG,,,1.22,
Bodega: 6 - COLSABOR UNICA,,,1.22,
41616G,ESENCIA GRANIZADO SANDIA X KG,,1.22,
Producto: 41618 - JARABE DE KOLA ROJA X KG.,,,0.35,
Bodega: 6 - COLSABOR UNICA,,,0.35,
41618,JARABE DE KOLA ROJA X KG.,,0.35,
Producto: 41620 - JARABE DE TUTTI FRUTTI X KG.,,,0.53,
Bodega: 6 - COLSABOR UNICA,,,0.53,
41620,JARABE DE TUTTI FRUTTI X KG.,,0.53,
Producto: 41621 - JARABE DE COCO X KG.,,,0.98,
Bodega: 6 - COLSABOR UNICA,,,0.98,
41621,JARABE DE COCO X KG.,,0.98,
Producto: 41623 - JARABE DE NARANJA X KG,,,1.09,
Bodega: 6 - COLSABOR UNICA,,,1.09,
41623,JARABE DE NARANJA X KG,,1.09,
Producto: 41624 - JARABE DE MORAAZUL X KG,,,-0.03,
Bodega: 6 - COLSABOR UNICA,,,-0.03,
41624,JARABE DE MORAAZUL X KG,,-0.03,
Producto: 41625G - ESENCIA GRANIZADO MANZANA VERDE X KG,,,1.10,
Bodega: 6 - COLSABOR UNICA,,,1.10,
41625G,ESENCIA GRANIZADO MANZANA VERDE X KG,,1.10,
Producto: 41801 - ENDULZANTE SACARIN 15X KG.,,,4.35,
Bodega: 6 - COLSABOR UNICA,,,4.35,
41801,ENDULZANTE SACARIN 15X KG.,,4.35,
Producto: 41803 - ENDULZANTE ESTEVIA 15X  X KG,,,6.52,
Bodega: 6 - COLSABOR UNICA,,,6.52,
41803,ENDULZANTE ESTEVIA 15X  X KG,,6.52,
Producto: 420005 - ESENCIA BAKERMAN VAINILLA BLANCA Z X KL,,,0.91,
Bodega: 6 - COLSABOR UNICA,,,0.91,
420005,ESENCIA BAKERMAN VAINILLA BLANCA Z X KL,,0.91,
Producto: 420007 - ESENCIA BAKERMAN VAINILLA NEGRA Z X KL,,,3.90,
Bodega: 6 - COLSABOR UNICA,,,3.90,
420007,ESENCIA BAKERMAN VAINILLA NEGRA Z X KL,,3.90,
Producto: 420009 - SABOR CONCENTRADO VAINILEO VF-275R Z X KL,,,33.80,
Bodega: 6 - COLSABOR UNICA,,,33.80,
420009,SABOR CONCENTRADO VAINILEO VF-275R Z X KL,,33.80,
Producto: 420010 - SABOR CONCENTRADO VAINILEO VF-275 RDC Z X KL,,,21.55,
Bodega: 6 - COLSABOR UNICA,,,21.55,
420010,SABOR CONCENTRADO VAINILEO VF-275 RDC Z X KL,,21.55,
Producto: 420011 - SABOR CONCENTRADO VAINILLA VF-308 Z X KL,,,92.48,
Bodega: 6 - COLSABOR UNICA,,,92.48,
420011,SABOR CONCENTRADO VAINILLA VF-308 Z X KL,,92.48,
Producto: 420012 - SABOR CONCENTRADO VAINILLA VF-308T Z X KL,,,2.95,
Bodega: 6 - COLSABOR UNICA,,,2.95,
420012,SABOR CONCENTRADO VAINILLA VF-308T Z X KL,,2.95,
Producto: 420013 - SABOR CONCENTRADO VAINILLA VF-417 Z X KL,,,1.75,
Bodega: 6 - COLSABOR UNICA,,,1.75,
420013,SABOR CONCENTRADO VAINILLA VF-417 Z X KL,,1.75,
Producto: 999999999 - MERCANCIA EN TRANSITO,,,2.00,
Bodega: 6 - COLSABOR UNICA,,,2.00,
999999999,MERCANCIA EN TRANSITO,,2.00,
,,,,
Total general,,,"10,413,846.72",
,,,,
Procesado en: Abril 08 2026 17:51,,,,