,,,,,,,,,,,
Ventas por producto,,,,,,,,,,,
COLOMBIANA DE SABORES S.A.S. COLSABOR S.A.S.,,,,,,,,,,,
811003961-9,,,,,,,,,,,
De Enero 01 2025 a Diciembre 31 2025 ,,,,,,,,,,,
,,,,,,,,,,,
,,,,,,,,,,,
Código producto,Nombre producto,Referencia fábrica,Grupo inventario,Cantidad vendida,Valor bruto,Descuento,Subtotal,Impuesto cargo,Impuesto retención,Total,
101009,R009,,MATERIAS PRIMAS,"8,000.00","47,200.00",0.00,"47,200.00","8,968.00",0.00,"56,168.00",
101039,R039,,MATERIAS PRIMAS,"67,000.00","6,207,000.00",0.00,"6,207,000.00","1,179,330.00",0.00,"7,386,330.00",
101060,R060,,MATERIAS PRIMAS,"20,000.00","400,000.00",0.00,"400,000.00","76,000.00",0.00,"476,000.00",
101067,R067,,MATERIAS PRIMAS,"3,000.00","807,000.00",0.00,"807,000.00","153,330.00",0.00,"960,330.00",
101075,R075,,MATERIAS PRIMAS,"1,000.00","133,200.00",0.00,"133,200.00","25,308.00",0.00,"158,508.00",
101078,R078,,MATERIAS PRIMAS,"2,000.00","64,000.00",0.00,"64,000.00","12,160.00",0.00,"76,160.00",
101089,R089,,MATERIAS PRIMAS,"1,774,000.00","19,233,800.00",0.00,"19,233,800.00","3,654,422.00",0.00,"22,888,222.00",
101120,R120,,MATERIAS PRIMAS,"1,000.00","152,000.00",0.00,"152,000.00","28,880.00",0.00,"180,880.00",
101125,R125,,MATERIAS PRIMAS,"2,000.00","369,400.00",0.00,"369,400.00","70,186.00",0.00,"439,586.00",
101148,R148,,MATERIAS PRIMAS,"10,000.00","960,000.00",0.00,"960,000.00","182,400.00",0.00,"1,142,400.00",
101160,R160,,MATERIAS PRIMAS,"51,000.00","7,542,900.00",0.00,"7,542,900.00","1,433,151.00",0.00,"8,976,051.00",
101164,R164,,MATERIAS PRIMAS,"11,000.30","897,306.00",0.00,"897,306.00","170,488.14",0.00,"1,067,794.14",
101182,R182,,MATERIAS PRIMAS,"13,500.00","2,181,800.00",0.00,"2,181,800.00","414,542.00",0.00,"2,596,342.00",
101190,R190,,MATERIAS PRIMAS,"159,004.00","1,621,400.00",0.00,"1,621,400.00","308,066.00",0.00,"1,929,466.00",
101220,R220,,MATERIAS PRIMAS,0.00,0.00,0.00,0.00,0.00,0.00,0.00,
101243,R243,,MATERIAS PRIMAS,"1,000.00","63,000.00",0.00,"63,000.00","11,970.00",0.00,"74,970.00",
101249,R249,,MATERIAS PRIMAS,"141,000.00","1,196,900.00",0.00,"1,196,900.00","227,411.00",0.00,"1,424,311.00",
101255,R255,,MATERIAS PRIMAS,"575,000.00","39,675,000.00","776,250.00","38,898,750.00","7,390,762.50",0.00,"46,289,512.50",
101259,R259,,MATERIAS PRIMAS,"288,000.00","22,428,300.00",0.00,"22,428,300.00","4,261,377.00",0.00,"26,689,677.00",
10322,CARNE EN POLVO,,MATERIAS PRIMAS,"10,400.00","1,970,550.00",0.00,"1,970,550.00","374,404.50",0.00,"2,344,954.50",
10402,AZUL BTE.,,MATERIAS PRIMAS,"7,000.03","652,560.00",0.00,"652,560.00","123,986.40",0.00,"776,546.40",
10403,CARMOISINA,,MATERIAS PRIMAS,"22,000.00","1,977,800.00",0.00,"1,977,800.00","375,782.00",0.00,"2,353,582.00",
10405,ERYTROSINA,,MATERIAS PRIMAS,"4,000.00","3,321,700.00",0.00,"3,321,700.00","631,123.00",0.00,"3,952,823.00",
10406,ROJO PUNZO,,MATERIAS PRIMAS,"147,001.00","9,612,874.20",0.00,"9,612,874.20","1,826,446.10",0.00,"11,439,320.30",
10407,ROJO N 40,,MATERIAS PRIMAS,"3,000.00","261,000.00",0.00,"261,000.00","49,590.00",0.00,"310,590.00",
10408,SUNSET,,MATERIAS PRIMAS,"48,000.00","2,402,400.00",0.00,"2,402,400.00","456,456.00",0.00,"2,858,856.00",
10409,TARTRAZINA,,MATERIAS PRIMAS,"85,500.00","3,917,474.06",0.00,"3,917,474.06","744,320.08",0.00,"4,661,794.14",
10410,TARTRAZINA LACA,,MATERIAS PRIMAS,"3,901.00","532,600.00",0.00,"532,600.00","101,194.00",0.00,"633,794.00",
10414,AZUL 1 LACA 11-13% X G.,,MATERIAS PRIMAS,"2,002.04","658,200.00",0.00,"658,200.00","125,058.00",0.00,"783,258.00",
10601,ACIDO CITRICO,,MATERIAS PRIMAS,"68,000.00","451,460.00",0.00,"451,460.00","85,777.40",0.00,"537,237.40",
10607,GOMA XANTAN,,MATERIAS PRIMAS,"107,005.00","3,709,460.00",0.00,"3,709,460.00","704,797.40",0.00,"4,414,257.40",
10635,LIMON SPRAY PURO X GR.,,MATERIAS PRIMAS,"2,000.00","160,000.00",0.00,"160,000.00","30,400.00",0.00,"190,400.00",
10639,DEXTROSA ANHIDRA,,MATERIAS PRIMAS,"100,000.00","460,000.00",0.00,"460,000.00","87,400.00",0.00,"547,400.00",
10667,EUCALIPTUS GLOBULUS,,MATERIAS PRIMAS,"8,000.00","697,700.00",0.00,"697,700.00","132,563.00",0.00,"830,263.00",
107036,S036,,MATERIAS PRIMAS,"25,000.00","107,500.00",0.00,"107,500.00","20,425.00",0.00,"127,925.00",
107047,S047,,MATERIAS PRIMAS,0.03,"10,500.00",0.00,"10,500.00","1,995.00",0.00,"12,495.00",
107095,S095,,MATERIAS PRIMAS,"235,000.00","1,533,300.00",0.00,"1,533,300.00","291,327.00",0.00,"1,824,627.00",
107113,S113,,MATERIAS PRIMAS,"3,500.03","91,990.00",0.00,"91,990.00","17,478.10",0.00,"109,468.10",
107137,S137,,MATERIAS PRIMAS,"75,000.00","1,017,500.00",0.00,"1,017,500.00","193,325.00",0.00,"1,210,825.00",
107197,S197,,MATERIAS PRIMAS,"365,000.00","2,362,750.00",0.00,"2,362,750.00","448,922.50",0.00,"2,811,672.50",
107201,S201,,MATERIAS PRIMAS,"70,001.00","676,770.00",0.00,"676,770.00","128,586.30",0.00,"805,356.30",
107203,S203C,,MATERIAS PRIMAS,"325,000.00","773,200.00",0.00,"773,200.00","146,908.00",0.00,"920,108.00",
107203A,S203A,,MATERIAS PRIMAS,"125,000.00","362,500.00",0.00,"362,500.00","68,875.00",0.00,"431,375.00",
107206,S206,,MATERIAS PRIMAS,"14,500.00","217,000.00",0.00,"217,000.00","41,230.00",0.00,"258,230.00",
107210,S210,,MATERIAS PRIMAS,"4,500.00","552,150.00",0.00,"552,150.00","104,908.50",0.00,"657,058.50",
107212,S212,,MATERIAS PRIMAS,"1,000.00","11,500.00",0.00,"11,500.00","2,185.00",0.00,"13,685.00",
107238,S238,,MATERIAS PRIMAS,"3,000.00","84,600.00",0.00,"84,600.00",0.00,0.00,"84,600.00",
,,,,,,,,,,,
,,,,,,,,,,,
30101,ESENCIA COLSABOR ANIS X 20 LTS,,PRODUCTO TERMINADO,1.00,"240,000.00",0.00,"240,000.00","45,600.00",0.00,"285,600.00",
30102,ESENCIA COLSABOR AREQUIPE X 20 LT,,PRODUCTO TERMINADO,14.00,"2,971,000.00",0.00,"2,971,000.00","564,490.00",0.00,"3,535,490.00",
30103,ESENCIA COLSABOR BANANO X 20 LT,,PRODUCTO TERMINADO,6.00,"1,439,900.00",0.00,"1,439,900.00","273,581.00",0.00,"1,713,481.00",
30104,ESENCIA COLSABOR CANELA X 20 LT,,PRODUCTO TERMINADO,9.00,"1,911,000.00",0.00,"1,911,000.00","363,090.00",0.00,"2,274,090.00",
30105,ESENCIA COLSABOR COCO X 20 LT,,PRODUCTO TERMINADO,5.00,"1,200,000.00",0.00,"1,200,000.00","228,000.00",0.00,"1,428,000.00",
30107,ESENCIA COLSABOR MANTEQUILLA X 20 LT,,PRODUCTO TERMINADO,57.00,"11,117,700.00",0.00,"11,117,700.00","2,112,363.00",0.00,"13,230,063.00",
30109,ESENCIA COLSABOR NARANJA X 20 LT,,PRODUCTO TERMINADO,6.00,"1,612,000.00",0.00,"1,612,000.00","306,280.00",0.00,"1,918,280.00",
30111,ESENCIA COLSABOR PONQUE X 20 LT,,PRODUCTO TERMINADO,4.00,"872,000.00",0.00,"872,000.00","165,680.00",0.00,"1,037,680.00",
30112,ESENCIA COLSABOR QUESO X 20 LT,,PRODUCTO TERMINADO,4.00,"872,000.00",0.00,"872,000.00","165,680.00",0.00,"1,037,680.00",
30115,ESENCIA COLSABOR VAINILLA NEGRA X 20 LT,,PRODUCTO TERMINADO,5.00,"1,200,000.00",0.00,"1,200,000.00","228,000.00",0.00,"1,428,000.00",
30118,ESENCIA COLSABOR CHOCOLATE X 20 LT.,,PRODUCTO TERMINADO,13.00,"2,841,000.00",0.00,"2,841,000.00","539,790.00",0.00,"3,380,790.00",
30119,ESENCIA COLSABOR LECHE CONDENSADA X 20 LTS,,PRODUCTO TERMINADO,9.00,"1,929,300.00",0.00,"1,929,300.00","366,567.00",0.00,"2,295,867.00",
30120,ESENCIA COLSABOR CARAMELO X 10 LTS.,,PRODUCTO TERMINADO,3.00,"359,850.00",0.00,"359,850.00","68,371.50",0.00,"428,221.50",
30128,ESENCIA COLSABOR CAFE X 20 LTS,,PRODUCTO TERMINADO,2.00,"473,000.00",0.00,"473,000.00","89,870.00",0.00,"562,870.00",
30132,ESENCIA COLSABOR CEREZA X 20 LT,,PRODUCTO TERMINADO,1.00,"145,000.00",0.00,"145,000.00","27,550.00",0.00,"172,550.00",
30134,ESENCIA COLSABOR MANZANA VERDE X 20 LTS,,PRODUCTO TERMINADO,1.00,"145,000.00",0.00,"145,000.00","27,550.00",0.00,"172,550.00",
30137,ESENCIA COLSABOR VAINILLA BLANCA TF X 20 LTS,,PRODUCTO TERMINADO,21.00,"5,726,700.00",0.00,"5,726,700.00","1,088,073.00",0.00,"6,814,773.00",
30140,ESENCIA COLSABOR ZANAHORIA X 20 LTS,,PRODUCTO TERMINADO,2.00,"260,000.00",0.00,"260,000.00","49,400.00",0.00,"309,400.00",
30201,ESENCIA COLSABOR ALMENDRA X 3850 CC,,PRODUCTO TERMINADO,8.00,"432,900.00",0.00,"432,900.00","82,251.00",0.00,"515,151.00",
30202,ESENCIA COLSABOR ANIS X 3850 CC,,PRODUCTO TERMINADO,2.00,"93,000.00",0.00,"93,000.00","17,670.00",0.00,"110,670.00",
30204,ESENCIA COLSABOR BANANO X 3850 CC,,PRODUCTO TERMINADO,26.00,"1,157,500.00",0.00,"1,157,500.00","219,925.00",0.00,"1,377,425.00",
30205,ESENCIA COLSABOR BRANDY X 3850 CC,,PRODUCTO TERMINADO,1.00,"58,000.00",0.00,"58,000.00","11,020.00",0.00,"69,020.00",
30206,ESENCIA COLSABOR CAFE X 3850 CC,,PRODUCTO TERMINADO,5.00,"251,900.00",0.00,"251,900.00","47,861.00",0.00,"299,761.00",
30207,ESENCIA COLSABOR CANELA X 3850 CC,,PRODUCTO TERMINADO,48.00,"3,006,000.00",0.00,"3,006,000.00","571,140.00",0.00,"3,577,140.00",
30208,ESENCIA COLSABOR CARAMELO X 3850 CC,,PRODUCTO TERMINADO,12.00,"619,750.00",0.00,"619,750.00","117,752.50",0.00,"737,502.50",
30209,ESENCIA COLSABOR CEREZA X 3850 CC,,PRODUCTO TERMINADO,9.00,"526,340.00",0.00,"526,340.00","100,004.60",0.00,"626,344.60",
30210,ESENCIA COLSABOR CLAVO DE OLOR X 3850 CC,,PRODUCTO TERMINADO,1.00,"35,000.00",0.00,"35,000.00","6,650.00",0.00,"41,650.00",
30211,ESENCIA COLSABOR COCO X 3850 CC,,PRODUCTO TERMINADO,55.00,"2,995,650.00",0.00,"2,995,650.00","569,173.50",0.00,"3,564,823.50",
30212,ESENCIA COLSABOR KOLA ROJA X 3850 CC,,PRODUCTO TERMINADO,1.00,"40,000.00",0.00,"40,000.00","7,600.00",0.00,"47,600.00",
30213,ESENCIA COLSABOR CHICLE X 3850 CC,,PRODUCTO TERMINADO,6.00,"325,600.00",0.00,"325,600.00","61,864.00",0.00,"387,464.00",
30214,ESENCIA COLSABOR CHOCOLATE X 3850 CC,,PRODUCTO TERMINADO,60.00,"2,291,200.00",0.00,"2,291,200.00","435,328.00",0.00,"2,726,528.00",
30216,ESENCIA COLSABOR FRAMBUESA X 3850 CC,,PRODUCTO TERMINADO,1.00,"40,000.00",0.00,"40,000.00","7,600.00",0.00,"47,600.00",
30217,ESENCIA COLSABOR FRESA X 3850 CC,,PRODUCTO TERMINADO,30.00,"1,435,000.00",0.00,"1,435,000.00","272,650.00",0.00,"1,707,650.00",
30219,ESENCIA COLSABOR HINOJO X 3850 CC,,PRODUCTO TERMINADO,12.00,"664,950.00",0.00,"664,950.00","126,340.50",0.00,"791,290.50",
30220,ESENCIA COLSABOR LECHE CONDENSADA X 3850 CC,,PRODUCTO TERMINADO,19.00,"976,500.00",0.00,"976,500.00","185,535.00",0.00,"1,162,035.00",
30221,ESENCIA COLSABOR LIMON X 3850 CC,,PRODUCTO TERMINADO,5.00,"263,060.00","2,985.00","260,075.00","49,414.25",0.00,"309,489.25",
30222,ESENCIA COLSABOR MENTA X 3850 CC,,PRODUCTO TERMINADO,4.00,"171,000.00",0.00,"171,000.00","32,490.00",0.00,"203,490.00",
30223,ESENCIA COLSABOR MANGO X 3850 CC,,PRODUCTO TERMINADO,1.00,"59,700.00",0.00,"59,700.00","11,343.00",0.00,"71,043.00",
30225,ESENCIA COLSABOR MANTECADO X 3850 CC,,PRODUCTO TERMINADO,19.00,"882,000.00",0.00,"882,000.00","167,580.00",0.00,"1,049,580.00",
30226,ESENCIA COLSABOR MANTEQUILLA X 3850 CC,,PRODUCTO TERMINADO,244.00,"11,679,550.00",0.00,"11,679,550.00","2,219,114.50",0.00,"13,898,664.50",
30228,ESENCIA COLSABOR MANZANA VERDE X 3850 CC,,PRODUCTO TERMINADO,13.00,"569,400.00",0.00,"569,400.00","108,186.00",0.00,"677,586.00",
30229,ESENCIA COLSABOR MARACUYA X 3850 CC,,PRODUCTO TERMINADO,26.00,"1,379,040.00",0.00,"1,379,040.00","262,017.60",0.00,"1,641,057.60",
30230,ESENCIA COLSABOR MANDARINA X 3850 CC,,PRODUCTO TERMINADO,5.00,"196,000.00",0.00,"196,000.00","37,240.00",0.00,"233,240.00",
30231,ESENCIA COLSABOR MIEL X 3850 CC,,PRODUCTO TERMINADO,54.00,"3,218,880.00",0.00,"3,218,880.00","611,587.20",0.00,"3,830,467.20",
30232,ESENCIA COLSABOR MORA X 3850 CC,,PRODUCTO TERMINADO,3.00,"128,120.00",0.00,"128,120.00","24,342.80",0.00,"152,462.80",
30236,ESENCIA COLSABOR PANETON X 3850 CC,,PRODUCTO TERMINADO,9.00,"538,764.00",0.00,"538,764.00","102,365.16",0.00,"641,129.16",
30237,ESENCIA COLSABOR PIÑA X 3850 CC,,PRODUCTO TERMINADO,26.00,"1,495,900.00",0.00,"1,495,900.00","284,221.00",0.00,"1,780,121.00",
30238,ESENCIA COLSABOR PONQUE X 3850 CC,,PRODUCTO TERMINADO,3.00,"73,001.00",0.00,"73,001.00","13,870.19",0.00,"86,871.19",
30239,ESENCIA COLSABOR QUESO X 3850 CC,,PRODUCTO TERMINADO,27.00,"1,425,420.00",0.00,"1,425,420.00","270,829.80",0.00,"1,696,249.80",
30241,ESENCIA COLSABOR RON CON PASAS X 3850 CC,,PRODUCTO TERMINADO,10.00,"554,100.00",0.00,"554,100.00","105,279.00",0.00,"659,379.00",
30247,ESENCIA COLSABOR VINO X 3850 CC,,PRODUCTO TERMINADO,14.00,"854,000.00",0.00,"854,000.00","162,260.00",0.00,"1,016,260.00",
30248,ESENCIA COLSABOR CREMA DE LECHE X 3850 CC,,PRODUCTO TERMINADO,13.00,"793,000.00",0.00,"793,000.00","150,670.00",0.00,"943,670.00",
30250,ESENCIA COLSABOR PISTACHO X 3850 CC,,PRODUCTO TERMINADO,2.00,"116,000.00",0.00,"116,000.00","22,040.00",0.00,"138,040.00",
30251,ESENCIA COLSABOR SANDIA X 3850 CC,,PRODUCTO TERMINADO,12.00,"633,900.00",0.00,"633,900.00","120,441.00",0.00,"754,341.00",
30252,ESENCIA COLSABOR AMARETTO X 3850 CC,,PRODUCTO TERMINADO,1.00,"35,000.00",0.00,"35,000.00","6,650.00",0.00,"41,650.00",
30253,ESENCIA COLSABOR MELOCOTON X 3850 CC,,PRODUCTO TERMINADO,5.00,"277,800.00",0.00,"277,800.00","52,782.00",0.00,"330,582.00",
30254,ESENCIA COLSABOR RON X 3850 CC,,PRODUCTO TERMINADO,14.00,"854,000.00",0.00,"854,000.00","162,260.00",0.00,"1,016,260.00",
30255,ESENCIA COLSABOR NATA X 3850 CC,,PRODUCTO TERMINADO,37.00,"1,868,000.00",0.00,"1,868,000.00","354,920.00",0.00,"2,222,920.00",
30258,ESENCIA COLSABOR TIRAMISU X 3850 CC.,,PRODUCTO TERMINADO,15.00,"894,000.00",0.00,"894,000.00","169,860.00",0.00,"1,063,860.00",
30263,ESENCIA COLSABOR VAINILLA BLANCA GOURMET X 3850 CC,,PRODUCTO TERMINADO,3.00,"150,000.00",0.00,"150,000.00","28,500.00",0.00,"178,500.00",
30264,ESENCIA COLSABOR VAINILLA NEGRA GOURMET X 3850 CC,,PRODUCTO TERMINADO,2.00,"112,000.00",0.00,"112,000.00","21,280.00",0.00,"133,280.00",
30265,ESENCIA COLSABOR PIÑA COLADA X 3850 CC,,PRODUCTO TERMINADO,9.00,"493,500.00",0.00,"493,500.00","93,765.00",0.00,"587,265.00",
30266,ESENCIA COLSABOR CREMA DE WHISKEY X 3850 CC,,PRODUCTO TERMINADO,16.00,"682,983.00",0.00,"682,983.00","129,766.77",0.00,"812,749.77",
30268,ESENCIA COLSABOR MANGO BICHE X 3850 CC,,PRODUCTO TERMINADO,9.00,"419,000.00",0.00,"419,000.00","79,610.00",0.00,"498,610.00",
30269,ESENCIA COLSABOR HUMO X 3850 CC,,PRODUCTO TERMINADO,1.00,"38,000.00",0.00,"38,000.00","7,220.00",0.00,"45,220.00",
30273,ESENCIA COLSABOR AVELLANA X 3850 CC,,PRODUCTO TERMINADO,1.00,"57,983.00",0.00,"57,983.00","11,016.77",0.00,"68,999.77",
30274,ESENCIA COLSABOR GALLETA NEGRA X 5 KG.,,PRODUCTO TERMINADO,84.00,"1,867,300.00",0.00,"1,867,300.00","354,787.00",0.00,"2,222,087.00",
30280,ESENCIA COLSABOR ZANAHORIA X 3850 CC,,PRODUCTO TERMINADO,37.00,"1,314,020.00",0.00,"1,314,020.00","249,663.80",0.00,"1,563,683.80",
30301,ESENCIA COLSABOR ALMENDRA X 500 CC,,PRODUCTO TERMINADO,43.00,"279,956.00","11,462.08","268,493.92","51,013.84",0.00,"319,507.76",
30302,ESENCIA COLSABOR ANIS X 500 CC,,PRODUCTO TERMINADO,152.00,"1,137,291.00","2,865.52","1,134,425.48","215,540.84",0.00,"1,349,966.32",
30303,ESENCIA COLSABOR AREQUIPE X 500 CC,,PRODUCTO TERMINADO,"2,472.00","18,690,634.00",0.00,"18,690,634.00","3,551,220.46",0.00,"22,241,854.46",
30304,ESENCIA COLSABOR BANANO X 500 CC,,PRODUCTO TERMINADO,"1,905.00","13,890,490.00",0.00,"13,890,490.00","2,639,193.10",0.00,"16,529,683.10",
30305,ESENCIA COLSABOR BRANDY X 500 CC,,PRODUCTO TERMINADO,8.00,"50,550.00",0.00,"50,550.00","9,604.50",0.00,"60,154.50",
30306,ESENCIA COLSABOR CAFE X 500 CC,,PRODUCTO TERMINADO,58.00,"333,184.00","2,865.52","330,318.48","62,760.51",0.00,"393,078.99",
30307,ESENCIA COLSABOR CANELA X 500 CC,,PRODUCTO TERMINADO,492.00,"3,127,184.00","17,193.12","3,109,990.88","590,898.26",0.00,"3,700,889.14",
30308,ESENCIA COLSABOR CARAMELO X 500 CC,,PRODUCTO TERMINADO,244.00,"1,852,086.00","11,462.08","1,840,623.92","349,718.54",0.00,"2,190,342.46",
30309,ESENCIA COLSABOR CEREZA X 500 CC,,PRODUCTO TERMINADO,117.00,"957,104.00",0.00,"957,104.00","181,849.76",0.00,"1,138,953.76",
30310,ESENCIA COLSABOR CLAVO DE OLOR X 500 CC,,PRODUCTO TERMINADO,6.00,"31,500.00",0.00,"31,500.00","5,985.00",0.00,"37,485.00",
30311,ESENCIA COLSABOR COCO X 500 CC,,PRODUCTO TERMINADO,"1,879.00","12,941,114.00","34,386.24","12,906,727.76","2,452,278.26",0.00,"15,359,006.02",
30312,ESENCIA COLSABOR KOLA ROJA X 500 CC,,PRODUCTO TERMINADO,428.00,"3,388,909.00",0.00,"3,388,909.00","643,892.71",0.00,"4,032,801.71",
30313,ESENCIA COLSABOR CHICLE X 500 CC,,PRODUCTO TERMINADO,206.00,"1,637,784.00",0.00,"1,637,784.00","311,178.96",0.00,"1,948,962.96",
30314,ESENCIA COLSABOR CHOCOLATE X 500 CC,,PRODUCTO TERMINADO,264.00,"1,554,950.00",0.00,"1,554,950.00","295,440.50",0.00,"1,850,390.50",
30315,ESENCIA COLSABOR BROWNIE X 500 CC,,PRODUCTO TERMINADO,21.00,"117,600.00",0.00,"117,600.00","22,344.00",0.00,"139,944.00",
30316,ESENCIA COLSABOR FRAMBUESA X 500 CC,,PRODUCTO TERMINADO,11.00,"84,850.00",0.00,"84,850.00","16,121.50",0.00,"100,971.50",
30317,ESENCIA COLSABOR FRESA X 500 CC,,PRODUCTO TERMINADO,531.00,"4,148,487.00",0.00,"4,148,487.00","788,212.53",0.00,"4,936,699.53",
30318,ESENCIA COLSABOR GUANABANA X 500 CC,,PRODUCTO TERMINADO,38.00,"263,950.00",0.00,"263,950.00","50,150.50",0.00,"314,100.50",
30319,ESENCIA COLSABOR HINOJO X 500 CC,,PRODUCTO TERMINADO,744.00,"5,391,652.00","12,166.56","5,379,485.44","1,022,102.23",0.00,"6,401,587.67",
30320,ESENCIA COLSABOR LECHE CONDENSADA X 500 CC,,PRODUCTO TERMINADO,"1,013.00","7,621,726.00",0.00,"7,621,726.00","1,448,127.94",0.00,"9,069,853.94",
30321,ESENCIA COLSABOR LIMON X 500 CC,,PRODUCTO TERMINADO,89.00,"631,250.00",0.00,"631,250.00","119,937.50",0.00,"751,187.50",
30322,ESENCIA COLSABOR MANDARINA X 500 CC,,PRODUCTO TERMINADO,47.00,"329,300.00",0.00,"329,300.00","62,567.00",0.00,"391,867.00",
30323,ESENCIA COLSABOR MANGO X 500 CC,,PRODUCTO TERMINADO,14.00,"107,150.00",0.00,"107,150.00","20,358.50",0.00,"127,508.50",
30324,ESENCIA COLSABOR MANI X 500 CC,,PRODUCTO TERMINADO,82.00,"644,452.00","8,596.56","635,855.44","120,812.53",0.00,"756,667.97",
30325,ESENCIA COLSABOR MANTECADO X 500 CC,,PRODUCTO TERMINADO,470.00,"3,661,290.00",0.00,"3,661,290.00","695,645.10",0.00,"4,356,935.10",
30326,ESENCIA COLSABOR MANTEQUILLA X 500 CC,,PRODUCTO TERMINADO,"2,803.00","21,632,068.00","14,327.60","21,617,740.40","4,107,370.67",0.00,"25,725,111.07",
30327,ESENCIA COLSABOR MANZANA ROJA X 500 CC,,PRODUCTO TERMINADO,13.00,"91,550.00",0.00,"91,550.00","17,394.50",0.00,"108,944.50",
30328,ESENCIA COLSABOR MANZANA VERDE X 500 CC,,PRODUCTO TERMINADO,56.00,"373,100.00",0.00,"373,100.00","70,889.00",0.00,"443,989.00",
30329,ESENCIA COLSABOR MARACUYA X 500 CC,,PRODUCTO TERMINADO,173.00,"1,258,816.00",0.00,"1,258,816.00","239,175.04",0.00,"1,497,991.04",
30330,ESENCIA COLSABOR MARGARINA X 500 CC,,PRODUCTO TERMINADO,57.00,"335,800.00",0.00,"335,800.00","63,802.00",0.00,"399,602.00",
30331,ESENCIA COLSABOR MIEL X 500 CC,,PRODUCTO TERMINADO,294.00,"2,201,220.00",0.00,"2,201,220.00","418,231.80",0.00,"2,619,451.80",
30332,ESENCIA COLSABOR MORA X 500 CC,,PRODUCTO TERMINADO,37.00,"270,750.00",0.00,"270,750.00","51,442.50",0.00,"322,192.50",
30333,ESENCIA COLSABOR NARANJA X 500 CC,,PRODUCTO TERMINADO,480.00,"3,303,750.00",0.00,"3,303,750.00","627,712.50",0.00,"3,931,462.50",
30335,ESENCIA COLSABOR NUEZ MOSCADA X 500 CC,,PRODUCTO TERMINADO,12.00,"74,434.00","2,865.52","71,568.48","13,598.01",0.00,"85,166.49",
30336,ESENCIA COLSABOR PANETON X 500 CC,,PRODUCTO TERMINADO,84.00,"728,754.00",0.00,"728,754.00","138,463.26",0.00,"867,217.26",
30337,ESENCIA COLSABOR PIÑA X 500 CC,,PRODUCTO TERMINADO,265.00,"1,733,290.00",0.00,"1,733,290.00","329,325.10",0.00,"2,062,615.10",
30338,ESENCIA COLSABOR PONQUE X 500 CC,,PRODUCTO TERMINADO,350.00,"2,202,869.06",0.00,"2,202,869.06","418,545.12",0.00,"2,621,414.18",
30339,ESENCIA COLSABOR QUESO X 500 C,,PRODUCTO TERMINADO,"1,016.00","7,604,071.00",0.00,"7,604,071.00","1,444,773.49",0.00,"9,048,844.49",
30340,ESENCIA COLSABOR RON ROYALE X 500 CC,,PRODUCTO TERMINADO,22.00,"169,863.00",0.00,"169,863.00","32,273.97",0.00,"202,136.97",
30341,ESENCIA COLSABOR RON CON PASAS X 500 CC,,PRODUCTO TERMINADO,399.00,"2,812,422.00","51,579.36","2,760,842.64","524,560.08",0.00,"3,285,402.72",
30344,ESENCIA COLSABOR UVA X 500 CC,,PRODUCTO TERMINADO,43.00,"272,150.00",0.00,"272,150.00","51,708.50",0.00,"323,858.50",
30347,ESENCIA COLSABOR VINO X 500 CC,,PRODUCTO TERMINADO,42.00,"304,500.00",0.00,"304,500.00","57,855.00",0.00,"362,355.00",
30349,ESENCIA COLSABOR MELOCOTON X 500 CC,,PRODUCTO TERMINADO,37.00,"237,700.00",0.00,"237,700.00","45,163.00",0.00,"282,863.00",
30350,ESENCIA COLSABOR AMARETO X 500 CC,,PRODUCTO TERMINADO,56.00,"391,858.00","34,386.24","357,471.76","67,919.62",0.00,"425,391.38",
30351,ESENCIA COLSABOR HUMO X 500 CC,,PRODUCTO TERMINADO,4.00,"27,650.00",0.00,"27,650.00","5,253.50",0.00,"32,903.50",
30352,ESENCIA COLSABOR MENTA X 500CC,,PRODUCTO TERMINADO,66.00,"490,292.00",0.00,"490,292.00","93,155.48",0.00,"583,447.48",
30354,ESENCIA COLSABOR MACADAMIA X 500 CC,,PRODUCTO TERMINADO,1.00,"5,250.00",0.00,"5,250.00",997.50,0.00,"6,247.50",
30355,ESENCIA COLSABOR PISTACHO X 500 CC,,PRODUCTO TERMINADO,13.00,"98,850.00",0.00,"98,850.00","18,781.50",0.00,"117,631.50",
30357,ESENCIA COLSABOR KIWI X 500 CC,,PRODUCTO TERMINADO,11.00,"84,550.00",0.00,"84,550.00","16,064.50",0.00,"100,614.50",
30358,ESENCIA COLSABOR TIRAMISU X 500 C,,PRODUCTO TERMINADO,79.00,"612,250.00",0.00,"612,250.00","116,327.50",0.00,"728,577.50",
30359,ESENCIA COLSABOR NATA X 500 CC,,PRODUCTO TERMINADO,74.00,"443,970.00",0.00,"443,970.00","84,354.30",0.00,"528,324.30",
30360,ESENCIA COLSABOR TUTTI FRUTI X 500 CC,,PRODUCTO TERMINADO,8.00,"53,200.00",0.00,"53,200.00","10,108.00",0.00,"63,308.00",
30361,ESENCIA COLSABOR RON X 500 CC,,PRODUCTO TERMINADO,112.00,"757,534.00",0.00,"757,534.00","143,931.46",0.00,"901,465.46",
30362,ESENCIA COLSABOR SANDIA X 500CC,,PRODUCTO TERMINADO,110.00,"884,120.00",0.00,"884,120.00","167,982.80",0.00,"1,052,102.80",
30363,ESENCIA COLSABOR CREMA DE LECHE X 500 CC,,PRODUCTO TERMINADO,139.00,"1,069,520.00",0.00,"1,069,520.00","203,208.80",0.00,"1,272,728.80",
30364,ESENCIA COLSABOR CREMA DE WHISKEY X 500 CC,,PRODUCTO TERMINADO,150.00,"1,073,642.00","108,889.76","964,752.24","183,302.90",0.00,"1,148,055.14",
30365,ESENCIA COLSABOR PIÑA COLADA X 500 CC,,PRODUCTO TERMINADO,37.00,"291,800.00",0.00,"291,800.00","55,442.00",0.00,"347,242.00",
30367,ESENCIA COLSABOR LECHE X 500 CC.,,PRODUCTO TERMINADO,2.00,"10,500.00",0.00,"10,500.00","1,995.00",0.00,"12,495.00",
30369,ESENCIA COLSABOR MANGO BICHE X 500 CC.,,PRODUCTO TERMINADO,56.00,"452,400.00",0.00,"452,400.00","85,956.00",0.00,"538,356.00",
30370,ESENCIA COLSABOR LULO X 500 CC.,,PRODUCTO TERMINADO,63.00,"561,162.00",0.00,"561,162.00","106,620.78",0.00,"667,782.78",
30371,ESENCIA COLSABOR CREMA CHANTILLY X 500 CC.,,PRODUCTO TERMINADO,9.00,"53,450.00",0.00,"53,450.00","10,155.50",0.00,"63,605.50",
30372,ESENCIA COLSABOR VAINILLA BLANCA GOURMET X 500 CC,,PRODUCTO TERMINADO,34.00,"188,100.00",0.00,"188,100.00","35,739.00",0.00,"223,839.00",
30373,ESENCIA COLSABOR VAINILLA NEGRA GOURMET X 500 CC,,PRODUCTO TERMINADO,8.00,"43,300.00",0.00,"43,300.00","8,227.00",0.00,"51,527.00",
30374,ESENCIA COLSABOR GALLETA NEGRA X 500 CC,,PRODUCTO TERMINADO,5.00,"27,000.00",0.00,"27,000.00","5,130.00",0.00,"32,130.00",
30380,ESENCIA COLSABOR ZANAHORIA X 500 CC,,PRODUCTO TERMINADO,180.00,"936,820.00",0.00,"936,820.00","177,995.80",0.00,"1,114,815.80",
30401,ESENCIA COLSABOR ALMENDRA X 70 CC,,PRODUCTO TERMINADO,174.00,"336,780.00","24,276.00","312,504.00","59,375.76",0.00,"371,879.76",
30402,ESENCIA COLSABOR ANIS X 70 CC,,PRODUCTO TERMINADO,969.00,"1,795,080.00","10,710.00","1,784,370.00","339,030.30",0.00,"2,123,400.30",
30403,ESENCIA COLSABOR AREQUIPE X 70 CC,,PRODUCTO TERMINADO,"3,004.00","6,158,759.00","22,134.00","6,136,625.00","1,165,958.75",0.00,"7,302,583.75",
30404,ESENCIA COLSABOR BANANO X 70 CC,,PRODUCTO TERMINADO,"3,828.00","7,787,728.00","21,420.00","7,766,308.00","1,475,598.52",0.00,"9,241,906.52",
30405,ESENCIA COLSABOR BRANDY X 70 CC,,PRODUCTO TERMINADO,381.00,"810,070.00","3,570.00","806,500.00","153,235.00",0.00,"959,735.00",
30406,ESENCIA COLSABOR CAFE X 70 CC,,PRODUCTO TERMINADO,211.00,"430,310.00","14,280.00","416,030.00","79,045.70",0.00,"495,075.70",
30407,ESENCIA COLSABOR CANELA X 70 CC,,PRODUCTO TERMINADO,965.00,"1,947,160.00","46,410.00","1,900,750.00","361,142.50",0.00,"2,261,892.50",
30408,ESENCIA COLSABOR CARAMELO X 70 CC,,PRODUCTO TERMINADO,516.00,"1,063,609.00","14,280.00","1,049,329.00","199,372.51",0.00,"1,248,701.51",
30409,ESENCIA COLSABOR CEREZA X 70 CC,,PRODUCTO TERMINADO,596.00,"1,278,590.00",0.00,"1,278,590.00","242,932.10",0.00,"1,521,522.10",
30410,ESENCIA COLSABOR CLAVO DE OLOR X 70 CC,,PRODUCTO TERMINADO,17.00,"32,260.00","4,284.00","27,976.00","5,315.44",0.00,"33,291.44",
30411,ESENCIA COLSABOR COCO X 70 CC,,PRODUCTO TERMINADO,"3,133.00","6,309,370.00","49,980.00","6,259,390.00","1,189,284.10",0.00,"7,448,674.10",
30412,ESENCIA COLSABOR KOLA ROJA X 70 CC,,PRODUCTO TERMINADO,618.00,"1,238,630.00",0.00,"1,238,630.00","235,339.70",0.00,"1,473,969.70",
30413,ESENCIA COLSABOR CHICLE X 70 CC,,PRODUCTO TERMINADO,498.00,"1,052,449.00","27,132.00","1,025,317.00","194,810.23",0.00,"1,220,127.23",
30414,ESENCIA COLSABOR CHOCOLATE X 70 CC,,PRODUCTO TERMINADO,530.00,"1,085,299.00","14,280.00","1,071,019.00","203,493.61",0.00,"1,274,512.61",
30415,ESENCIA COLSABOR BROWNIE X 70 CC,,PRODUCTO TERMINADO,26.00,"54,250.00","2,142.00","52,108.00","9,900.52",0.00,"62,008.52",
30416,ESENCIA COLSABOR FRAMBUESA X 70 CC,,PRODUCTO TERMINADO,40.00,"77,989.00","7,140.00","70,849.00","13,461.31",0.00,"84,310.31",
30417,ESENCIA COLSABOR FRESA X 70 CC,,PRODUCTO TERMINADO,830.00,"1,696,299.00","12,852.00","1,683,447.00","319,854.93",0.00,"2,003,301.93",
30418,ESENCIA COLSABOR GUANABANA X 70 CC,,PRODUCTO TERMINADO,198.00,"353,160.00",0.00,"353,160.00","67,100.40",0.00,"420,260.40",
30419,ESENCIA COLSABOR HINOJO X 70 CC,,PRODUCTO TERMINADO,"1,129.00","2,289,920.00","10,710.00","2,279,210.00","433,049.90",0.00,"2,712,259.90",
30420,ESENCIA COLSABOR LECHE CONDENSADA X 70 CC,,PRODUCTO TERMINADO,"2,042.00","4,184,139.00","21,420.00","4,162,719.00","790,916.61",0.00,"4,953,635.61",
30421,ESENCIA COLSABOR LIMON X 70 CC,,PRODUCTO TERMINADO,281.00,"561,219.00","7,140.00","554,079.00","105,275.01",0.00,"659,354.01",
30422,ESENCIA COLSABOR MANDARINA X 70 CC,,PRODUCTO TERMINADO,82.00,"159,129.00",0.00,"159,129.00","30,234.51",0.00,"189,363.51",
30423,ESENCIA COLSABOR MANTECADO X 70 CC,,PRODUCTO TERMINADO,"1,205.00","2,476,690.00","21,420.00","2,455,270.00","466,501.30",0.00,"2,921,771.30",
30424,ESENCIA COLSABOR MANI X 70 CC,,PRODUCTO TERMINADO,438.00,"908,160.00","9,996.00","898,164.00","170,651.16",0.00,"1,068,815.16",
30426,ESENCIA COLSABOR MANTEQUILLA X 70 CC,,PRODUCTO TERMINADO,"2,943.00","6,022,359.00","39,270.00","5,983,089.00","1,136,786.91",0.00,"7,119,875.91",
30427,ESENCIA COLSABOR MANZANA ROJA X 70 CC,,PRODUCTO TERMINADO,32.00,"56,820.00",0.00,"56,820.00","10,795.80",0.00,"67,615.80",
30428,ESENCIA COLSABOR MANZANA VERDE X 70 CC,,PRODUCTO TERMINADO,53.00,"95,559.00",0.00,"95,559.00","18,156.21",0.00,"113,715.21",
30429,ESENCIA COLSABOR MARACUYA X 70 CC,,PRODUCTO TERMINADO,557.00,"1,122,538.00","21,420.00","1,101,118.00","209,212.42",0.00,"1,310,330.42",
30430,ESENCIA COLSABOR MARGARINA X 70 CC,,PRODUCTO TERMINADO,3.00,"4,200.00",0.00,"4,200.00",798.00,0.00,"4,998.00",
30431,ESENCIA COLSABOR MIEL X 70 CC,,PRODUCTO TERMINADO,211.00,"437,220.00",0.00,"437,220.00","83,071.80",0.00,"520,291.80",
30432,ESENCIA COLSABOR MORA X 70 CC,,PRODUCTO TERMINADO,104.00,"218,169.00",0.00,"218,169.00","41,452.11",0.00,"259,621.11",
30433,ESENCIA COLSABOR NARANJA X 70 CC,,PRODUCTO TERMINADO,923.00,"1,855,680.00","17,850.00","1,837,830.00","349,187.70",0.00,"2,187,017.70",
30434,ESENCIA COLSABOR NATA X 70 CC,,PRODUCTO TERMINADO,216.00,"443,480.00","4,284.00","439,196.00","83,447.24",0.00,"522,643.24",
30435,ESENCIA COLSABOR NUEZ MOSCADA X 70 CC,,PRODUCTO TERMINADO,52.00,"101,430.00","6,426.00","95,004.00","18,050.76",0.00,"113,054.76",
30436,ESENCIA COLSABOR PANETON X 70 CC,,PRODUCTO TERMINADO,"2,310.00","3,592,280.00",0.00,"3,592,280.00","682,533.20",0.00,"4,274,813.20",
30437,ESENCIA COLSABOR PIÑA X 70 CC,,PRODUCTO TERMINADO,608.00,"1,212,430.00","4,998.00","1,207,432.00","229,412.08",0.00,"1,436,844.08",
30438,ESENCIA COLSABOR PONQUE X 70 CC,,PRODUCTO TERMINADO,"1,335.00","2,694,800.00","10,710.00","2,684,090.00","509,977.10",0.00,"3,194,067.10",
30439,ESENCIA COLSABOR QUESO X 70 CC,,PRODUCTO TERMINADO,"1,030.00","2,102,600.00","17,850.00","2,084,750.00","396,102.50",0.00,"2,480,852.50",
30440,ESENCIA COLSABOR RON ROYALE X 70 CC,,PRODUCTO TERMINADO,379.00,"764,530.00",0.00,"764,530.00","145,260.70",0.00,"909,790.70",
30441,ESENCIA COLSABOR RON CON PASAS X 70 CC,,PRODUCTO TERMINADO,701.00,"1,432,960.00","17,850.00","1,415,110.00","268,870.90",0.00,"1,683,980.90",
30442,ESENCIA COLSABOR TURRON X 70 CC,,PRODUCTO TERMINADO,4.00,"7,960.00",0.00,"7,960.00","1,512.40",0.00,"9,472.40",
30443,ESENCIA COLSABOR TUTTI FRUTI X 70 CC,,PRODUCTO TERMINADO,13.00,"21,969.00",0.00,"21,969.00","4,174.11",0.00,"26,143.11",
30444,ESENCIA COLSABOR UVA X 70 CC,,PRODUCTO TERMINADO,77.00,"146,340.00",0.00,"146,340.00","27,804.60",0.00,"174,144.60",
30447,ESENCIA COLSABOR VINO X 70 CC,,PRODUCTO TERMINADO,199.00,"410,910.00","7,140.00","403,770.00","76,716.30",0.00,"480,486.30",
30448,ESENCIA COLSABOR CREMA DE LECHE X 70 CC,,PRODUCTO TERMINADO,85.00,"181,370.00",0.00,"181,370.00","34,460.30",0.00,"215,830.30",
30449,ESENCIA COLSABOR MENTA X 70 CC,,PRODUCTO TERMINADO,702.00,"1,337,040.00","3,570.00","1,333,470.00","253,359.30",0.00,"1,586,829.30",
30450,ESENCIA COLSABOR CREMA CHANTILLY X 70 CC,,PRODUCTO TERMINADO,43.00,"97,670.00","2,142.00","95,528.00","18,150.32",0.00,"113,678.32",
30451,ESENCIA COLSABOR MELOCOTON X 70 CC,,PRODUCTO TERMINADO,306.00,"608,220.00",0.00,"608,220.00","115,561.80",0.00,"723,781.80",
30454,ESENCIA COLSABOR SANDIA X 70 CC,,PRODUCTO TERMINADO,81.00,"150,309.00",0.00,"150,309.00","28,558.71",0.00,"178,867.71",
30456,ESENCIA COLSABOR PISTACHO X 70 CC,,PRODUCTO TERMINADO,191.00,"419,810.00",0.00,"419,810.00","79,763.90",0.00,"499,573.90",
30457,ESENCIA COLSABOR AMARETO X 70 CC,,PRODUCTO TERMINADO,317.00,"584,880.00","32,130.00","552,750.00","105,022.50",0.00,"657,772.50",
30458,ESENCIA COLSABOR RON X 70 CC,,PRODUCTO TERMINADO,839.00,"1,766,630.00",0.00,"1,766,630.00","335,659.70",0.00,"2,102,289.70",
30459,ESENCIA COLSABOR CREMA DE WHISKY X 70 CC,,PRODUCTO TERMINADO,500.00,"1,052,290.00","63,546.00","988,744.00","187,861.36",0.00,"1,176,605.36",
30460,ESENCIA COLSABOR LULO X 70 CC,,PRODUCTO TERMINADO,27.00,"53,680.00",0.00,"53,680.00","10,199.20",0.00,"63,879.20",
30461,ESENCIA COLSABOR TIRAMISU X 70 CC,,PRODUCTO TERMINADO,114.00,"236,239.00","8,568.00","227,671.00","43,257.49",0.00,"270,928.49",
30462,ESENCIA COLSABOR KIWI X 70 CC,,PRODUCTO TERMINADO,40.00,"78,480.00",0.00,"78,480.00","14,911.20",0.00,"93,391.20",
30464,ESENCIA COLSABOR HUMO X 70 CC.,,PRODUCTO TERMINADO,364.00,"583,760.00",0.00,"583,760.00","110,914.40",0.00,"694,674.40",
30465,ESENCIA COLSABOR MANGO X 70 CC.,,PRODUCTO TERMINADO,115.00,"261,360.00",0.00,"261,360.00","49,658.40",0.00,"311,018.40",
30466,ESENCIA COLSABOR TORTA CASERA X 70 CC.,,PRODUCTO TERMINADO,16.00,"22,400.00",0.00,"22,400.00","4,256.00",0.00,"26,656.00",
30468,ESENCIA COLSABOR MACADAMIA X 70 CC.,,PRODUCTO TERMINADO,58.00,"112,739.00",0.00,"112,739.00","21,420.41",0.00,"134,159.41",
30469,ESENCIA COLSABOR PIÑA COLADA X 70 CC,,PRODUCTO TERMINADO,145.00,"237,990.00","7,140.00","230,850.00","43,861.50",0.00,"274,711.50",
30473,ESENCIA COLSABOR MANGO BICHE X 70 CC.,,PRODUCTO TERMINADO,88.00,"182,899.00","10,710.00","172,189.00","32,715.91",0.00,"204,904.91",
30475,ESENCIA COLSABOR VAINILLA BLANCA GOURMET X 70 CC,,PRODUCTO TERMINADO,30.00,"42,000.00",0.00,"42,000.00","7,980.00",0.00,"49,980.00",
30476,ESENCIA COLSABOR VAINILLA NEGRA GOURMET X 70 CC,,PRODUCTO TERMINADO,11.00,"16,100.00",0.00,"16,100.00","3,059.00",0.00,"19,159.00",
30477,ESENCIA COLSABOR WHISKEY X 70 CC,,PRODUCTO TERMINADO,231.00,"492,020.00",0.00,"492,020.00","93,483.80",0.00,"585,503.80",
30479,ESENCIA COLSABOR AVELLANA X 70 CC,,PRODUCTO TERMINADO,68.00,"162,380.00",0.00,"162,380.00","30,852.20",0.00,"193,232.20",
30480,ESENCIA COLSABOR ZANAHORIA X 70 CC,,PRODUCTO TERMINADO,19.00,"27,180.00",0.00,"27,180.00","5,164.20",0.00,"32,344.20",
30502,ESENCIA COLSABOR CAFE X 10 LT,,PRODUCTO TERMINADO,1.00,"32,000.00",0.00,"32,000.00","6,080.00",0.00,"38,080.00",
30504,ESENCIA COLSABOR FRESA X 10 LT,,PRODUCTO TERMINADO,14.00,"1,679,300.00",0.00,"1,679,300.00","319,067.00",0.00,"1,998,367.00",
30505,ESENCIA COLSABOR MANTEQUILLA X 10 LT,,PRODUCTO TERMINADO,3.00,"339,000.00",0.00,"339,000.00","64,410.00",0.00,"403,410.00",
30515,ESENCIA COLSABOR VAINILLA BLANCA X 10 LT,,PRODUCTO TERMINADO,2.00,"220,000.00",0.00,"220,000.00","41,800.00",0.00,"261,800.00",
30520,ESENCIA COLSABOR NARANJA X 10 LT,,PRODUCTO TERMINADO,35.00,"4,503,700.00",0.00,"4,503,700.00","855,703.00",0.00,"5,359,403.00",
30523,ESENCIA COLSABOR MELOCOTON X 10 LTS,,PRODUCTO TERMINADO,4.00,"491,809.00",0.00,"491,809.00","93,443.71",0.00,"585,252.71",
30534,ESENCIA COLSABOR MARACUYA X 10 LTS,,PRODUCTO TERMINADO,1.00,"129,500.00",0.00,"129,500.00","24,605.00",0.00,"154,105.00",
30602,ESENCIA BAKERMAN AREQUIPE X 20 LT,,PRODUCTO TERMINADO,2.00,"250,000.00",0.00,"250,000.00","47,500.00",0.00,"297,500.00",
30606,ESENCIA BAKERMAN HINOJO X 20 LT,,PRODUCTO TERMINADO,13.00,"1,605,000.00",0.00,"1,605,000.00","304,950.00",0.00,"1,909,950.00",
30607,ESENCIA BAKERMAN MANTEQUILLA X 20 LT,,PRODUCTO TERMINADO,253.00,"34,401,700.00",0.00,"34,401,700.00","6,536,323.00",0.00,"40,938,023.00",
30612,ESENCIA BAKERMAN QUESO X 20 LT,,PRODUCTO TERMINADO,10.00,"1,229,000.00",0.00,"1,229,000.00","233,510.00",0.00,"1,462,510.00",
30614,ESENCIA BAKERMAN VAINILLA BLANCA X 20 LT,,PRODUCTO TERMINADO,1.00,"179,300.00",0.00,"179,300.00","34,067.00",0.00,"213,367.00",
30617,ESENCIA BAKERMAN VAINILLA BLANCA GOURMET X 20 LTS,,PRODUCTO TERMINADO,5.00,"606,000.00",0.00,"606,000.00","115,140.00",0.00,"721,140.00",
30619,ESENCIA BAKERMAN CHOCOLATE X 20 LTS,,PRODUCTO TERMINADO,15.00,"2,734,500.00",0.00,"2,734,500.00","519,555.00",0.00,"3,254,055.00",
30701,ESENCIA BAKERMAN MANTEQUILLA X 10 LT,,PRODUCTO TERMINADO,115.00,"6,828,400.00",0.00,"6,828,400.00","1,297,396.00",0.00,"8,125,796.00",
30704,ESENCIA BAKERMAN QUESO X 10 LT,,PRODUCTO TERMINADO,4.00,"220,000.00",0.00,"220,000.00","41,800.00",0.00,"261,800.00",
30705,ESENCIA BAKERMAN CANELA X 10 LT,,PRODUCTO TERMINADO,26.00,"2,369,900.00",0.00,"2,369,900.00","450,281.00",0.00,"2,820,181.00",
30706,ESENCIA BAKERMAN MARGARINA X 10 LT,,PRODUCTO TERMINADO,2.00,"110,000.00",0.00,"110,000.00","20,900.00",0.00,"130,900.00",
30707,ESENCIA BAKERMAN BANANO X 10 LT.,,PRODUCTO TERMINADO,3.00,"229,900.00",0.00,"229,900.00","43,681.00",0.00,"273,581.00",
30708,ESENCIA BAKERMAN AREQUIPE X 10 LTS.,,PRODUCTO TERMINADO,15.00,"1,038,300.00",0.00,"1,038,300.00","197,277.00",0.00,"1,235,577.00",
30709,ESENCIA BAKERMAN COCO X 10LTS,,PRODUCTO TERMINADO,2.00,"85,800.00",0.00,"85,800.00","16,302.00",0.00,"102,102.00",
30711,ESENCIA BAKERMAN PONQUE X 10 LTS.,,PRODUCTO TERMINADO,27.00,"2,444,900.00",0.00,"2,444,900.00","464,531.00",0.00,"2,909,431.00",
30712,ESENCIA BAKERMAN CHOCOLATE X 10 LTS.,,PRODUCTO TERMINADO,6.00,"586,000.00",0.00,"586,000.00","111,340.00",0.00,"697,340.00",
30714,ESENCIA BAKERMAN VAINILLA BLANCA GOURMET X 10 LTS,,PRODUCTO TERMINADO,8.00,"452,200.00",0.00,"452,200.00","85,918.00",0.00,"538,118.00",
30800,ESENCIA BAKERMAN CHOCOLO X 3850 CC,,PRODUCTO TERMINADO,96.00,"2,651,600.00",0.00,"2,651,600.00","503,804.00",0.00,"3,155,404.00",
30802,ESENCIA BAKERMAN AREQUIPE X 3850 CC,,PRODUCTO TERMINADO,435.00,"15,034,850.00",0.00,"15,034,850.00","2,856,621.50",0.00,"17,891,471.50",
30803,ESENCIA BAKERMAN BANANO X 3850 CC,,PRODUCTO TERMINADO,60.00,"1,730,728.00",0.00,"1,730,728.00","328,838.32",0.00,"2,059,566.32",
30804,ESENCIA BAKERMAN CANELA X 3850 CC,,PRODUCTO TERMINADO,44.00,"1,310,400.00",0.00,"1,310,400.00","248,976.00",0.00,"1,559,376.00",
30805,ESENCIA BAKERMAN COCO X 3850 CC,,PRODUCTO TERMINADO,173.00,"4,857,000.00",0.00,"4,857,000.00","922,830.00",0.00,"5,779,830.00",
30807,ESENCIA BAKERMAN HINOJO X 3850 CC,,PRODUCTO TERMINADO,142.00,"4,199,900.00",0.00,"4,199,900.00","797,981.00",0.00,"4,997,881.00",
30809,ESENCIA BAKERMAN MANTEQUILLA X 3850 CC,,PRODUCTO TERMINADO,775.00,"21,840,941.00",0.00,"21,840,941.00","4,149,778.79",0.00,"25,990,719.79",
30811,ESENCIA BAKERMAN PIÑA X 3850 CC,,PRODUCTO TERMINADO,3.00,"93,700.00",0.00,"93,700.00","17,803.00",0.00,"111,503.00",
30812,ESENCIA BAKERMAN PONQUE X 3850 CC,,PRODUCTO TERMINADO,39.00,"1,132,600.00",0.00,"1,132,600.00","215,194.00",0.00,"1,347,794.00",
30813,ESENCIA BAKERMAN QUESO X 3850 CC,,PRODUCTO TERMINADO,74.00,"2,466,950.00",0.00,"2,466,950.00","468,720.50",0.00,"2,935,670.50",
30815,ESENCIA BAKERMAN VAINILLA BLANCA X 3850 CC,,PRODUCTO TERMINADO,8.00,"224,000.00",0.00,"224,000.00","42,560.00",0.00,"266,560.00",
30820,ESENCIA BAKERMAN RON CON PASAS X 3850 CC,,PRODUCTO TERMINADO,12.00,"347,000.00",0.00,"347,000.00","65,930.00",0.00,"412,930.00",
30821,ESENCIA BAKERMAN VAINILLA BLANCA GOURMET X 3850 CC,,PRODUCTO TERMINADO,357.00,"10,249,400.00",0.00,"10,249,400.00","1,947,386.00",0.00,"12,196,786.00",
30822,ESENCIA BAKERMAN VAINILLA NEGRA GOURMET X 3850 CC,,PRODUCTO TERMINADO,16.00,"470,100.00",0.00,"470,100.00","89,319.00",0.00,"559,419.00",
30823,ESENCIA BAKERMAN CARAMELO X 3850 CC,,PRODUCTO TERMINADO,1.00,"30,000.00",0.00,"30,000.00","5,700.00",0.00,"35,700.00",
30824,ESENCIA BAKERMAN MANTECADO X 3850 CC,,PRODUCTO TERMINADO,4.00,"111,000.00",0.00,"111,000.00","21,090.00",0.00,"132,090.00",
30827,ESENCIA BAKERMAN CHOCOLATE X 3850 CC,,PRODUCTO TERMINADO,3.00,"81,000.00",0.00,"81,000.00","15,390.00",0.00,"96,390.00",
30900,ESENCIA BAKERMAN CHOCOLO X 500 CC,,PRODUCTO TERMINADO,108.00,"525,350.00",0.00,"525,350.00","99,816.50",0.00,"625,166.50",
30903,ESENCIA BAKERMAN BANANO X 500 CC,,PRODUCTO TERMINADO,67.00,"282,600.00",0.00,"282,600.00","53,694.00",0.00,"336,294.00",
30904,ESENCIA BAKERMAN CANELA X 500 CC,,PRODUCTO TERMINADO,66.00,"284,550.00",0.00,"284,550.00","54,064.50",0.00,"338,614.50",
30905,ESENCIA BAKERMAN COCO X 500 CC,,PRODUCTO TERMINADO,125.00,"541,000.00",0.00,"541,000.00","102,790.00",0.00,"643,790.00",
30907,ESENCIA BAKERMAN HINOJO X 500 CC,,PRODUCTO TERMINADO,76.00,"333,109.00",0.00,"333,109.00","63,290.71",0.00,"396,399.71",
30909,ESENCIA BAKERMAN MANTEQUILLA X 500 CC,,PRODUCTO TERMINADO,89.00,"373,300.00",0.00,"373,300.00","70,927.00",0.00,"444,227.00",
30911,ESENCIA BAKERMAN PIÑA X 500 CC,,PRODUCTO TERMINADO,20.00,"84,600.00",0.00,"84,600.00","16,074.00",0.00,"100,674.00",
30912,ESENCIA BAKERMAN PONQUE X 500CC,,PRODUCTO TERMINADO,28.00,"136,950.00",0.00,"136,950.00","26,020.50",0.00,"162,970.50",
30913,ESENCIA BAKERMAN QUESO X 500 CC,,PRODUCTO TERMINADO,19.00,"80,000.00",0.00,"80,000.00","15,200.00",0.00,"95,200.00",
30919,ESENCIA BAKERMAN RON CON PASAS X 500 CC,,PRODUCTO TERMINADO,5.00,"21,000.00",0.00,"21,000.00","3,990.00",0.00,"24,990.00",
30920,ESENCIA BAKERMAN MANTECADO X 500CC.,,PRODUCTO TERMINADO,2.00,"8,400.00",0.00,"8,400.00","1,596.00",0.00,"9,996.00",
30921,ESENCIA BAKERMAN VAINILLA BLANCA GOURMET X 500 CC,,PRODUCTO TERMINADO,86.00,"386,600.00",0.00,"386,600.00","73,454.00",0.00,"460,054.00",
30922,ESENCIA BAKERMAN VAINILLA NEGRA GOURMET X 500 CC,,PRODUCTO TERMINADO,3.00,"12,500.00",0.00,"12,500.00","2,375.00",0.00,"14,875.00",
30923,ESENCIA BAKERMAN CARAMELO X 500 CC,,PRODUCTO TERMINADO,31.00,"142,100.00",0.00,"142,100.00","26,999.00",0.00,"169,099.00",
311001,SABOR CONCENTRADO AJI CC -319R,,PRODUCTO TERMINADO,18.00,"1,683,050.00",0.00,"1,683,050.00","319,779.50",0.00,"2,002,829.50",
311002,SABOR CONCENTRADO AJO GC-563,,PRODUCTO TERMINADO,1.00,"44,900.00",0.00,"44,900.00","8,531.00",0.00,"53,431.00",
311004,SABOR CONCENTRADO AMARETTO AF-200,,PRODUCTO TERMINADO,1.00,"43,600.00",0.00,"43,600.00","8,284.00",0.00,"51,884.00",
311005,SABOR CONCENTRADO ANIS FF-230,,PRODUCTO TERMINADO,2.00,"160,000.00",0.00,"160,000.00","30,400.00",0.00,"190,400.00",
311008,SABOR CONCENTRADO AREQUIPE AF-625,,PRODUCTO TERMINADO,42.00,"2,671,200.00",0.00,"2,671,200.00","507,528.00",0.00,"3,178,728.00",
311009,SABOR CONCENTRADO BANANO BF-214,,PRODUCTO TERMINADO,5.00,"288,300.00",0.00,"288,300.00","54,777.00",0.00,"343,077.00",
311010,SABOR CONCENTRADO BRANDY BF-221,,PRODUCTO TERMINADO,5.00,"431,200.00",0.00,"431,200.00","81,928.00",0.00,"513,128.00",
311011,SABOR CONCENTRADO COFFEE DELIGHT CF-573R X KG,,PRODUCTO TERMINADO,360.00,"8,836,000.00",0.00,"8,836,000.00","1,678,840.00",0.00,"10,514,840.00",
311013,SABOR CONCENTRADO CANELA CF-217,,PRODUCTO TERMINADO,8.00,"422,400.00",0.00,"422,400.00","80,256.00",0.00,"502,656.00",
311014,SABOR CONCENTRADO CANELA CF-217T,,PRODUCTO TERMINADO,123.70,"5,196,700.00",0.00,"5,196,700.00","987,373.00",0.00,"6,184,073.00",
311015,SABOR CONCENTRADO CARAMELO CF-225,,PRODUCTO TERMINADO,2.00,"86,200.00",0.00,"86,200.00","16,378.00",0.00,"102,578.00",
311018,SABOR CONCENTRADO CEREZA CF-220A,,PRODUCTO TERMINADO,12.80,"569,260.00",0.00,"569,260.00","108,159.40",0.00,"677,419.40",
311022,SABOR CONCENTRADO COCO CF-222,,PRODUCTO TERMINADO,702.00,"26,493,980.00",0.00,"26,493,980.00","5,033,856.20",0.00,"31,527,836.20",
311028,SABOR CONCENTRADO CAPUCHINO CF-323,,PRODUCTO TERMINADO,2.00,"107,700.00",0.00,"107,700.00","20,463.00",0.00,"128,163.00",
311029,SABOR CONCENTRADO CHOCOLATE CF-277,,PRODUCTO TERMINADO,117.00,"7,543,000.00",0.00,"7,543,000.00","1,433,170.00",0.00,"8,976,170.00",
311031,SABOR CONCENTRADO FRUTOS DEL BOSQUE FF-328,,PRODUCTO TERMINADO,12.00,"541,600.00",0.00,"541,600.00","102,904.00",0.00,"644,504.00",
311032,SABOR CONCENTRADO EUCALIPTO EF-226,,PRODUCTO TERMINADO,56.00,"5,790,400.00",0.00,"5,790,400.00","1,100,176.00",0.00,"6,890,576.00",
311035,SABOR CONCENTRADO CIRUELA CLAUDIA CF-321,,PRODUCTO TERMINADO,4.00,"168,583.00",0.00,"168,583.00","32,030.77",0.00,"200,613.77",
311036,SABOR CONCENTRADO FRESA SF-228,,PRODUCTO TERMINADO,4.25,"188,050.00",0.00,"188,050.00","35,729.50",0.00,"223,779.50",
311037,SABOR CONCENTRADO FRESA SF-548,,PRODUCTO TERMINADO,15.00,"525,000.00",0.00,"525,000.00","99,750.00",0.00,"624,750.00",
311042,SABOR CONCENTRADO GUAYABA GF-209R,,PRODUCTO TERMINADO,2.00,"150,000.00",0.00,"150,000.00","28,500.00",0.00,"178,500.00",
311044,SABOR CONCENTRADO HINOJO FF-231,,PRODUCTO TERMINADO,1.00,"74,600.00",0.00,"74,600.00","14,174.00",0.00,"88,774.00",
311045,SABOR CONCENTRADO KETCHUP TC-299,,PRODUCTO TERMINADO,77.30,"4,409,630.00","4,005.00","4,405,625.00","837,068.75",0.00,"5,242,693.75",
311050,SABOR CONCENTRADO LECHE CONDENSADA LF-202,,PRODUCTO TERMINADO,5.00,"320,000.00",0.00,"320,000.00","60,800.00",0.00,"380,800.00",
311052,SABOR CONCENTRADO LIMON LF-238A,,PRODUCTO TERMINADO,36.00,"2,145,600.00",0.00,"2,145,600.00","407,664.00",0.00,"2,553,264.00",
311053,SABOR CONCENTRADO LIMON LF-238T,,PRODUCTO TERMINADO,458.00,"22,953,142.00",0.00,"22,953,142.00","4,361,096.98",0.00,"27,314,238.98",
311055,SABOR CONCENTRADO MANDARINA MF-239A,,PRODUCTO TERMINADO,1.00,"47,800.00",0.00,"47,800.00","9,082.00",0.00,"56,882.00",
311056,SABOR CONCENTRADO MANDARINA MF-239RDC,,PRODUCTO TERMINADO,44.00,"3,665,600.00","93,680.00","3,571,920.00","678,664.80",0.00,"4,250,584.80",
311057,SABOR CONCENTRADO MANGO BICHE MF-295,,PRODUCTO TERMINADO,1.00,"35,000.00",0.00,"35,000.00","6,650.00",0.00,"41,650.00",
311063,SABOR CONCENTRADO MORA CASTILLA BF-377,,PRODUCTO TERMINADO,12.00,"726,000.00",0.00,"726,000.00","137,940.00",0.00,"863,940.00",
311065,SABOR CONCENTRADO MANZANA ROJA AF-270,,PRODUCTO TERMINADO,9.00,"357,440.00",0.00,"357,440.00","67,913.60",0.00,"425,353.60",
311066,SABOR CONCENTRADO MANZANA VERDE AF-642,,PRODUCTO TERMINADO,7.00,"233,400.00",0.00,"233,400.00","44,346.00",0.00,"277,746.00",
311067,SABOR CONCENTRADO MANZANA VERDE AF-642T,,PRODUCTO TERMINADO,8.00,"306,000.00",0.00,"306,000.00","58,140.00",0.00,"364,140.00",
311068,SABOR CONCENTRADO MAPLE MF-579,,PRODUCTO TERMINADO,19.00,"826,300.00",0.00,"826,300.00","156,997.00",0.00,"983,297.00",
311069,SABOR CONCENTRADO MARACUYA PF-447,,PRODUCTO TERMINADO,34.00,"3,141,900.00",0.00,"3,141,900.00","596,961.00",0.00,"3,738,861.00",
311070,SABOR CONCENTRADO MARACUYA PF- 447T,,PRODUCTO TERMINADO,10.00,"753,200.00",0.00,"753,200.00","143,108.00",0.00,"896,308.00",
311075,SABOR CONCENTRADO MENTA MF-430,,PRODUCTO TERMINADO,8.00,"629,666.00",0.00,"629,666.00","119,636.54",0.00,"749,302.54",
311078,SABOR CONCENTRADO MIEL HF-426,,PRODUCTO TERMINADO,37.26,"3,465,066.00",0.00,"3,465,066.00","658,362.54",0.00,"4,123,428.54",
311080,SABOR CONCENTRADO MORA BF-690A,,PRODUCTO TERMINADO,111.00,"10,369,000.00",0.00,"10,369,000.00","1,970,110.00",0.00,"12,339,110.00",
311081,SABOR CONCENTRADO MORA BF-690T,,PRODUCTO TERMINADO,7.50,"746,400.00",0.00,"746,400.00","141,816.00",0.00,"888,216.00",
311082,SABOR CONCENTRADO MOSTAZA MC-613,,PRODUCTO TERMINADO,13.00,"478,100.00",0.00,"478,100.00","90,839.00",0.00,"568,939.00",
311084,SABOR CONCENTRADO NARANJA OF-584 A,,PRODUCTO TERMINADO,17.00,"1,116,860.00",0.00,"1,116,860.00","212,203.40",0.00,"1,329,063.40",
311086,SABOR CONCENTRADO NATA NF-442,,PRODUCTO TERMINADO,28.00,"1,072,400.00","53,620.00","1,018,780.00","193,568.20",0.00,"1,212,348.20",
311092,SABOR CONCENTRADO PIÑA PF-250,,PRODUCTO TERMINADO,2.00,"90,000.00",0.00,"90,000.00","17,100.00",0.00,"107,100.00",
311093,SABOR CONCENTRADO PIÑA PF-250T,,PRODUCTO TERMINADO,11.00,"380,500.00",0.00,"380,500.00","72,295.00",0.00,"452,795.00",
311094,SABOR CONCENTRADO PIÑA PF-609A,,PRODUCTO TERMINADO,1.00,"24,000.00",0.00,"24,000.00","4,560.00",0.00,"28,560.00",
311095,SABOR CONCENTRADO PIÑA COLADA PF-257,,PRODUCTO TERMINADO,72.00,"2,792,600.00",0.00,"2,792,600.00","530,594.00",0.00,"3,323,194.00",
311096,SABOR CONCENTRADO PISTACHO PF-260,,PRODUCTO TERMINADO,2.00,"298,000.00",0.00,"298,000.00","56,620.00",0.00,"354,620.00",
311099,SABOR CONCENTRADO PONQUE PF-249,,PRODUCTO TERMINADO,3.00,"234,900.00",0.00,"234,900.00","44,631.00",0.00,"279,531.00",
311104,SABOR CONCENTRADO RON PASAS RF-251,,PRODUCTO TERMINADO,4.00,"196,200.00",0.00,"196,200.00","37,278.00",0.00,"233,478.00",
311111,SABOR CONCENTRADO TUTTI FRUTI TF-254A,,PRODUCTO TERMINADO,35.00,"1,204,000.00",0.00,"1,204,000.00","228,760.00",0.00,"1,432,760.00",
311112,SABOR CONCENTRADO TUTTI FRUTI TF-254T,,PRODUCTO TERMINADO,7.00,"297,000.00",0.00,"297,000.00","56,430.00",0.00,"353,430.00",
311117,SABOR CONCENTRADO VAINILLA VF-263R,,PRODUCTO TERMINADO,355.00,"13,987,000.00",0.00,"13,987,000.00","2,657,530.00",0.00,"16,644,530.00",
311118,SABOR CONCENTRADO MANDARINA MF-239T,,PRODUCTO TERMINADO,6.20,"506,540.00",0.00,"506,540.00","96,242.60",0.00,"602,782.60",
311121,SABOR CONCENTRADO VINO VF-580,,PRODUCTO TERMINADO,3.00,"521,100.00",0.00,"521,100.00","99,009.00",0.00,"620,109.00",
311124,SABOR CONCENTRADO VAINILEO VF-275 RDC,,PRODUCTO TERMINADO,1.00,"55,000.00",0.00,"55,000.00","10,450.00",0.00,"65,450.00",
311128,SABOR CONCENTRADO MACADAMIA MF-276,,PRODUCTO TERMINADO,7.00,"458,600.00",0.00,"458,600.00","87,134.00",0.00,"545,734.00",
311129,EXTRACTO DE CHOCOLATE NATURAL R070F-2,,PRODUCTO TERMINADO,10.00,"374,400.00",0.00,"374,400.00","71,136.00",0.00,"445,536.00",
311130,SABOR CONCENTRADO VAINILLA VF 499,,PRODUCTO TERMINADO,60.00,"3,117,000.00",0.00,"3,117,000.00","592,230.00",0.00,"3,709,230.00",
311134,SABOR CONCENTRADO CEREZA CF-311,,PRODUCTO TERMINADO,20.00,"747,404.00",0.00,"747,404.00","142,006.76",0.00,"889,410.76",
311149,SABOR CONCENTRADO MELOCOTON PF-585,,PRODUCTO TERMINADO,2.00,"258,500.00",0.00,"258,500.00","49,115.00",0.00,"307,615.00",
311154,SABOR CONCENTRADO CARAMELO CF-305,,PRODUCTO TERMINADO,12.50,"561,800.00",0.00,"561,800.00","106,742.00",0.00,"668,542.00",
311163,SABOR CONCENTRADO VINAGRE DE FRUTAS VF-334,,PRODUCTO TERMINADO,2.00,"193,800.00",0.00,"193,800.00","36,822.00",0.00,"230,622.00",
311164,SABOR CONCENTRADO YOGURT YF-329R,,PRODUCTO TERMINADO,1.00,"43,300.00",0.00,"43,300.00","8,227.00",0.00,"51,527.00",
311165,SABOR CONCENTRADO CIDRON CF-322R,,PRODUCTO TERMINADO,38.00,"1,775,100.50",0.00,"1,775,100.50","337,269.10",0.00,"2,112,369.60",
311166,SABOR CONCENTRADO YOGURT DE MELOCOTON YF-336,,PRODUCTO TERMINADO,2.00,"204,000.00",0.00,"204,000.00","38,760.00",0.00,"242,760.00",
311167,SABOR CONCENTRADO YOGURT DE FRESA YF-331,,PRODUCTO TERMINADO,4.00,"219,300.00",0.00,"219,300.00","41,667.00",0.00,"260,967.00",
311169,SABOR CONCENTRADO SALSA INGLESA BC-300,,PRODUCTO TERMINADO,1.00,"56,700.00",0.00,"56,700.00","10,773.00",0.00,"67,473.00",
311171,SABOR CONCENTRADO HUMO BASE SF-244,,PRODUCTO TERMINADO,9.00,"354,200.00",0.00,"354,200.00","67,298.00",0.00,"421,498.00",
311177,SABOR CONCENTRADO MANTEQUILLA MF-327RT,,PRODUCTO TERMINADO,168.00,"5,300,500.00",0.00,"5,300,500.00","1,007,095.00",0.00,"6,307,595.00",
311180,SABOR CONCENTRADO KOLA ROJA KF-312,,PRODUCTO TERMINADO,10.00,"352,000.00",0.00,"352,000.00","66,880.00",0.00,"418,880.00",
311181,SABOR CONCENTRADO COCO CF-222RT,,PRODUCTO TERMINADO,4.00,"221,600.00",0.00,"221,600.00","42,104.00",0.00,"263,704.00",
311182,SABOR CONCENTRADO FRUTOS ROJOS RF-402DC,,PRODUCTO TERMINADO,34.00,"1,988,800.00",0.00,"1,988,800.00","377,872.00",0.00,"2,366,672.00",
311188,SABOR CONCENTRADO AREQUIPE GC-003,,PRODUCTO TERMINADO,11.00,"856,100.00",0.00,"856,100.00","162,659.00",0.00,"1,018,759.00",
311189,SABOR CONCENTRADO CREMA DE WHISKEY WF-373,,PRODUCTO TERMINADO,7.00,"445,000.00",0.00,"445,000.00","84,550.00",0.00,"529,550.00",
311191,SABOR CONCENTRADO FRESA NI GC-001 X KG.,,PRODUCTO TERMINADO,135.00,"8,628,400.00",0.00,"8,628,400.00","1,639,396.00",0.00,"10,267,796.00",
311196,SABOR CONCENTRADO KIWI KF-387,,PRODUCTO TERMINADO,1.00,"73,300.00",0.00,"73,300.00","13,927.00",0.00,"87,227.00",
311197,SABOR CONCENTRADO TIRAMISU TF-358,,PRODUCTO TERMINADO,20.00,"925,200.00",0.00,"925,200.00","175,788.00",0.00,"1,100,988.00",
311199,SABOR CONCENTRADO MANGO MF-465R X KG.,,PRODUCTO TERMINADO,4.50,"221,000.00",0.00,"221,000.00","41,990.00",0.00,"262,990.00",
311209,SABOR CONCENTRADO MAYONESA MF-267R,,PRODUCTO TERMINADO,20.00,"500,000.00",0.00,"500,000.00","95,000.00",0.00,"595,000.00",
311211,SABOR CONCENTRADO SANDIA WF-608,,PRODUCTO TERMINADO,1.00,"38,000.00",0.00,"38,000.00","7,220.00",0.00,"45,220.00",
311217,SABOR CONCENTRADO LIMON NATURAL LF-459K X KG,,PRODUCTO TERMINADO,1.00,"38,100.00",0.00,"38,100.00","7,239.00",0.00,"45,339.00",
311219,SABOR CONCENTRADO BROWNIE BF-384 X KG,,PRODUCTO TERMINADO,3.00,"210,740.00",0.00,"210,740.00","40,040.60",0.00,"250,780.60",
311223,SABOR CONCENTRADO COCO CF-222TDC,,PRODUCTO TERMINADO,11.00,"683,448.00",0.00,"683,448.00","129,855.12",0.00,"813,303.12",
311226,SABOR CONCENTRADO LIMON JENGIBRE LF-497T X KG,,PRODUCTO TERMINADO,9.00,"747,500.00",0.00,"747,500.00","142,025.00",0.00,"889,525.00",
311244,SABOR CONCENTRADO FRUTOS ROJOS RF-402 X KG.,,PRODUCTO TERMINADO,83.00,"3,074,400.00",0.00,"3,074,400.00","584,136.00",0.00,"3,658,536.00",
311246,SABOR CONCENTRADO FRUTOS AMARILLOS FF-382R KG.,,PRODUCTO TERMINADO,6.05,"353,400.00",0.00,"353,400.00","67,146.00",0.00,"420,546.00",
311248,SABOR CONCENTRADO AVELLANA AF-480 X KG,,PRODUCTO TERMINADO,6.00,"322,626.00",0.00,"322,626.00","61,298.94",0.00,"383,924.94",
311255,SABOR CONCENTRADO LIMA-LIMON LF-201T X KG.,,PRODUCTO TERMINADO,2.00,"170,800.00",0.00,"170,800.00","32,452.00",0.00,"203,252.00",
311256,SABOR CONCENTRADO UVA GF-602T X KG.,,PRODUCTO TERMINADO,1.00,"56,100.00",0.00,"56,100.00","10,659.00",0.00,"66,759.00",
311261,SABOR CONCENTRADO VAINILLA GOURMET VF-417,,PRODUCTO TERMINADO,-20.00,"-660,000.00",0.00,"-660,000.00","-125,400.00",0.00,"-785,400.00",
311265,SABOR CONCENTRADO LIMONADA DE COCO CF-446,,PRODUCTO TERMINADO,2.00,"83,000.00",0.00,"83,000.00","15,770.00",0.00,"98,770.00",
311272,SABOR CONCENTRADO FRESA NI GC-001T X KG.,,PRODUCTO TERMINADO,25.00,"1,223,500.00",0.00,"1,223,500.00","232,465.00",0.00,"1,455,965.00",
311274,SABOR CONCENTRADO MANZANILLA CF-670 X KL,,PRODUCTO TERMINADO,210.00,"8,458,000.00",0.00,"8,458,000.00","1,607,020.00",0.00,"10,065,020.00",
311278,SABOR CONCENTRADO TRES LECHES TF-653 X KG,,PRODUCTO TERMINADO,84.00,"7,308,000.00","400,200.00","6,907,800.00","1,312,482.00",0.00,"8,220,282.00",
311297,SABOR CONCENTRADO BANANO BF-214DC,,PRODUCTO TERMINADO,8.00,"525,400.00",0.00,"525,400.00","99,826.00",0.00,"625,226.00",
311298,SABOR CONCENTRADO PONQUE PF-249DC,,PRODUCTO TERMINADO,1.00,"121,300.00",0.00,"121,300.00","23,047.00",0.00,"144,347.00",
311301,SABOR CONCENTRADO TOCINETA TF-605,,PRODUCTO TERMINADO,1.00,"53,700.00",0.00,"53,700.00","10,203.00",0.00,"63,903.00",
311906,SABOR CONCENTRADO RON CUBANO RF-258 R,,PRODUCTO TERMINADO,2.00,"173,944.00",0.00,"173,944.00","33,049.36",0.00,"206,993.36",
311908,SABOR CONCENTRADO AREQUIPE AF-625 DC,,PRODUCTO TERMINADO,1.00,"85,000.00",0.00,"85,000.00","16,150.00",0.00,"101,150.00",
311909,SABOR CONCENTRADO CHICLE GF-002,,PRODUCTO TERMINADO,32.00,"2,616,800.00",0.00,"2,616,800.00","497,192.00",0.00,"3,113,992.00",
311910,SABOR CONCENTRADO NARANJA OF-584 T,,PRODUCTO TERMINADO,75.00,"4,600,700.00",0.00,"4,600,700.00","874,133.00",0.00,"5,474,833.00",
311914,SABOR CONCENTRADO LECHE CONDENSADA MF-441,,PRODUCTO TERMINADO,9.50,"607,800.00",0.00,"607,800.00","115,482.00",0.00,"723,282.00",
311928,SABOR CONCENTRADO MORA AZUL BF-421,,PRODUCTO TERMINADO,1.00,"101,400.00",0.00,"101,400.00","19,266.00",0.00,"120,666.00",
311933,SABOR CONCENTRADO HIERBABUENA SF 292T X KG,,PRODUCTO TERMINADO,20.00,"1,043,200.00",0.00,"1,043,200.00","198,208.00",0.00,"1,241,408.00",
311934,SABOR CONCENTRADO LIMONCILLO LF-245T,,PRODUCTO TERMINADO,121.00,"4,498,000.00",0.00,"4,498,000.00","854,620.00",0.00,"5,352,620.00",
311999,SABOR CONCENTRADO COOKIES AND CREAM CF-440,,PRODUCTO TERMINADO,1.00,"55,000.00",0.00,"55,000.00","10,450.00",0.00,"65,450.00",
312006,SABOR CONCENTRADO MARGARINA MF-347DC,,PRODUCTO TERMINADO,16.00,"907,200.00",0.00,"907,200.00","172,368.00",0.00,"1,079,568.00",
312007,SABOR CONCENTRADO NARANJA OF-584ADC,,PRODUCTO TERMINADO,5.00,"366,200.00",0.00,"366,200.00","69,578.00",0.00,"435,778.00",
311304,SABOR CONCENTRADO MANTEQUILLA BF-105R X KL,KGM,MATERIAS PRIMAS,430.00,"6,198,000.00",0.00,"6,198,000.00","1,177,620.00",0.00,"7,375,620.00",
311309,SABOR CONCENTRADO CANELA CF-217DC,KGM,MATERIAS PRIMAS,2.00,"141,800.00",0.00,"141,800.00","26,942.00",0.00,"168,742.00",
311310,SABOR CONCENTRADO MIEL HF-466R X KG,KGM,MATERIAS PRIMAS,30.00,"3,000,000.00",0.00,"3,000,000.00","570,000.00",0.00,"3,570,000.00",
311311,SABOR CONCENTRADO CHOCOLO CF-414,KGM,MATERIAS PRIMAS,7.00,"299,200.00",0.00,"299,200.00","56,848.00",0.00,"356,048.00",
31205,SABOR TRIX AREQUIPE,KGM,MATERIAS PRIMAS,136.00,"6,872,500.00",0.00,"6,872,500.00","1,305,775.00",0.00,"8,178,275.00",
31209,SABOR TRIX CANELA,KGM,MATERIAS PRIMAS,128.00,"4,084,380.00",0.00,"4,084,380.00","776,032.20",0.00,"4,860,412.20",
31210,SABOR TRIX CARAMELO,KGM,MATERIAS PRIMAS,1.00,"43,300.00",0.00,"43,300.00","8,227.00",0.00,"51,527.00",
31215,SABOR TRIX COCO,KGM,MATERIAS PRIMAS,2.00,"79,100.00",0.00,"79,100.00","15,029.00",0.00,"94,129.00",
31223,SABOR TRIX CHOCOLATE,KGM,MATERIAS PRIMAS,111.50,"5,045,250.13",0.00,"5,045,250.13","958,597.52",0.00,"6,003,847.65",
31226,SABOR TRIX FRAMBUESA,KGM,MATERIAS PRIMAS,140.00,"6,355,000.00",0.00,"6,355,000.00","1,197,950.00",0.00,"7,552,950.00",
31227,SABOR TRIX FRESA,KGM,MATERIAS PRIMAS,180.00,"9,107,000.00",0.00,"9,107,000.00","1,730,330.00",0.00,"10,837,330.00",
31227A,SABOR TRIX FRESA SIN COLOR,KGM,MATERIAS PRIMAS,5.00,"224,500.00",0.00,"224,500.00","42,655.00",0.00,"267,155.00",
31230,SABOR TRIX HIERBABUENA,KGM,MATERIAS PRIMAS,35.00,"4,174,600.00",0.00,"4,174,600.00","793,174.00",0.00,"4,967,774.00",
31234,SABOR TRIX LECHE CONDENSADA,KGM,MATERIAS PRIMAS,5.00,"228,200.00",0.00,"228,200.00","43,358.00",0.00,"271,558.00",
31238,SABOR TRIX MANGO,KGM,MATERIAS PRIMAS,2.00,"119,900.00",0.00,"119,900.00","22,781.00",0.00,"142,681.00",
31240,SABOR TRIX MANTECADO,KGM,MATERIAS PRIMAS,105.00,"3,360,000.00",0.00,"3,360,000.00","638,400.00",0.00,"3,998,400.00",
31243,SABOR TRIX MANZANA VERDE,KGM,MATERIAS PRIMAS,3.00,"139,200.00",0.00,"139,200.00","26,448.00",0.00,"165,648.00",
31255,SABOR TRIX NARANJA,KGM,MATERIAS PRIMAS,2.50,"144,300.00",0.00,"144,300.00","27,417.00",0.00,"171,717.00",
31264,SABOR TRIX PIÑA,KGM,MATERIAS PRIMAS,45.00,"1,685,000.00",0.00,"1,685,000.00","320,150.00",0.00,"2,005,150.00",
31264A,SABOR TRIX PIÑA SIN COLOR,KGM,MATERIAS PRIMAS,29.00,"1,148,350.00",0.00,"1,148,350.00","218,186.50",0.00,"1,366,536.50",
31272,SABOR TRIX RON PASAS,KGM,MATERIAS PRIMAS,16.00,"598,500.00",0.00,"598,500.00","113,715.00",0.00,"712,215.00",
31273,SABOR TRIX SANDIA,KGM,MATERIAS PRIMAS,1.00,"35,000.00",0.00,"35,000.00","6,650.00",0.00,"41,650.00",
31278,SABOR TRIX UVA,KGM,MATERIAS PRIMAS,5.00,"234,500.00",0.00,"234,500.00","44,555.00",0.00,"279,055.00",
31278A,SABOR TRIX UVA SIN COLOR,KGM,MATERIAS PRIMAS,6.00,"268,800.00",0.00,"268,800.00","51,072.00",0.00,"319,872.00",
31279,SABOR TRIX VAINILLA N.I,,MATERIAS PRIMAS,408.00,"22,682,800.00",0.00,"22,682,800.00","4,309,732.00",0.00,"26,992,532.00",
31293,JENGIBRE NATURAL EN POLVO X KG,KGM,MATERIAS PRIMAS,182.50,"15,629,000.00",0.00,"15,629,000.00","2,969,510.00",0.00,"18,598,510.00",
31322,SABOR GRITZ LIMON,KGM,MATERIAS PRIMAS,33.00,"1,252,000.00",0.00,"1,252,000.00","237,880.00",0.00,"1,489,880.00",
31332,SABOR GRITZ NARANJA,KGM,MATERIAS PRIMAS,18.00,"738,000.00",0.00,"738,000.00","140,220.00",0.00,"878,220.00",
31351,SABOR GRITZ COFFE DELIGHT X KG,KGM,MATERIAS PRIMAS,14.00,"575,300.00",0.00,"575,300.00","109,307.00",0.00,"684,607.00",
31352,SABOR GRITZ FRUTOS ROJOS,KGM,MATERIAS PRIMAS,5.00,"137,000.00",0.00,"137,000.00","26,030.00",0.00,"163,030.00",
31402,SABOR CONDIMENTO POLVO STAND CANELA,KGM,MATERIAS PRIMAS,279.00,"4,572,214.00",0.00,"4,572,214.00","868,720.66",0.00,"5,440,934.66",
31405,SABOR CONDIMENTO POLVO STAND AREQUIPE,KGM,MATERIAS PRIMAS,13.00,"255,800.00",0.00,"255,800.00","48,602.00",0.00,"304,402.00",
31406,SABOR CONDIMENTO POLVO STAND BANANO,KGM,MATERIAS PRIMAS,22.00,"517,000.00",0.00,"517,000.00","98,230.00",0.00,"615,230.00",
31410,SABOR CONDIMENTO POLVO STAND CARAMELO,KGM,MATERIAS PRIMAS,1.00,"21,000.00",0.00,"21,000.00","3,990.00",0.00,"24,990.00",
31412,SABOR CONDIMENTO POLVO STAND CEREZA,KGM,MATERIAS PRIMAS,32.00,"786,800.00",0.00,"786,800.00","149,492.00",0.00,"936,292.00",
31415,SABOR CONDIMENTO POLVO STAND COCO,,MATERIAS PRIMAS,1.00,"15,000.00",0.00,"15,000.00","2,850.00",0.00,"17,850.00",
31424,SABOR CONDIMENTO POLVO STAND DURAZNO,,MATERIAS PRIMAS,15.10,"759,900.00",0.00,"759,900.00","144,381.00",0.00,"904,281.00",
31426,SABOR CONDIMENTO POLVO STAND FRAMBUESA,,MATERIAS PRIMAS,22.00,"511,000.00",0.00,"511,000.00","97,090.00",0.00,"608,090.00",
31427,SABOR CONDIMENTO POLVO STAND FRESA,,MATERIAS PRIMAS,290.00,"6,959,800.00",0.00,"6,959,800.00","1,322,362.00",0.00,"8,282,162.00",
31434,SABOR CONDIMENTO POLVO STAND LECHE CONDENSADA,,MATERIAS PRIMAS,9.00,"199,600.00",0.00,"199,600.00","37,924.00",0.00,"237,524.00",
31436,SABOR CONDIMENTO POLVO STAND LIMON,,MATERIAS PRIMAS,254.00,"6,251,200.00",0.00,"6,251,200.00","1,187,728.00",0.00,"7,438,928.00",
31442,SABOR CONDIMENTO POLVO STAND MANZANA VERDE,,MATERIAS PRIMAS,22.00,"528,000.00",0.00,"528,000.00","100,320.00",0.00,"628,320.00",
31448,SABOR CONDIMENTO POLVO STAND MENTA,,MATERIAS PRIMAS,6.00,"192,800.00",0.00,"192,800.00","36,632.00",0.00,"229,432.00",
31451,SABOR CONDIMENTO POLVO STAND MORA,,MATERIAS PRIMAS,10.00,"225,000.00",0.00,"225,000.00","42,750.00",0.00,"267,750.00",
31453,SABOR CONDIMENTO POLVO STAND NARANJA,,MATERIAS PRIMAS,157.00,"4,045,300.00",0.00,"4,045,300.00","768,607.00",0.00,"4,813,907.00",
31462,SABOR CONDIMENTO POLVO STAND PIÑA,,MATERIAS PRIMAS,16.00,"360,000.00",0.00,"360,000.00","68,400.00",0.00,"428,400.00",
31476,SABOR CONDIMENTO POLVO STAND UVA,,MATERIAS PRIMAS,9.00,"319,500.00",0.00,"319,500.00","60,705.00",0.00,"380,205.00",
31477,SABOR CONDIMENTO POLVO STAND VAINILLA,,MATERIAS PRIMAS,274.00,"6,094,300.00",0.00,"6,094,300.00","1,157,917.00",0.00,"7,252,217.00",
31481,SABOR CONDIMENTO POLVO STAND UVA SIN COLOR,,MATERIAS PRIMAS,7.00,"228,600.00",0.00,"228,600.00","43,434.00",0.00,"272,034.00",
31482,SABOR CONDIMENTO POLVO STAND MANTEQUILLA,,MATERIAS PRIMAS,5.00,"139,000.00",0.00,"139,000.00","26,410.00",0.00,"165,410.00",
31483,SABOR CONDIMENTO POLVO STAND CAPUCHINO,,MATERIAS PRIMAS,3.00,"107,800.00",0.00,"107,800.00","20,482.00",0.00,"128,282.00",
31489,SABOR CONDIMENTO POLVO STAND SALPICON,,MATERIAS PRIMAS,30.00,"747,030.00",0.00,"747,030.00","141,935.70",0.00,"888,965.70",
31490,SABOR CONDIMENTO POLVO STAND FRUTOS ROJOS,,MATERIAS PRIMAS,64.00,"1,538,800.00",0.00,"1,538,800.00","292,372.00",0.00,"1,831,172.00",
31491,SABOR CONDIMENTO POLVO STAND BROWNIE.,,MATERIAS PRIMAS,5.00,"144,500.00",0.00,"144,500.00","27,455.00",0.00,"171,955.00",
31492,SABOR CONDIMENTO POLVO STAND MANZANILLA,,MATERIAS PRIMAS,20.00,"466,000.00",0.00,"466,000.00","88,540.00",0.00,"554,540.00",
31493,SABOR CONDIMENTO POLVO STAND CIDRON,,MATERIAS PRIMAS,10.00,"277,000.00",0.00,"277,000.00","52,630.00",0.00,"329,630.00",
31494,SABOR CONDIMENTO POLVO STAND LIMON JENGIBRE,,MATERIAS PRIMAS,102.00,"2,757,800.00",0.00,"2,757,800.00","523,982.00",0.00,"3,281,782.00",
31502,COLOR CARAMELO COLSABOR GARRAFA X 5 KG,,PRODUCTO TERMINADO,902.00,"35,232,100.00",0.00,"35,232,100.00","6,694,099.00",0.00,"41,926,199.00",
31503,COLOR CARAMELO COLSABOR FRASCO X 650 GR,,PRODUCTO TERMINADO,369.00,"3,336,200.00",0.00,"3,336,200.00","633,878.00",0.00,"3,970,078.00",
31504,COLOR CARAMELO COLSABOR FRASCO X 90 G,,PRODUCTO TERMINADO,"2,906.00","7,940,530.00",0.00,"7,940,530.00","1,508,700.70",0.00,"9,449,230.70",
31507,COLOR CARAMELO COLSABOR X 25 KG,,PRODUCTO TERMINADO,141.00,"32,574,801.00",0.00,"32,574,801.00","6,189,212.19",0.00,"38,764,013.19",
315100,COLOR FUCSIA GOTERO X 14 GR,,PRODUCTO TERMINADO,4.00,"11,750.00",0.00,"11,750.00","2,232.50",0.00,"13,982.50",
315101,COLOR PIEL GOTERO X 14 GR,,PRODUCTO TERMINADO,373.00,"516,300.00",0.00,"516,300.00","98,097.00",0.00,"614,397.00",
315102,COLOR NARANJA GOTERO X 14 GRS,,PRODUCTO TERMINADO,"2,100.00","3,040,490.00",0.00,"3,040,490.00","577,693.10",0.00,"3,618,183.10",
315103,COLOR ROSADO GOTERO X 14 GR,,PRODUCTO TERMINADO,1.00,"1,350.00",0.00,"1,350.00",256.50,0.00,"1,606.50",
315104,COLOR LILA GOTERO X 14 GR,,PRODUCTO TERMINADO,895.00,"1,322,750.00",0.00,"1,322,750.00","251,322.50",0.00,"1,574,072.50",
315105,COLOR VERDE LIMON GOTERO X 14 GR,,PRODUCTO TERMINADO,133.00,"193,350.00",0.00,"193,350.00","36,736.50",0.00,"230,086.50",
315108,COLOR CARAMELO GOTERO X 14 GR,,PRODUCTO TERMINADO,210.00,"315,650.00",0.00,"315,650.00","59,973.50",0.00,"375,623.50",
315109,COLOR NEGRO GOTERO X 14 GRS,,PRODUCTO TERMINADO,"1,140.00","1,609,760.00",0.00,"1,609,760.00","305,854.40",0.00,"1,915,614.40",
315110,COLOR CAFE GOTERO X 14 GRS,,PRODUCTO TERMINADO,600.00,"849,800.00",0.00,"849,800.00","161,462.00",0.00,"1,011,262.00",
315111,COLOR BLANCO GOTERO X 14 GR,,PRODUCTO TERMINADO,984.00,"1,409,150.00",0.00,"1,409,150.00","267,738.50",0.00,"1,676,888.50",
315112,COLOR UVA GOTERO X 14 GR,,PRODUCTO TERMINADO,302.00,"448,900.00",0.00,"448,900.00","85,291.00",0.00,"534,191.00",
315114,COLOR AMARILLO HUEVO TR X 500 GMS,,PRODUCTO TERMINADO,943.00,"8,615,700.00",0.00,"8,615,700.00","1,636,983.00",0.00,"10,252,683.00",
315115,COLOR ROJO ESCARLATA ECO TR X 500 GMS,,PRODUCTO TERMINADO,264.00,"2,907,650.00",0.00,"2,907,650.00","552,453.50",0.00,"3,460,103.50",
315116,COLOR AZUL TR 500 X GMS,,PRODUCTO TERMINADO,155.00,"1,675,500.00",0.00,"1,675,500.00","318,345.00",0.00,"1,993,845.00",
315117,COLOR VERDE 2 TR X 500 GMS,,PRODUCTO TERMINADO,106.00,"1,188,750.00",0.00,"1,188,750.00","225,862.50",0.00,"1,414,612.50",
315118,COLOR NARANJA 2 TR X 500 GMS,,PRODUCTO TERMINADO,6.00,"139,900.00",0.00,"139,900.00","26,581.00",0.00,"166,481.00",
315119,COLOR ROSADO TR X 500 GMS,,PRODUCTO TERMINADO,12.00,"280,400.00",0.00,"280,400.00","53,276.00",0.00,"333,676.00",
31512,COLOR LIQUIDO VERDE LIMON X KL,,PRODUCTO TERMINADO,1.00,"51,100.00",0.00,"51,100.00","9,709.00",0.00,"60,809.00",
315122,COLOR UVA TR X 500 GMS,,PRODUCTO TERMINADO,11.00,"125,000.00",0.00,"125,000.00","23,750.00",0.00,"148,750.00",
315123,COLOR CARAMELO BOLSA X 25 GMS,,PRODUCTO TERMINADO,2.00,2.00,0.00,2.00,0.38,0.00,2.38,
315125,COLOR AMARILLO X 450 GR,,PRODUCTO TERMINADO,22.00,"542,700.00",0.00,"542,700.00","103,113.00",0.00,"645,813.00",
315126,COLOR AZUL X 450 GR,,PRODUCTO TERMINADO,24.00,"613,050.00",0.00,"613,050.00","116,479.50",0.00,"729,529.50",
315127,COLOR ROJO FRESA X 350 CC,,PRODUCTO TERMINADO,2.00,"44,000.00",0.00,"44,000.00","8,360.00",0.00,"52,360.00",
315128,COLOR ROSADO X 450 GR,,PRODUCTO TERMINADO,7.00,"799,400.00",0.00,"799,400.00","151,886.00",0.00,"951,286.00",
315129,COLOR BLANCO X 450 GR,,PRODUCTO TERMINADO,41.00,"1,094,900.00",0.00,"1,094,900.00","208,031.00",0.00,"1,302,931.00",
315130,COLOR VERDE X 450 GR,,PRODUCTO TERMINADO,16.00,"415,000.00",0.00,"415,000.00","78,850.00",0.00,"493,850.00",
315131,COLOR NARANJA X 450 GRS,,PRODUCTO TERMINADO,6.00,"167,000.00",0.00,"167,000.00","31,730.00",0.00,"198,730.00",
315132,COLOR VERDE LIMON X 450 GR,,PRODUCTO TERMINADO,17.00,"585,000.00",0.00,"585,000.00","111,150.00",0.00,"696,150.00",
315133,COLOR NEGRO X 450 GR,,PRODUCTO TERMINADO,36.00,"990,900.00",0.00,"990,900.00","188,271.00",0.00,"1,179,171.00",
315135,COLOR CAFE X 450 GR,,PRODUCTO TERMINADO,2.00,"44,000.00",0.00,"44,000.00","8,360.00",0.00,"52,360.00",
315137,COLOR PIEL X 450 GR,,PRODUCTO TERMINADO,15.00,"336,000.00",0.00,"336,000.00","63,840.00",0.00,"399,840.00",
315138,COLOR ROJO X 450 GRS,,PRODUCTO TERMINADO,187.00,"5,025,640.00",0.00,"5,025,640.00","954,871.60",0.00,"5,980,511.60",
315139,COLOR MORADO X 450 GRS,,PRODUCTO TERMINADO,7.00,"195,000.00",0.00,"195,000.00","37,050.00",0.00,"232,050.00",
31514,COLOR AZUL CLARO GOTERO X 10 CC,,PRODUCTO TERMINADO,213.00,"320,650.00",0.00,"320,650.00","60,923.50",0.00,"381,573.50",
315144,COLOR ROJO ESCARLATA ECO X KG,,PRODUCTO TERMINADO,54.00,"752,500.00",0.00,"752,500.00","142,975.00",0.00,"895,475.00",
315146,COLOR NARANJA 2 ECO X KG,,PRODUCTO TERMINADO,6.00,"154,500.00",0.00,"154,500.00","29,355.00",0.00,"183,855.00",
315147,COLOR ROJO FRESA ECO X KG,,PRODUCTO TERMINADO,3.00,"58,800.00",0.00,"58,800.00","11,172.00",0.00,"69,972.00",
315148,COLOR CARAMELO ECO X KL,,PRODUCTO TERMINADO,46.00,"1,027,500.00",0.00,"1,027,500.00","195,225.00",0.00,"1,222,725.00",
315149,COLOR MORADO 2 ECO X KG,,PRODUCTO TERMINADO,9.00,"197,000.00",0.00,"197,000.00","37,430.00",0.00,"234,430.00",
31515,COLOR LIQUIDO LILA X KL,,PRODUCTO TERMINADO,1.00,"75,100.00",0.00,"75,100.00","14,269.00",0.00,"89,369.00",
315151,COLOR UVA ECO X KG,,PRODUCTO TERMINADO,1.00,"20,900.00",0.00,"20,900.00","3,971.00",0.00,"24,871.00",
315153,COLOR AMARILLO HUEVO ECO X KG,,PRODUCTO TERMINADO,76.00,"898,800.00",0.00,"898,800.00","170,772.00",0.00,"1,069,572.00",
315154,COLOR VERDE 2 ECO X KG,,PRODUCTO TERMINADO,17.00,"571,600.00",0.00,"571,600.00","108,604.00",0.00,"680,204.00",
315155,COLOR AZUL ECO X KG,,PRODUCTO TERMINADO,6.00,"90,000.00",0.00,"90,000.00","17,100.00",0.00,"107,100.00",
315157,COLOR VERDE MENTA 2 ECO X KL,,PRODUCTO TERMINADO,7.00,"177,600.00",0.00,"177,600.00","33,744.00",0.00,"211,344.00",
315159,COLOR VERDE MENTA GOTERO X 10  CC,,PRODUCTO TERMINADO,5.00,"7,250.00",0.00,"7,250.00","1,377.50",0.00,"8,627.50",
315162,COLOR LIQUIDO BLANCO X KL,,PRODUCTO TERMINADO,1.00,"79,100.00",0.00,"79,100.00","15,029.00",0.00,"94,129.00",
315164,COLOR VERDE MENTA X 450 GR,,PRODUCTO TERMINADO,1.00,"37,000.00",0.00,"37,000.00","7,030.00",0.00,"44,030.00",
315168,COLOR LIQUIDO TURQUESA X 80 GR,,PRODUCTO TERMINADO,1.00,"4,200.00",0.00,"4,200.00",798.00,0.00,"4,998.00",
315173,COLOR FUCSIA 3 TR X 500 GR.,,PRODUCTO TERMINADO,1.00,"18,000.00",0.00,"18,000.00","3,420.00",0.00,"21,420.00",
315174,COLOR LIQUIDO TURQUESA GOTERO X 14 GR,,PRODUCTO TERMINADO,50.00,"74,500.00",0.00,"74,500.00","14,155.00",0.00,"88,655.00",
315178,COLOR NEGRO TR X 500 GM.,,PRODUCTO TERMINADO,1.00,"17,400.00",0.00,"17,400.00","3,306.00",0.00,"20,706.00",
315187,COLOR VERDE MENTA 2 TR X 500 GM,,PRODUCTO TERMINADO,1.00,"10,850.00",0.00,"10,850.00","2,061.50",0.00,"12,911.50",
315188,COLOR AMARILLO LIMON BOLSA X 25 G.,,PRODUCTO TERMINADO,2.00,"1,700.00",0.00,"1,700.00",323.00,0.00,"2,023.00",
315190,COLOR AMARILLO ECO BOLSA X 25 G.,,PRODUCTO TERMINADO,4.00,"1,902.00",0.00,"1,902.00",361.38,0.00,"2,263.38",
31521,COLOR LIQUIDO NARANJA X KL,,PRODUCTO TERMINADO,4.00,"212,000.00",0.00,"212,000.00","40,280.00",0.00,"252,280.00",
315216,COLOR AMARILLO ECO TR X 500 GMS,,PRODUCTO TERMINADO,117.00,"1,261,950.00",0.00,"1,261,950.00","239,770.50",0.00,"1,501,720.50",
315219,COLOR LILA X 450 CC,,PRODUCTO TERMINADO,2.00,"44,000.00",0.00,"44,000.00","8,360.00",0.00,"52,360.00",
315224,COLOR LIQUIDO VERDE MENTA X KG,,PRODUCTO TERMINADO,2.00,"75,800.00",0.00,"75,800.00","14,402.00",0.00,"90,202.00",
315226,COLOR MELOCOTON GOTERO X 10 CC,,PRODUCTO TERMINADO,101.00,"151,950.00",0.00,"151,950.00","28,870.50",0.00,"180,820.50",
31523,COLOR LIQUIDO NEGRO X KL,,PRODUCTO TERMINADO,18.00,"2,058,200.00",0.00,"2,058,200.00","391,058.00",0.00,"2,449,258.00",
315230,COLOR CHOCOLATE PARDO PURO X KG,,PRODUCTO TERMINADO,67.02,"7,053,550.00",0.00,"7,053,550.00","1,340,174.50",0.00,"8,393,724.50",
315233,COLOR VERDE MENTA X 80  CC,,PRODUCTO TERMINADO,3.00,"17,100.00",0.00,"17,100.00","3,249.00",0.00,"20,349.00",
315235,COLOR LIQUIDO AMARILLO HUEVO X KL,,PRODUCTO TERMINADO,1.00,"35,000.00",0.00,"35,000.00","6,650.00",0.00,"41,650.00",
315236,COLOR ROJO CHORIZO EN POLVO X KG,,PRODUCTO TERMINADO,23.00,"1,630,500.00",0.00,"1,630,500.00","309,795.00",0.00,"1,940,295.00",
31524,COLOR LIQUIDO ROJO X KL,,PRODUCTO TERMINADO,21.00,"693,900.00",0.00,"693,900.00","131,841.00",0.00,"825,741.00",
315241,COLOR FUCSIA 2 GOTERO X 14 GR,,PRODUCTO TERMINADO,"1,389.00","2,048,228.00",0.00,"2,048,228.00","389,163.32",0.00,"2,437,391.32",
315242,COLOR FUCSIA 2 GOTERO X 80 GRS,,PRODUCTO TERMINADO,22.00,"105,400.00",0.00,"105,400.00","20,026.00",0.00,"125,426.00",
315243,COLOR FUCSIA 2 X 450 GRS,,PRODUCTO TERMINADO,4.00,"95,000.00",0.00,"95,000.00","18,050.00",0.00,"113,050.00",
315245,COLOR ROSADO 2 GOTERO X 14 GRS,,PRODUCTO TERMINADO,"2,076.00","2,988,288.00",0.00,"2,988,288.00","567,774.72",0.00,"3,556,062.72",
315246,COLOR ROSADO 2 GOTERO X 80 GRS,,PRODUCTO TERMINADO,122.00,"599,400.00",0.00,"599,400.00","113,886.00",0.00,"713,286.00",
315247,COLOR ROSADO 2 X 450 GRS,,PRODUCTO TERMINADO,34.00,"833,000.00",0.00,"833,000.00","158,270.00",0.00,"991,270.00",
31526,COLOR LIQUIDO VERDE X KL,,PRODUCTO TERMINADO,11.00,"591,010.00",0.00,"591,010.00","112,291.90",0.00,"703,301.90",
31527,COLOR LIQUIDO AMARILLO X KL,,PRODUCTO TERMINADO,5.00,"243,000.00",0.00,"243,000.00","46,170.00",0.00,"289,170.00",
31528,COLOR LIQUIDO AZUL X KL,,PRODUCTO TERMINADO,21.00,"1,918,365.00",0.00,"1,918,365.00","364,489.35",0.00,"2,282,854.35",
31549,COLOR LILA GOTERO X 80 GRS,,PRODUCTO TERMINADO,17.00,"71,400.00",0.00,"71,400.00","13,566.00",0.00,"84,966.00",
31550,COLOR FUCSIA X 80 GR,,PRODUCTO TERMINADO,2.00,"17,000.00",0.00,"17,000.00","3,230.00",0.00,"20,230.00",
31551,COLOR AMARILLO X 80 GR,,PRODUCTO TERMINADO,136.00,"629,250.00",0.00,"629,250.00","119,557.50",0.00,"748,807.50",
31552,COLOR ROJO GOTERO X 80 GRS,,PRODUCTO TERMINADO,261.00,"1,204,880.00",0.00,"1,204,880.00","228,927.20",0.00,"1,433,807.20",
31553,COLOR VERDE GOTERO X 80 GRS,,PRODUCTO TERMINADO,74.00,"336,450.00",0.00,"336,450.00","63,925.50",0.00,"400,375.50",
31554,COLOR NEGRO GOTERO X 80  GRS,,PRODUCTO TERMINADO,138.00,"620,320.00",0.00,"620,320.00","117,860.80",0.00,"738,180.80",
31555,COLOR AZUL GOTERO X 80 GRS,,PRODUCTO TERMINADO,106.00,"501,500.00",0.00,"501,500.00","95,285.00",0.00,"596,785.00",
31556,COLOR MORADO GOTERO X 80 GRS,,PRODUCTO TERMINADO,25.00,"119,880.00",0.00,"119,880.00","22,777.20",0.00,"142,657.20",
31557,COLOR NARANJA GOTERO X 80 GRS,,PRODUCTO TERMINADO,61.00,"292,450.00",0.00,"292,450.00","55,565.50",0.00,"348,015.50",
31558,COLOR ROJO FRESA X 60 CC,,PRODUCTO TERMINADO,1.00,"4,200.00",0.00,"4,200.00",798.00,0.00,"4,998.00",
31559,COLOR ROSADO X 80 GR,,PRODUCTO TERMINADO,11.00,"114,000.00",0.00,"114,000.00","21,660.00",0.00,"135,660.00",
31560,COLOR VERDE LIMON GOTERO X 80 GRS,,PRODUCTO TERMINADO,30.00,"132,000.00",0.00,"132,000.00","25,080.00",0.00,"157,080.00",
31561,COLOR BLANCO X 80 GR,,PRODUCTO TERMINADO,173.00,"777,350.00",0.00,"777,350.00","147,696.50",0.00,"925,046.50",
31563,COLOR PIEL X 80 GR,,PRODUCTO TERMINADO,22.00,"96,700.00",0.00,"96,700.00","18,373.00",0.00,"115,073.00",
31564,COLOR CAFE GOTERO X 80 GRS,,PRODUCTO TERMINADO,21.00,"90,700.00",0.00,"90,700.00","17,233.00",0.00,"107,933.00",
31580,COLOR ROJO ESCARLATA BOLSA X 25 GMS,,PRODUCTO TERMINADO,225.00,"242,452.00",0.00,"242,452.00","46,065.88",0.00,"288,517.88",
31581,COLOR AZUL BOLSA X 25 GMS,,PRODUCTO TERMINADO,27.00,"24,552.00",0.00,"24,552.00","4,664.88",0.00,"29,216.88",
31582,COLOR VERDE 2 BOLSA X 25 GMS,,PRODUCTO TERMINADO,44.00,"39,902.00",0.00,"39,902.00","7,581.38",0.00,"47,483.38",
31583,COLOR ROJO FRESA BOLSA X 25 GMS,,PRODUCTO TERMINADO,3.00,"3,244.00",0.00,"3,244.00",616.36,0.00,"3,860.36",
31584,COLOR ROSADO BOLSA X 25 GMS,,PRODUCTO TERMINADO,10.00,"9,902.00",0.00,"9,902.00","1,881.38",0.00,"11,783.38",
31585,COLOR VERDE MENTA 2 BOLSA X 25 GMS,,PRODUCTO TERMINADO,2.00,2.00,0.00,2.00,0.38,0.00,2.38,
31586,COLOR NARANJA 2 BOLSA X 25 GMS,,PRODUCTO TERMINADO,36.00,"35,802.00",0.00,"35,802.00","6,802.38",0.00,"42,604.38",
31588,COLOR LILA BOLSA X 25 GMS,,PRODUCTO TERMINADO,1.00,950.00,0.00,950.00,180.50,0.00,"1,130.50",
31590,COLOR UVA BOLSA X 25 GMS,,PRODUCTO TERMINADO,2.00,2.00,0.00,2.00,0.38,0.00,2.38,
31593,COLOR AMARILLO HUEVO BOLSA X 25 GMS,,PRODUCTO TERMINADO,155.00,"159,550.00",0.00,"159,550.00","30,314.50",0.00,"189,864.50",
315931,COLOR CAFE BOLSA X 25 GMS,,PRODUCTO TERMINADO,2.00,2.00,0.00,2.00,0.38,0.00,2.38,
31594,COLOR AMARILLO GOTERO X 14 GR,,PRODUCTO TERMINADO,"4,399.00","6,620,100.00",0.00,"6,620,100.00","1,257,819.00",0.00,"7,877,919.00",
31595,COLOR ROJO GOTERO X 14 GRS,,PRODUCTO TERMINADO,"6,960.00","10,236,270.00",0.00,"10,236,270.00","1,944,891.30",0.00,"12,181,161.30",
31596,COLOR AZUL GOTERO X 14 GRS,,PRODUCTO TERMINADO,"4,537.00","6,636,420.00",0.00,"6,636,420.00","1,260,919.80",0.00,"7,897,339.80",
31597,COLOR VERDE GOTERO X 14 GRS,,PRODUCTO TERMINADO,"4,199.00","6,170,760.00",0.00,"6,170,760.00","1,172,444.40",0.00,"7,343,204.40",
31599,COLOR MORADO GOTERO X 14 GRS,,PRODUCTO TERMINADO,"1,152.00","1,657,950.00",0.00,"1,657,950.00","315,010.50",0.00,"1,972,960.50",
31602,MEJORADOR BAKERMAN PAQUETE X 2.5 KG,,PRODUCTO TERMINADO,30.00,"1,026,000.00",0.00,"1,026,000.00","194,940.00",0.00,"1,220,940.00",
31603,MEJORADOR BAKERMAN PAQUETE X 1 KG,,PRODUCTO TERMINADO,158.00,"2,157,950.00",0.00,"2,157,950.00","410,010.50",0.00,"2,567,960.50",
31606,AZUCAR 5X BULTO X 25 KG,,PRODUCTO TERMINADO,9.00,"897,850.00",0.00,"897,850.00","44,892.50",0.00,"942,742.50",
31607,AZUCAR 5X PAQUETE X 2.5 KG,,PRODUCTO TERMINADO,52.00,"867,510.00",0.00,"867,510.00","159,107.90",0.00,"1,026,617.90",
31608,ANTIMOHO PAQUETE X 1 LB,,PRODUCTO TERMINADO,"1,690.00","18,111,409.00",0.00,"18,111,409.00","3,441,167.71",0.00,"21,552,576.71",
316103,POLVO PARA HORNEAR BAKERMAN DOBLE ACCION BULTO X 25 KG,,PRODUCTO TERMINADO,45.00,"12,933,100.00",,,,,,
,,,,,,,,,,,
,,,,,,0.00,"178,656.00","33,944.64",0.00,"212,600.64",GLAS Y RELLENOS
31610,GLASEADO PIÑA X KL,,PRODUCTO TERMINADO,30.00,"178,656.00","57,460.00","12,875,640.00","2,446,371.60",0.00,"15,322,011.60",30.00
31611,GLASEADO FRESA X KL,,PRODUCTO TERMINADO,248.00,"1,423,600.00",0.00,"1,423,600.00","270,484.00",0.00,"1,694,084.00",248.00
31612,GLASEADO MELOCOTON X KL,,PRODUCTO TERMINADO,205.00,"1,094,400.00",0.00,"1,094,400.00","207,936.00",0.00,"1,302,336.00",205.00
31613,GLASEADO LIMON X KL,,PRODUCTO TERMINADO,47.00,"242,706.00",0.00,"242,706.00","46,114.14",0.00,"288,820.14",47.00
316136,GLASEADO NEUTRO BAKERMAN X 4.5 KG,,PRODUCTO TERMINADO,35.00,"701,500.00",0.00,"701,500.00","133,285.00",0.00,"834,785.00",157.50
316137,GLASEADO NEUTRO BAKERMAN X KG,,PRODUCTO TERMINADO,38.00,"167,000.00",0.00,"167,000.00","31,730.00",0.00,"198,730.00",38.00
316139,GLASEADO FRESA BAKERMAN X 4.5 KG,,PRODUCTO TERMINADO,122.00,"2,449,400.00",0.00,"2,449,400.00","465,386.00",0.00,"2,914,786.00",549.00
316140,GLASEADO FRESA BAKERMAN X KG,,PRODUCTO TERMINADO,256.00,"1,218,700.00",0.00,"1,218,700.00","231,553.00",0.00,"1,450,253.00",256.00
316142,GLASEADO MELOCOTON BAKERMAN X 4.5 KG,,PRODUCTO TERMINADO,111.00,"2,139,700.00",0.00,"2,139,700.00","406,543.00",0.00,"2,546,243.00",499.50
316143,GLASEADO MELOCOTON BAKERMAN X KG,,PRODUCTO TERMINADO,218.00,"1,122,500.00",0.00,"1,122,500.00","213,275.00",0.00,"1,335,775.00",218.00
316145,GLASEADO PIÑA BAKERMAN X 4.5 KG,,PRODUCTO TERMINADO,3.00,"62,900.00",0.00,"62,900.00","11,951.00",0.00,"74,851.00",13.50
316146,GLASEADO PIÑA BAKERMAN X KG,,PRODUCTO TERMINADO,152.00,"698,540.00",0.00,"698,540.00","132,722.60",0.00,"831,262.60",152.00
316148,GLASEADO MORA BAKERMAN X 4.5 KG,,PRODUCTO TERMINADO,30.00,"615,300.00",0.00,"615,300.00","116,907.00",0.00,"732,207.00",135.00
316149,GLASEADO MORA BAKERMAN X KG,,PRODUCTO TERMINADO,60.00,"355,680.00",0.00,"355,680.00","67,579.20",0.00,"423,259.20",60.00
316157,GLASEADO LIMON BAKERMAN X KG,,PRODUCTO TERMINADO,97.00,"455,860.00",0.00,"455,860.00","86,613.40",0.00,"542,473.40",97.00
316159,GLASEADO MANZANA BAKERMAN X KG,,PRODUCTO TERMINADO,10.00,"58,400.00",0.00,"58,400.00","11,096.00",0.00,"69,496.00",10.00
31616,GLASEADO NEUTRO X KG,,PRODUCTO TERMINADO,98.00,"666,850.00",0.00,"666,850.00","126,701.50",0.00,"793,551.50",98.00
316161,GLASEADO UVA BAKERMAN X KG,,PRODUCTO TERMINADO,6.00,"27,750.00",0.00,"27,750.00","5,272.50",0.00,"33,022.50",6.00
316164,GLASEADO LIMON BAKERMAN X 4.5 KG,,PRODUCTO TERMINADO,3.00,"59,800.00",0.00,"59,800.00","11,362.00",0.00,"71,162.00",13.50
316174,GLASEADO CHICLE BAKERMAN X 4.5 KG,,PRODUCTO TERMINADO,2.00,"44,600.00",0.00,"44,600.00","8,474.00",0.00,"53,074.00",9.00
31620,GLASEADO MORA X KG,,PRODUCTO TERMINADO,27.00,"160,650.00",0.00,"160,650.00","30,523.50",0.00,"191,173.50",27.00
31640,GLASEADO FRESA X 4.5 KG,,PRODUCTO TERMINADO,3.00,"93,700.00",0.00,"93,700.00","17,803.00",0.00,"111,503.00",13.50
31647,GLASEADO PIÑA X 4.5 KG,,PRODUCTO TERMINADO,2.00,"74,800.00",0.00,"74,800.00","14,212.00",0.00,"89,012.00",9.00
31648,GLASEADO MORA X 4.5 KG,,PRODUCTO TERMINADO,3.00,"96,800.00",0.00,"96,800.00","18,392.00",0.00,"115,192.00",13.50
31651,GLASEADO CHICLE X KG,,PRODUCTO TERMINADO,21.00,"108,200.00",0.00,"108,200.00","20,558.00",0.00,"128,758.00",21.00
31656,GLASEADO NEUTRO X 4.5 KG,,PRODUCTO TERMINADO,4.00,"118,800.00",0.00,"118,800.00","22,572.00",0.00,"141,372.00",18.00
31660,GLASEADO CHOCOLATE X KG,,PRODUCTO TERMINADO,150.00,"1,199,050.00",0.00,"1,199,050.00","227,819.50",0.00,"1,426,869.50",150.00
31661,GLASEADO CHOCOLATE X 4.5 KG,,PRODUCTO TERMINADO,14.00,"405,000.00",0.00,"405,000.00","76,950.00",0.00,"481,950.00",63.00
319171,GLASEADO CHICLE BAKERMAN X KG,,PRODUCTO TERMINADO,10.00,"57,900.00",,,,,,10.00
31676,GLASEADO UVA X KG,,PRODUCTO TERMINADO,2.00,"10,050.00",0.00,"10,050.00","1,909.50",0.00,"11,959.50",2.00
,,,,,"16,108,792","57,460","28,747,876","5,462,096",0,"34,209,972","3,169"
,,,,,,,,,,,
31657,ANTIMOHO X 25 KG,,PRODUCTO TERMINADO,11.00,"3,234,210.00",,,,,,
,,,,,,,,,,,
31688,POLVO PARA HORNEAR COLSABOR BULTO X 25 KG,,PRODUCTO TERMINADO,1.00,"135,000.00",0.00,"135,000.00","25,650.00",0.00,"160,650.00",
31691,POLVO PARA HORNEAR COLSABOR X KG,,PRODUCTO TERMINADO,188.00,"1,834,250.00",0.00,"1,834,250.00","348,507.50",0.00,"2,182,757.50",
31692,POLVO PARA HORNEAR COLSABOR X 2.5 KG,,PRODUCTO TERMINADO,244.00,"6,905,410.00",0.00,"6,905,410.00","1,312,027.90",0.00,"8,217,437.90",
31695,POLVO PARA HORNEAR COLSABOR X LB,,PRODUCTO TERMINADO,10.00,"74,000.00",0.00,"74,000.00","14,060.00",0.00,"88,060.00",
31700,LIMON  SNACKS EN POLVO X KG,,PRODUCTO TERMINADO,2.50,"21,250.00",0.00,"21,250.00","4,037.50",0.00,"25,287.50",
31701,LIMON SNACKS EN POLVO X 25 KG,,PRODUCTO TERMINADO,46.00,"10,292,500.00",0.00,"10,292,500.00","1,955,575.00",0.00,"12,248,075.00",
317105,SABOR EN POLVO LIMON SNACKS SABOR CONCENTRADO X KG,,PRODUCTO TERMINADO,"12,090.00","111,353,600.00",0.00,"111,353,600.00","21,157,184.00",0.00,"132,510,784.00",
317106,LIMON PIMIENTA SNACK,,PRODUCTO TERMINADO,1.00,"14,000.00",0.00,"14,000.00","2,660.00",0.00,"16,660.00",
317108,SABOR CONCENTRADO JENGIBRE GC-369,,PRODUCTO TERMINADO,94.00,"8,687,800.00",0.00,"8,687,800.00","1,650,682.00",0.00,"10,338,482.00",
31715,ACHOCOLATADO EN POLVO X KL,,PRODUCTO TERMINADO,12.00,"655,200.00",0.00,"655,200.00","124,488.00",0.00,"779,688.00",
31724,BARBECUE PICANTE PARA SNACK X KG,,PRODUCTO TERMINADO,1.00,"12,000.00",0.00,"12,000.00","2,280.00",0.00,"14,280.00",
31727,VITAMINA A VEN X KG.,,PRODUCTO TERMINADO,"411,885.43","143,612,310.50",0.00,"143,612,310.50",0.00,0.00,"143,612,310.50",
31790,ESTABILIZANTE LUXURY 410 X KG,,PRODUCTO TERMINADO,"4,064.00","110,781,264.00",0.00,"110,781,264.00","21,048,440.16",0.00,"131,829,704.16",
31792,TOCINETA PARA SNACKS X KG.,,PRODUCTO TERMINADO,1.00,"7,500.00",0.00,"7,500.00","1,425.00",0.00,"8,925.00",
31793,SAL PARA SNACKS X KG.,,PRODUCTO TERMINADO,166.00,"562,450.00",0.00,"562,450.00","106,865.50",0.00,"669,315.50",
31794,SAL ESPECIAL PARA SNACKS X KG,,PRODUCTO TERMINADO,100.00,"420,000.00",0.00,"420,000.00","79,800.00",0.00,"499,800.00",
31803,BREVAS EN ALMIBAR X 4 LT,,PRODUCTO TERMINADO,2.00,"34,000.00",0.00,"34,000.00","6,460.00",0.00,"40,460.00",
318109,GLUCOSA 11:53 BIDON X 40 KG,,PRODUCTO TERMINADO,14.00,"4,900,000.00",0.00,"4,900,000.00","931,000.00",0.00,"5,831,000.00",
318119,ACIDO CITRICO X KG,,PRODUCTO TERMINADO,3.00,"20,300.00",0.00,"20,300.00","3,857.00",0.00,"24,157.00",
31812,GLICERINA X 620 GM,,PRODUCTO TERMINADO,109.00,"966,300.00",0.00,"966,300.00","183,597.00",0.00,"1,149,897.00",
31814,GLUCOSA X LB,,PRODUCTO TERMINADO,158.00,"1,390,473.00",0.00,"1,390,473.00","264,189.87",0.00,"1,654,662.87",
31826,CMC 28 X KL,,PRODUCTO TERMINADO,24.26,"449,300.00",0.00,"449,300.00","85,367.00",0.00,"534,667.00",
31828,GLUCOSA  BALDE X 5 KG,,PRODUCTO TERMINADO,34.00,"1,887,080.00",0.00,"1,887,080.00","358,545.20",0.00,"2,245,625.20",
31833,CMC 28 X LB,,PRODUCTO TERMINADO,70.00,"945,600.00",0.00,"945,600.00","179,664.00",0.00,"1,125,264.00",
31846,GRAGEAS X 1 LB,,PRODUCTO TERMINADO,147.00,"1,213,000.00",0.00,"1,213,000.00","230,470.00",0.00,"1,443,470.00",
31847,GRAGEAS X 3 KG,,PRODUCTO TERMINADO,30.00,"1,202,500.00",0.00,"1,202,500.00","228,475.00",0.00,"1,430,975.00",
31850,ESENCIA CEREZA CAKE X GARRAFA,,PRODUCTO TERMINADO,830.00,"13,966,901.00",0.00,"13,966,901.00","2,653,711.19",0.00,"16,620,612.19",
31851,ESENCIA CEREZA CAKE X 20 LT,,PRODUCTO TERMINADO,"1,368.00","80,483,402.00",0.00,"80,483,402.00","15,291,846.38",0.00,"95,775,248.38",
318522,ESENCIA CEREZA CAKE X 10 LT,,PRODUCTO TERMINADO,308.00,"9,018,874.00",0.00,"9,018,874.00","1,713,586.06",0.00,"10,732,460.06",
318523,ESENCIA CEREZA CAKE X 500 CC,,PRODUCTO TERMINADO,67.00,"366,419.00",0.00,"366,419.00","69,619.61",0.00,"436,038.61",
31853,VAINILLA NEGRA CASERA X 20 LT,,PRODUCTO TERMINADO,18.00,"1,782,000.00",0.00,"1,782,000.00","338,580.00",0.00,"2,120,580.00",
31855,GLICERINA GARRAFA X 5 KG,,PRODUCTO TERMINADO,21.00,"1,023,800.00",0.00,"1,023,800.00","194,522.00",0.00,"1,218,322.00",
31858,ENDULZANTE SUCRALOSA 15X X 350 GMS,,PRODUCTO TERMINADO,31.00,"239,950.00",0.00,"239,950.00","45,590.50",0.00,"285,540.50",
31860,GLICERINA BIDON X 25 KG,,PRODUCTO TERMINADO,1.00,"227,000.00",0.00,"227,000.00","43,130.00",0.00,"270,130.00",
31861,GLUCOSA BIDON X 25 KG,,PRODUCTO TERMINADO,1.00,"285,000.00",0.00,"285,000.00","54,150.00",0.00,"339,150.00",
31863,ESENCIA MOSCATEL CAKE X 10 LT,,PRODUCTO TERMINADO,28.00,"831,200.00",0.00,"831,200.00","157,928.00",0.00,"989,128.00",
318630,ESENCIA MOSCATEL CAKE X 500 CC,,PRODUCTO TERMINADO,13.00,"60,450.00",0.00,"60,450.00","11,485.50",0.00,"71,935.50",
318632,ESENCIA CAFE CAKE X 20 LT,,PRODUCTO TERMINADO,7.00,"721,000.00",0.00,"721,000.00","136,990.00",0.00,"857,990.00",
318950,ESENCIA MOSCATEL CAKE X 4 LT,,PRODUCTO TERMINADO,89.00,"1,511,606.00",0.00,"1,511,606.00","287,205.14",0.00,"1,798,811.14",
318952,ESENCIA MOSCATEL CAKE X 20 LT,,PRODUCTO TERMINADO,65.00,"3,425,600.00",0.00,"3,425,600.00","650,864.00",0.00,"4,076,464.00",
318972,ESENCIA MOSCATEL CAKE CONCENTRADO X 20 LTS,,PRODUCTO TERMINADO,33.00,"2,016,200.00",0.00,"2,016,200.00","383,078.00",0.00,"2,399,278.00",
31912,AROMA MENTA MA-593,,PRODUCTO TERMINADO,5.00,"947,500.00",0.00,"947,500.00","180,025.00",0.00,"1,127,525.00",
,,,,,,0.00,"57,900.00","11,001.00",0.00,"68,901.00",
31922,UVA AROMA GA-554 DA,,PRODUCTO TERMINADO,20.00,"1,727,000.00","23,125.00","1,703,875.00","323,736.25",0.00,"2,027,611.25",
31923,CEREZA AROMA CA-311 DA,,PRODUCTO TERMINADO,10.00,"600,000.00",0.00,"600,000.00","114,000.00",0.00,"714,000.00",
31927,LAVANDA AROMA LA-530,,PRODUCTO TERMINADO,60.00,"2,700,000.00",0.00,"2,700,000.00","513,000.00",0.00,"3,213,000.00",
31930,LIMON AROMA LA 529 X KG,,PRODUCTO TERMINADO,22.00,"1,498,200.00",0.00,"1,498,200.00","284,658.00",0.00,"1,782,858.00",
31931,COCO AROMA CA-640,,PRODUCTO TERMINADO,34.00,"1,783,750.00",0.00,"1,783,750.00","338,912.50",0.00,"2,122,662.50",
32000,ESENCIA MISSFLAVOR BANANO X 3850 CC,,PRODUCTO TERMINADO,339.00,"7,371,800.00",0.00,"7,371,800.00","1,400,642.00",0.00,"8,772,442.00",
32002,ESENCIA MISSFLAVOR MANTECADO X 3850 CC,,PRODUCTO TERMINADO,9.00,"198,100.00",0.00,"198,100.00","37,639.00",0.00,"235,739.00",
32003,ESENCIA MISSFLAVOR MARGARINA X 3850 CC,,PRODUCTO TERMINADO,7.00,"156,000.00",0.00,"156,000.00","29,640.00",0.00,"185,640.00",
32007,ESENCIA MISSFLAVOR MANTEQUILLA X 3850 CC,,PRODUCTO TERMINADO,"1,814.00","38,996,800.00",0.00,"38,996,800.00","7,409,392.00",0.00,"46,406,192.00",
32008,ESENCIA MISSFLAVOR CANELA X 3850 CC.,,PRODUCTO TERMINADO,168.00,"3,618,250.00",0.00,"3,618,250.00","687,467.50",0.00,"4,305,717.50",
32011,ESENCIA MISSFLAVOR PIÑA X 3850 CC,,PRODUCTO TERMINADO,39.00,"859,650.00",0.00,"859,650.00","163,333.50",0.00,"1,022,983.50",
32104,ESENCIA MISSFLAVOR QUESO X 500 CC,,PRODUCTO TERMINADO,65.00,"243,850.00",0.00,"243,850.00","46,331.50",0.00,"290,181.50",
32105,ESENCIA MISSFLAVOR VAINILLA BLANCA X 500 CC,,PRODUCTO TERMINADO,263.00,"1,001,000.00",0.00,"1,001,000.00","190,190.00",0.00,"1,191,190.00",
32111,ESENCIA MISSFLAVOR PIÑA X 500 CC,,PRODUCTO TERMINADO,5.00,"18,400.00",0.00,"18,400.00","3,496.00",0.00,"21,896.00",
32200,ESENCIA MISSFLAVOR AREQUIPE X 20 LTS,,PRODUCTO TERMINADO,31.00,"2,860,800.00",0.00,"2,860,800.00","543,552.00",0.00,"3,404,352.00",
32201,ESENCIA MISSFLAVOR BANANO X 20 LT,,PRODUCTO TERMINADO,2.00,"178,000.00",0.00,"178,000.00","33,820.00",0.00,"211,820.00",
32203,ESENCIA MISSFLAVOR VAINILLA NEGRA X 20 LT,,PRODUCTO TERMINADO,10.00,"906,000.00",0.00,"906,000.00","172,140.00",0.00,"1,078,140.00",
32205,ESENCIA MISSFLAVOR QUESO X 20 LT,,PRODUCTO TERMINADO,2.00,"178,000.00",0.00,"178,000.00","33,820.00",0.00,"211,820.00",
32206,ESENCIA MISSFLAVOR NARANJA X 20 LTS,,PRODUCTO TERMINADO,15.00,"1,335,000.00",0.00,"1,335,000.00","253,650.00",0.00,"1,588,650.00",
32207,ESENCIA MISSFLAVOR VAINILLA BLANCA X 20 LT,,PRODUCTO TERMINADO,47.00,"4,298,400.00",0.00,"4,298,400.00","816,696.00",0.00,"5,115,096.00",
32208,ESENCIA MISSFLAVOR MANTEQUILLA X 20 LT,,PRODUCTO TERMINADO,942.00,"85,532,460.00",0.00,"85,532,460.00","16,251,167.40",0.00,"101,783,627.40",
32209,ESENCIA MISSFLAVOR CANELA X 20 LTS.,,PRODUCTO TERMINADO,3.00,"282,178.00",0.00,"282,178.00","53,613.82",0.00,"335,791.82",
32211,ESENCIA MISSFLAVOR AREQUIPE X 3850 CC,,PRODUCTO TERMINADO,"1,171.00","25,366,850.00",0.00,"25,366,850.00","4,819,701.50",0.00,"30,186,551.50",
32212,ESENCIA MISSFLAVOR COCO X 20 LTS.,,PRODUCTO TERMINADO,29.00,"2,629,600.00",0.00,"2,629,600.00","499,624.00",0.00,"3,129,224.00",
32604,ESENCIA MISSFLAVOR MANTEQUILLA X 10 LTS.,,PRODUCTO TERMINADO,63.00,"3,381,400.00",0.00,"3,381,400.00","642,466.00",0.00,"4,023,866.00",
32610,ESENCIA COLSABOR LIMON X 10 LTS,,PRODUCTO TERMINADO,1.00,"75,000.00",0.00,"75,000.00","14,250.00",0.00,"89,250.00",
32611,ESENCIA COLSABOR NATA X 10 LTS,,PRODUCTO TERMINADO,2.00,"105,000.00",0.00,"105,000.00","19,950.00",0.00,"124,950.00",
,,,,,,,,,,,
,,,,,,,,,,,
,,,,,,0.00,"85,422.00","16,230.18",0.00,"101,652.18",
,,,,,,0.00,"354,100.00","67,279.00",0.00,"421,379.00",
,,,,,,,,,,,
,,,,,,,,,,,
32801,JARABE DE CEREZA X KG.,,PRODUCTO TERMINADO,75.00,"632,550.00",0.00,"632,550.00","120,184.50",0.00,"752,734.50",
32803,JARABE DE LIMON X KG.,,PRODUCTO TERMINADO,11.00,"88,750.00",0.00,"88,750.00","16,862.50",0.00,"105,612.50",
32805,JARABE DE MANDARINA X KG.,,PRODUCTO TERMINADO,10.50,"86,125.00",0.00,"86,125.00","16,363.75",0.00,"102,488.75",
32806,JARABE DE UVA X KG,,PRODUCTO TERMINADO,10.00,"83,500.00",0.00,"83,500.00","15,865.00",0.00,"99,365.00",
32807,JARABE DE PIÑA X KG,,PRODUCTO TERMINADO,10.00,"83,500.00",0.00,"83,500.00","15,865.00",0.00,"99,365.00",
32808,JARABE DE FRUTOS ROJOS X KG,,PRODUCTO TERMINADO,60.00,"501,000.00",0.00,"501,000.00","95,190.00",0.00,"596,190.00",
32809,JARABE DE MANGO BICHE X KG,,PRODUCTO TERMINADO,81.00,"675,500.00",0.00,"675,500.00","128,345.00",0.00,"803,845.00",
32810,JARABE DE MARACUYA X KG,,PRODUCTO TERMINADO,80.00,"668,000.00",0.00,"668,000.00","126,920.00",0.00,"794,920.00",
32812,JARABE DE CHICLE X KG,,PRODUCTO TERMINADO,112.00,"930,600.00",0.00,"930,600.00","176,814.00",0.00,"1,107,414.00",
32813,JARABE DE FRESA X KG,,PRODUCTO TERMINADO,50.00,"417,500.00",0.00,"417,500.00","79,325.00",0.00,"496,825.00",
32814,JARABE DE MORA X KG,,PRODUCTO TERMINADO,10.00,"83,500.00",0.00,"83,500.00","15,865.00",0.00,"99,365.00",
32816,JARABE DE SANDIA X KG,,PRODUCTO TERMINADO,40.00,"334,000.00",0.00,"334,000.00","63,460.00",0.00,"397,460.00",
32817,JARABE DE MANZANA VERDE X KG,,PRODUCTO TERMINADO,10.00,"83,500.00",0.00,"83,500.00","15,865.00",0.00,"99,365.00",
32818,JARABE DE KOLA ROJA X KG.,,PRODUCTO TERMINADO,91.00,"758,000.00",0.00,"758,000.00","144,020.00",0.00,"902,020.00",
32819,JARABE DE TUTTI FRUTTI X KG.,,PRODUCTO TERMINADO,10.00,"83,500.00",0.00,"83,500.00","15,865.00",0.00,"99,365.00",
32826G,JARABE NEUTRO GRANISABOR 70 X KG,,PRODUCTO TERMINADO,2.00,"15,800.00",0.00,"15,800.00","3,002.00",0.00,"18,802.00",
35102,ESENCIA MISSFLAVOR VAINILLA BLANCA X 3850 CC,,PRODUCTO TERMINADO,"1,861.00","40,273,000.00",0.00,"40,273,000.00","7,651,870.00",0.00,"47,924,870.00",
35103,ESENCIA MISSFLAVOR COCO X 3850 CC,,PRODUCTO TERMINADO,560.00,"11,950,620.00",0.00,"11,950,620.00","2,270,617.80",0.00,"14,221,237.80",
35107,ESENCIA MISSFLAVOR PONQUE X 3850 CC,,PRODUCTO TERMINADO,166.00,"3,540,000.00",0.00,"3,540,000.00","672,600.00",0.00,"4,212,600.00",
35108,ESENCIA MISSFLAVOR QUESO X 3850 CC,,PRODUCTO TERMINADO,278.00,"5,955,450.00",0.00,"5,955,450.00","1,131,535.50",0.00,"7,086,985.50",
35109,ESENCIA MISSFLAVOR RON CON PASAS X 3850 CC,,PRODUCTO TERMINADO,43.00,"930,050.00",0.00,"930,050.00","176,709.50",0.00,"1,106,759.50",
35110,ESENCIA MISSFLAVOR NARANJA X 3850 CC,,PRODUCTO TERMINADO,301.00,"6,558,550.00",0.00,"6,558,550.00","1,246,124.50",0.00,"7,804,674.50",
35112,ESENCIA MISSFLAVOR VAINILLA NEGRA X 3850 CC,,PRODUCTO TERMINADO,166.00,"3,581,350.00",0.00,"3,581,350.00","680,456.50",0.00,"4,261,806.50",
35201,ESENCIA MISSFLAVOR MANTEQUILLA X 500 CC,,PRODUCTO TERMINADO,188.00,"711,300.00",0.00,"711,300.00","135,147.00",0.00,"846,447.00",
35203,ESENCIA MISSFLAVOR COCO X 500 CC,,PRODUCTO TERMINADO,64.00,"260,900.00",0.00,"260,900.00","49,571.00",0.00,"310,471.00",
35204,ESENCIA MISSFLAVOR BANANO X 500 CC,,PRODUCTO TERMINADO,47.00,"208,300.00",0.00,"208,300.00","39,577.00",0.00,"247,877.00",
35205,ESENCIA MISSFLAVOR AREQUIPE X 500 CC,,PRODUCTO TERMINADO,74.00,"310,950.00",0.00,"310,950.00","59,080.50",0.00,"370,030.50",
35206,ESENCIA MISSFLAVOR PONQUE X 500 CC,,PRODUCTO TERMINADO,21.00,"83,900.00",0.00,"83,900.00","15,941.00",0.00,"99,841.00",
35207,ESENCIA MISSFLAVOR NARANJA X 500 CC,,PRODUCTO TERMINADO,77.00,"298,800.00",0.00,"298,800.00","56,772.00",0.00,"355,572.00",
35208,ESENCIA MISSFLAVOR VAINILLA NEGRA X 500 CC,,PRODUCTO TERMINADO,30.00,"113,650.00",0.00,"113,650.00","21,593.50",0.00,"135,243.50",
35209,ESENCIA MISSFLAVOR CANELA X 500 CC,,PRODUCTO TERMINADO,49.00,"184,400.00",0.00,"184,400.00","35,036.00",0.00,"219,436.00",
35210,ESENCIA MISSFLAVOR RON CON PASAS X 500 CC,,PRODUCTO TERMINADO,30.00,"112,800.00",0.00,"112,800.00","21,432.00",0.00,"134,232.00",
401189,ANTIMOHO X KL,,MATERIAS PRIMAS,29.50,"284,550.00",0.00,"284,550.00","54,064.50",0.00,"338,614.50",
406014,SABOR CONCENTRADO CARAMELO CF-225 X KL,,PRODUCTO EN PROCESO,0.03,"8,400.00",0.00,"8,400.00","1,596.00",0.00,"9,996.00",
406015,SABOR CONCENTRADO CEBOLLA OC-615 X KL,,PRODUCTO EN PROCESO,0.10,"12,670.00",0.00,"12,670.00","2,407.30",0.00,"15,077.30",
406049,SABOR CONCENTRADO LECHE CONDENSADA LF-202 X KL,,PRODUCTO EN PROCESO,1.00,"65,100.00",0.00,"65,100.00","12,369.00",0.00,"77,469.00",
406055,SABOR CONCENTRADO MANGO BICHE MF-295 X KL,,PRODUCTO EN PROCESO,0.24,"10,500.00",0.00,"10,500.00","1,995.00",0.00,"12,495.00",
406083,SABOR CONCENTRADO CAFE CF-596R,,PRODUCTO EN PROCESO,0.03,"8,400.00",0.00,"8,400.00","1,596.00",0.00,"9,996.00",
406090,SABOR CONCENTRADO PIÑA PF-250T X KL,,PRODUCTO EN PROCESO,0.06,"16,800.00",0.00,"16,800.00","3,192.00",0.00,"19,992.00",
406092,SABOR CONCENTRADO PIÑA COLADA PF-257 X KL,,PRODUCTO EN PROCESO,0.06,"16,800.00",0.00,"16,800.00","3,192.00",0.00,"19,992.00",
406100,SABOR CONCENTRADO RON RF-400 X KL,,PRODUCTO EN PROCESO,0.06,"16,800.00",0.00,"16,800.00","3,192.00",0.00,"19,992.00",
406145,SABOR CONCENTRADO AREQUIPE AF-208 X KL,,PRODUCTO EN PROCESO,0.53,"36,800.00",0.00,"36,800.00","6,992.00",0.00,"43,792.00",
406173,SABOR CONCENTRADO CREMA DE WHISKEY WF-373 X KL,,PRODUCTO EN PROCESO,0.06,"16,800.00",0.00,"16,800.00","3,192.00",0.00,"19,992.00",
406174,SABOR CONCENTRADO FRESA SF-350 X KL,,PRODUCTO EN PROCESO,1.50,"52,500.00",0.00,"52,500.00","9,975.00",0.00,"62,475.00",
406175,SABOR CONCENTRADO FRESA NI GC-001 X KG.,,PRODUCTO EN PROCESO,0.06,"16,800.00",0.00,"16,800.00","3,192.00",0.00,"19,992.00",
406191,SABOR CONCENTRADO SANDIA WF-608 X KL,,PRODUCTO EN PROCESO,0.06,"16,800.00",0.00,"16,800.00","3,192.00",0.00,"19,992.00",
406194,SABOR CONCENTRADO SANDIA WF-608T X KL,,PRODUCTO EN PROCESO,0.03,"8,400.00",0.00,"8,400.00","1,596.00",0.00,"9,996.00",
406209,SABOR CONCENTRADO NARANJA OF-584 T X KL,,PRODUCTO EN PROCESO,0.06,"16,800.00",0.00,"16,800.00","3,192.00",0.00,"19,992.00",
406311,SABOR CONCENTRADO MANZANILLA CF-670 X KL,,PRODUCTO EN PROCESO,0.18,"50,400.00",0.00,"50,400.00","9,576.00",0.00,"59,976.00",
40633,SABOR CONCENTRADO LIMON LF-238T,,PRODUCTO EN PROCESO,0.06,"16,800.00",0.00,"16,800.00","3,192.00",0.00,"19,992.00",
40655,SABOR CONCENTRADO HIERBABUENA SF-292T X KG,,PRODUCTO EN PROCESO,0.06,"18,000.00",0.00,"18,000.00","3,420.00",0.00,"21,420.00",
40670,SABOR CONCENTRADO CANELA CF-217DC X KG,,PRODUCTO EN PROCESO,0.03,"8,400.00",0.00,"8,400.00","1,596.00",0.00,"9,996.00",
40676,SABOR CONCENTRADO MORAZUL BF-445T X KL,,PRODUCTO EN PROCESO,0.06,"16,800.00",0.00,"16,800.00","3,192.00",0.00,"19,992.00",
407005,SABOR TRIX BANANO X KL,,PRODUCTO EN PROCESO,0.03,"8,400.00",0.00,"8,400.00","1,596.00",0.00,"9,996.00",
407022,SABOR TRIX CHOCOLATE X KL,,PRODUCTO EN PROCESO,0.25,"13,925.00",0.00,"13,925.00","2,645.75",0.00,"16,570.75",
407086,SABOR TRIX MILO X KG,,PRODUCTO EN PROCESO,0.08,"8,480.00",0.00,"8,480.00","1,611.20",0.00,"10,091.20",
409009,SABOR POLVO STAND CEBOLLA X KL,,PRODUCTO EN PROCESO,0.10,"8,400.00",0.00,"8,400.00","1,596.00",0.00,"9,996.00",
409089,SABOR POLVO STAND FRESA SIN COLOR X KL,,PRODUCTO EN PROCESO,7.00,"168,000.00",0.00,"168,000.00","31,920.00",0.00,"199,920.00",
409101,SABOR POLVO STAND LIMON JENGIBRE X KL,,PRODUCTO EN PROCESO,0.03,"8,403.60",0.00,"8,403.60","1,596.68",0.00,"10,000.28",
411049,COLOR CHOCOLATE PARDO PURO X KL,,PRODUCTO EN PROCESO,0.05,0.05,0.00,0.05,0.01,0.00,0.06,
41600,JARABE NEUTRO X KG,,PRODUCTO EN PROCESO,2.00,"12,400.00",0.00,"12,400.00","2,356.00",0.00,"14,756.00",
41616G,ESENCIA GRANIZADO SANDIA X KG,,PRODUCTO EN PROCESO,20.00,"220,000.00",0.00,"220,000.00","41,800.00",0.00,"261,800.00",
101202R,R202R,,MATERIAS PRIMAS,500.00,"42,950.00",0.00,"42,950.00","8,160.50",0.00,"51,110.50",
30348,ESENCIA COLSABOR TRES LECHE X 500 CC,,PRODUCTO TERMINADO,117.00,"645,170.00",0.00,"645,170.00","122,582.30",0.00,"767,752.30",
30481,ESENCIA COLSABOR TRES LECHE X 70 CC,,PRODUCTO TERMINADO,51.00,"116,850.00","14,994.00","101,856.00","19,352.64",0.00,"121,208.64",
30281,ESENCIA COLSABOR TRES LECHES X 3850 CC,,PRODUCTO TERMINADO,43.00,"1,622,700.00",0.00,"1,622,700.00","308,313.00",0.00,"1,931,013.00",
311283,SABOR CONCENTRADO TROPICAL TF-656,,PRODUCTO TERMINADO,21.00,"1,106,700.00",0.00,"1,106,700.00","210,273.00",0.00,"1,316,973.00",
311285,SABOR CONCENTRADO COCO CF-420RT X KG,,PRODUCTO TERMINADO,35.00,"2,100,000.00",0.00,"2,100,000.00","399,000.00",0.00,"2,499,000.00",
311286,SABOR CONCENTRADO MAYONESA MF-665R X KL,,PRODUCTO TERMINADO,1.00,"28,500.00",0.00,"28,500.00","5,415.00",0.00,"33,915.00",
311287,SABOR CONCENTRADO MENTAPIPERITA MF-343A X KG,,PRODUCTO TERMINADO,"2,297.20","167,794,800.00","375,000.00","167,419,800.00","31,809,762.00",0.00,"199,229,562.00",
315259,COLOR AZUL CLARO LIQUIDO X 80 GR,,PRODUCTO TERMINADO,3.00,"12,600.00",0.00,"12,600.00","2,394.00",0.00,"14,994.00",
315262,COLOR AMARILLO HUEVO X 14 CC,,PRODUCTO TERMINADO,100.00,"149,000.00",0.00,"149,000.00","28,310.00",0.00,"177,310.00",
315263,COLOR VERDE MANZANA X 14 CC,,PRODUCTO TERMINADO,2.00,"1,900.00",0.00,"1,900.00",361.00,0.00,"2,261.00",
32250,ESENCIA MISSFLAVOR BANANO X 1 LT,,PRODUCTO TERMINADO,4.00,"21,000.00",0.00,"21,000.00","3,990.00",0.00,"24,990.00",
32251,ESENCIA MISSFLAVOR AREQUIPE X 1 LT,,PRODUCTO TERMINADO,5.00,"27,950.00",0.00,"27,950.00","5,310.50",0.00,"33,260.50",
32252,ESENCIA MISSFLAVOR COCO X 1 LT,,PRODUCTO TERMINADO,5.00,"28,200.00",0.00,"28,200.00","5,358.00",0.00,"33,558.00",
32254,ESENCIA MISSFLAVOR RON CON PASAS X 1 LT,,PRODUCTO TERMINADO,6.00,"32,800.00",0.00,"32,800.00","6,232.00",0.00,"39,032.00",
32256,ESENCIA MISSFLAVOR VAINILLA BLANCA X 1 LT,,PRODUCTO TERMINADO,2.00,"14,400.00",0.00,"14,400.00","2,736.00",0.00,"17,136.00",
32257,ESENCIA MISSFLAVOR PONQUE 1 LT,,PRODUCTO TERMINADO,6.00,"32,800.00",0.00,"32,800.00","6,232.00",0.00,"39,032.00",
34001,ESENCIA BAKERMAN VAINILLA BLANCA X 1 LTS,,PRODUCTO TERMINADO,888.00,"10,156,500.00",0.00,"10,156,500.00","1,929,735.00",0.00,"12,086,235.00",
101260,R260,,MATERIAS PRIMAS,"1,000.00","199,000.00",0.00,"199,000.00","37,810.00",0.00,"236,810.00",
30902,ESENCIA BAKERMAN AREQUIPE X 500 CC,,PRODUCTO TERMINADO,55.00,"233,900.00",0.00,"233,900.00","44,441.00",0.00,"278,341.00",
30203,ESENCIA COLSABOR AREQUIPE X 3850 CC,,PRODUCTO TERMINADO,36.00,"1,280,000.00",0.00,"1,280,000.00","243,200.00",0.00,"1,523,200.00",
30233,ESENCIA COLSABOR NARANJA X 3850 CC,,PRODUCTO TERMINADO,45.00,"1,793,900.00",0.00,"1,793,900.00","340,841.00",0.00,"2,134,741.00",
32501,FLETE A LIQUIDAR,,SERVICIOS,103.00,"3,262,439.00",0.00,"3,262,439.00",0.00,0.00,"3,262,439.00",
31496,SABOR POLVO STAND COOKIES AND CREAM,KG,PRODUCTO TERMINADO,63.00,"1,693,000.00",0.00,"1,693,000.00","321,670.00",0.00,"2,014,670.00",
32612,ESENCIA MISSFLAVOR CANELA X 10 LTS.,,PRODUCTO TERMINADO,4.00,"199,000.00",0.00,"199,000.00","37,810.00",0.00,"236,810.00",
32613,ESENCIA MISSFLAVOR PONQUE X 10 LTS.,,PRODUCTO TERMINADO,2.00,"110,000.00",0.00,"110,000.00","20,900.00",0.00,"130,900.00",
30130,ESENCIA COLSABOR MARACUYA X 20 LTS,,PRODUCTO TERMINADO,1.00,"240,000.00",0.00,"240,000.00","45,600.00",0.00,"285,600.00",
315200,COLOR VERDE MANZANA X 80 GR,,PRODUCTO TERMINADO,2.00,"11,250.00",0.00,"11,250.00","2,137.50",0.00,"13,387.50",
32260,ESENCIA MISSFLAVOR MANQUILLA X 1 LT,,PRODUCTO TERMINADO,3.00,"19,500.00",0.00,"19,500.00","3,705.00",0.00,"23,205.00",
317109,SABOR CONCENTRADO PISTACHO PF-659 ,,PRODUCTO TERMINADO,1.00,"84,500.00",0.00,"84,500.00","16,055.00",0.00,"100,555.00",
32615,ESENCIA MISSFLAVOR NARANJA X 10LTS,,PRODUCTO TERMINADO,5.00,"221,150.00",0.00,"221,150.00","42,018.50",0.00,"263,168.50",
315270,COLOR AZUL GEL X 80 GR,,PRODUCTO TERMINADO,5.00,"21,800.00",0.00,"21,800.00","4,142.00",0.00,"25,942.00",
315271,COLOR AMARILLO GEL X 80,,PRODUCTO TERMINADO,3.00,"12,600.00",0.00,"12,600.00","2,394.00",0.00,"14,994.00",
315272,COLOR NARANJA GEL X 80,,PRODUCTO TERMINADO,2.00,"8,400.00",0.00,"8,400.00","1,596.00",0.00,"9,996.00",
31285,SABOR TRIX VAINILLA Z,,PRODUCTO TERMINADO,305.00,"12,053,100.00",0.00,"12,053,100.00","2,290,089.00",0.00,"14,343,189.00",
315273,COLOR ROJO GEL X 80,,PRODUCTO TERMINADO,12.00,"52,400.00",0.00,"52,400.00","9,956.00",0.00,"62,356.00",
315274,COLOR ROSADO 2 GEL X 80,,PRODUCTO TERMINADO,5.00,"24,300.00",0.00,"24,300.00","4,617.00",0.00,"28,917.00",
315280,COLOR TERRACOTA GOTERO X 14 GR,,PRODUCTO TERMINADO,50.00,"74,500.00",0.00,"74,500.00","14,155.00",0.00,"88,655.00",
315275,COLOR NEGRO GEL X 80,,PRODUCTO TERMINADO,7.00,"32,600.00",0.00,"32,600.00","6,194.00",0.00,"38,794.00",
31354,SABOR GRITZ CLAVO CANELA,,PRODUCTO TERMINADO,30.00,"1,435,200.00",0.00,"1,435,200.00","272,688.00",0.00,"1,707,888.00",
320001,ESENCIA COLSABOR VAINILLA BLANCA Z X 70 CC,,PRODUCTO TERMINADO,"16,845.00","34,378,510.00","44,268.00","34,334,242.00","6,523,505.98",0.00,"40,857,747.98",
320002,ESENCIA COLSABOR VAINILLA BLANCA Z X 500 CC,,PRODUCTO TERMINADO,"5,138.00","40,052,924.00","68,306.00","39,984,618.00","7,597,077.42",0.00,"47,581,695.42",
320003,ESENCIA COLSABOR VAINILLA BLANCA Z X 3850 CC,,PRODUCTO TERMINADO,231.00,"12,084,000.00",0.00,"12,084,000.00","2,295,960.00",0.00,"14,379,960.00",
320004,ESENCIA COLSABOR VAINILLA BLANCA Z X 10 LT,,PRODUCTO TERMINADO,9.00,"1,033,000.00",0.00,"1,033,000.00","196,270.00",0.00,"1,229,270.00",
320005,ESENCIA COLSABOR VAINILLA BLANCA Z X 20 LT,,PRODUCTO TERMINADO,152.00,"41,872,100.00","1,216,000.00","40,656,100.00","7,724,659.00",0.00,"48,380,759.00",
320011,ESENCIA COLSABOR VAINILLA NEGRA Z X 70 CC,,PRODUCTO TERMINADO,"7,351.00","15,105,359.00","103,887.00","15,001,472.00","2,850,279.68",0.00,"17,851,751.68",
320012,ESENCIA COLSABOR VAINILLA NEGRA Z X 500 CC,,PRODUCTO TERMINADO,"1,846.00","14,857,095.00","168,266.00","14,688,829.00","2,790,877.51",0.00,"17,479,706.51",
320013,ESENCIA COLSABOR VAINILLA NEGRA Z X 3850CC,,PRODUCTO TERMINADO,100.00,"5,478,901.00",0.00,"5,478,901.00","1,040,991.19",0.00,"6,519,892.19",
320015,ESENCIA COLSABOR VAINILLA NEGRA Z X 20 LT,,PRODUCTO TERMINADO,67.00,"14,696,700.00",0.00,"14,696,700.00","2,792,373.00",0.00,"17,489,073.00",
320021,ESENCIA BAKERMAN VAINILLA BLANCA Z X 500 CC,,PRODUCTO TERMINADO,105.00,"505,320.00",0.00,"505,320.00","96,010.80",0.00,"601,330.80",
320023,ESENCIA BAKERMAN VAINILLA NEGRA Z X 500 CC,,PRODUCTO TERMINADO,57.00,"269,550.00",0.00,"269,550.00","51,214.50",0.00,"320,764.50",
320025,ESENCIA BAKERMAN VAINILLA BLANCA Z X 3850 CC,,PRODUCTO TERMINADO,170.00,"4,867,800.00",0.00,"4,867,800.00","924,882.00",0.00,"5,792,682.00",
320027,ESENCIA BAKERMAN VAINILLA NEGRA Z X 3850 CC,,PRODUCTO TERMINADO,25.00,"711,400.00",0.00,"711,400.00","135,166.00",0.00,"846,566.00",
320029,ESENCIA BAKERMAN VAINILLA BLANCA Z X 10 LT,,PRODUCTO TERMINADO,11.00,"716,950.00",0.00,"716,950.00","136,220.50",0.00,"853,170.50",
320031,ESENCIA BAKERMAN VAINILLA NEGRA Z X 10 LT,,PRODUCTO TERMINADO,4.00,"333,950.00",0.00,"333,950.00","63,450.50",0.00,"397,400.50",
320033,ESENCIA BAKERMAN VAINILLA BLANCA Z X 20 LT,,PRODUCTO TERMINADO,21.00,"3,683,300.00",0.00,"3,683,300.00","699,827.00",0.00,"4,383,127.00",
320035,ESENCIA BAKERMAN VAINILLA NEGRA Z X 20 LT,,PRODUCTO TERMINADO,106.00,"18,925,150.00",0.00,"18,925,150.00","3,595,778.50",0.00,"22,520,928.50",
320037,SABOR CONCENTRADO VAINILEO VF-275R Z,,PRODUCTO TERMINADO,533.00,"28,531,900.00","4,174,200.00","24,357,700.00","4,627,963.00",0.00,"28,985,663.00",
320038,SABOR CONCENTRADO VAINILEO VF-275 RDC Z,,PRODUCTO TERMINADO,852.00,"53,885,000.00","30,950.00","53,854,050.00","10,232,269.50",0.00,"64,086,319.50",
420011,SABOR CONCENTRADO VAINILLA VF-308 Z X KL,,PRODUCTO EN PROCESO,0.03,"8,400.00",0.00,"8,400.00","1,596.00",0.00,"9,996.00",
320039,SABOR CONCENTRADO VAINILLA VF-308 Z,,PRODUCTO TERMINADO,"1,380.00","44,085,400.00","149,475.00","43,935,925.00","8,347,825.75",0.00,"52,283,750.75",
320040,SABOR CONCENTRADO VAINILLA VF-308T Z,,PRODUCTO TERMINADO,5.00,"229,400.00",0.00,"229,400.00","43,586.00",0.00,"272,986.00",
320041,SABOR CONCENTRADO VAINILLA VF-417 Z,,PRODUCTO TERMINADO,"1,364.00","43,682,400.00","4,352,000.00","39,330,400.00","7,472,776.00",0.00,"46,803,176.00",
311214,SABOR CONCENTRADO SANDIA WF-608 T,,PRODUCTO TERMINADO,2.50,"99,600.00",0.00,"99,600.00","18,924.00",0.00,"118,524.00",
10603,SNOW FLAKE BAKERMAN,,MATERIAS PRIMAS,"144,000.00","2,781,500.00",0.00,"2,781,500.00","528,485.00",0.00,"3,309,985.00",
41320,CAFE AROMA CA-519 X KG,,PRODUCTO EN PROCESO,1.00,"21,000.00",0.00,"21,000.00","3,990.00",0.00,"24,990.00",
311237,SABOR CONCENTRADO FRUTOS ROJOS RF-402 COLOR X KG,,PRODUCTO EN PROCESO,520.00,"26,884,000.00",0.00,"26,884,000.00","5,107,960.00",0.00,"31,991,960.00",
311115,VAINILLA VF-236T,,PRODUCTO TERMINADO,4.00,"215,600.00",0.00,"215,600.00","40,964.00",0.00,"256,564.00",
32827,JARABE DE MORAZUL X KG.,,PRODUCTO TERMINADO,1.00,"6,500.00",0.00,"6,500.00","1,235.00",0.00,"7,735.00",
32101,ESENCIA MISSFLAVOR MANTECADO X 500 CC,,PRODUCTO TERMINADO,5.00,"18,600.00",0.00,"18,600.00","3,534.00",0.00,"22,134.00",
315107,COLOR CHOCOLATE LIQUIDO X 14 G.,,PRODUCTO TERMINADO,61.00,"93,100.00",0.00,"93,100.00","17,689.00",0.00,"110,789.00",
315279,COLOR CAFE GEL X 80 CC,,PRODUCTO TERMINADO,2.00,"9,300.00",0.00,"9,300.00","1,767.00",0.00,"11,067.00",
30275,ESENCIA COLSABOR CHOCOLO X 3850 CC,,PRODUCTO TERMINADO,9.00,"467,450.00",0.00,"467,450.00","88,815.50",0.00,"556,265.50",
30482,ESENCIA COLSABOR CHOCOLO X 70 CC,,PRODUCTO TERMINADO,6.00,"8,600.00",0.00,"8,600.00","1,634.00",0.00,"10,234.00",
32258,ESENCIA MISSFLAVOR CANELA X 1 LT.,,PRODUCTO TERMINADO,2.00,"10,700.00",0.00,"10,700.00","2,033.00",0.00,"12,733.00",
32561,NARANJA MISSFLAVOR X 1 LT,,PRODUCTO TERMINADO,2.00,"11,100.00",0.00,"11,100.00","2,109.00",0.00,"13,209.00",
315251,COLOR VERDE LIMON GEL X 80 GR,,PRODUCTO TERMINADO,1.00,"4,200.00",0.00,"4,200.00",798.00,0.00,"4,998.00",
31865,ENDULZANTE SACARIN 15X KG.,,PRODUCTO TERMINADO,500.00,"4,548,000.00",0.00,"4,548,000.00","864,120.00",0.00,"5,412,120.00",
320016,ESENCIA COLSABOR VAINILLA BLANCA Z X 1LT.,,PRODUCTO TERMINADO,3.00,"45,600.00",0.00,"45,600.00","8,664.00",0.00,"54,264.00",
311107,TOMATE TC-082,,PRODUCTO TERMINADO,80.00,"5,135,000.00",0.00,"5,135,000.00","975,650.00",0.00,"6,110,650.00",
30368,ESENCIA COLSABOR RED VELVET X 500 CC.,,PRODUCTO TERMINADO,62.00,"337,500.00",0.00,"337,500.00","64,125.00",0.00,"401,625.00",
31007,SABOR CONCENTRADO CEBOLLA OC-615 KG.,,PRODUCTO TERMINADO,28.00,"1,097,600.00",0.00,"1,097,600.00","208,544.00",0.00,"1,306,144.00",
31498,FRUTOS ROJOS POLVO STND SIN COLOR X KG,,PRODUCTO TERMINADO,50.00,"1,195,000.00",0.00,"1,195,000.00","227,050.00",0.00,"1,422,050.00",
31540,COLOR PIEL ECO X KG.,,PRODUCTO TERMINADO,5.00,"75,000.00",0.00,"75,000.00","14,250.00",0.00,"89,250.00",
31854,ESENCIA CEREZA CAKE CONCENTRADA 13% X 20 LTS.,,PRODUCTO TERMINADO,251.00,"15,860,000.00",0.00,"15,860,000.00","3,013,400.00",0.00,"18,873,400.00",
31463,SABOR POLVO STAND QUESO CHEDDAR X KG.,,PRODUCTO TERMINADO,2.00,"32,000.00",0.00,"32,000.00","6,080.00",0.00,"38,080.00",
31431,SABOR POLVO STND UVA CONCOLOR X KG,,PRODUCTO TERMINADO,7.00,"231,700.00",0.00,"231,700.00","44,023.00",0.00,"275,723.00",
30126,ESENCIA COLSABOR GALLETA NEGRA X 25 KG.,,PRODUCTO TERMINADO,135.00,"10,219,700.00",0.00,"10,219,700.00","1,941,743.00",0.00,"12,161,443.00",
31730,SAL BAJA EN SODIO 40/77 X KG.,,PRODUCTO TERMINADO,1.00,"19,000.00",0.00,"19,000.00","3,610.00",0.00,"22,610.00",
31703,LIMON PARA SNACKS NATURAL X KG.,,PRODUCTO TERMINADO,7.00,"119,000.00",0.00,"119,000.00",0.00,0.00,"119,000.00",
311288,SABOR CONCENTRADO VAINILLA BANANO VF-699 X KG,,PRODUCTO TERMINADO,120.00,"3,924,000.00",0.00,"3,924,000.00","745,560.00",0.00,"4,669,560.00",
31866,ENDULZANTE ESTEVIA 15X X KG,,PRODUCTO TERMINADO,25.00,"945,000.00",0.00,"945,000.00","179,550.00",0.00,"1,124,550.00",
31404,SABOR POLVO ESTAND VAINILLA BANANO X KG.,,PRODUCTO TERMINADO,17.00,"368,900.00",0.00,"368,900.00","70,091.00",0.00,"438,991.00",
30256,ESENCIA COLSABOR RED VELVET X 3.850 CC.,,PRODUCTO TERMINADO,2.00,"73,000.00",0.00,"73,000.00","13,870.00",0.00,"86,870.00",
311158,SABOR CONCENTRADO CAFÉ CF-696R X KG.,,PRODUCTO TERMINADO,1.00,"62,000.00",0.00,"62,000.00","11,780.00",0.00,"73,780.00",
315140,COLOR CJOCOLATE PARDO PURO EUROPA X KG.,,PRODUCTO TERMINADO,0.00,0.00,0.00,0.00,0.00,0.00,0.00,
30257,ESENCIA COLSABOR LECHE X 3.850 CC,,PRODUCTO TERMINADO,2.00,"122,000.00",0.00,"122,000.00","23,180.00",0.00,"145,180.00",
311173,SABOR CONCENTRADO COCO CF-222AL X KG.,,PRODUCTO TERMINADO,3.50,"119,700.00",0.00,"119,700.00","22,743.00",0.00,"142,443.00",
31831,ESENCIA CAFE CAKE X 10 LTS,,PRODUCTO TERMINADO,1.00,"105,000.00",0.00,"105,000.00","19,950.00",0.00,"124,950.00",
10426,ROJO #40 LACA X GR.,,MATERIAS PRIMAS,"1,001.00","219,400.00",0.00,"219,400.00","41,686.00",0.00,"261,086.00",
30400,ESENCIA COLSABOR RED VELVET X 70 CC.,,PRODUCTO TERMINADO,309.00,"463,300.00",0.00,"463,300.00","88,027.00",0.00,"551,327.00",
315291,COLOR ROJO CONCENTRADO GEL X 450 CC.,,PRODUCTO TERMINADO,1.00,"22,000.00",0.00,"22,000.00","4,180.00",0.00,"26,180.00",
311201,SABOR CONCENTRADO CEREZA CF-220T X KG.,,PRODUCTO TERMINADO,3.00,"119,400.00",0.00,"119,400.00","22,686.00",0.00,"142,086.00",
31900,LIMON AROMA EN POLVO X KG.,,PRODUCTO TERMINADO,"2,865.00","57,013,500.00",0.00,"57,013,500.00","10,832,565.00","806,945.00","67,039,120.00",
,,,,,,,,,,,
32706,RELLENO DE MELOCOTON ECO X KG.,,PRODUCTO TERMINADO,11.00,"85,422.00",,,,,,11.00
32708,RELLENO DE MELOCOTON ECO X 3.5 KG.,,PRODUCTO TERMINADO,21.00,"354,100.00",,,,,,73.5
32703,RELLENO DE FRESA ECO X 3.5 KG.,,PRODUCTO TERMINADO,141.00,"1,720,800.00",0.00,"1,720,800.00","326,952.00",0.00,"2,047,752.00",493.5
32700,RELLENO DE FRESA ECO X KG.,,PRODUCTO TERMINADO,14.00,"85,400.00",0.00,"85,400.00","16,226.00",0.00,"101,626.00",14.00
32707,RELLENO DE MORA ECO X KG.,,PRODUCTO TERMINADO,6.00,"43,613.00",0.00,"43,613.00","8,286.47",0.00,"51,899.47",6.00
32711,RELLENO DE MORA ECO X 3.5 KG.,,PRODUCTO TERMINADO,44.00,"556,600.00",0.00,"556,600.00","105,754.00",0.00,"662,354.00",154
,,,,,"2,845,935",0,"2,406,413","457,218",0,"2,863,631",752
,,,,TOTAL,"18,954,727","57,460","31,154,289","5,919,315",0,"37,073,604","3,921"
,,,,,,,,,,,
31600,ANTIMOHO X 2.5 KG.,,PRODUCTO TERMINADO,20.00,"964,000.00",,,,,,
,,,,,,,,,,,
311007,SABOR CONCENTRADO MARACUYA PF-447R X KG.,,PRODUCTO TERMINADO,55.50,"4,591,450.00",0.00,"4,591,450.00","872,375.50",0.00,"5,463,825.50",
406025,SABOR CONCENTRADO MARACUYA PF-447R,,PRODUCTO EN PROCESO,1.24,"41,000.24",0.00,"41,000.24","7,790.05",0.00,"48,790.29",
32261,ESENCIA MISSFLAVOR PIÑA X 1 LT,,PRODUCTO TERMINADO,1.00,"5,200.00",0.00,"5,200.00",988.00,0.00,"6,188.00",
30259,ESENCIA COLSABOR MANTEQUILLA DOBLE CONCENTRACIÓN X 3.850 CC,,PRODUCTO TERMINADO,22.00,"1,502,600.00",0.00,"1,502,600.00","285,494.00",0.00,"1,788,094.00",
10623,COLAGENO HIDROLIZADO X GR.,,MATERIAS PRIMAS,"15,000.00","675,000.00",0.00,"675,000.00","128,250.00",0.00,"803,250.00",
311123,SABOR CONCENTRADO CAFÉ CF-596R,,PRODUCTO TERMINADO,6.00,"241,900.00",0.00,"241,900.00","45,961.00",0.00,"287,861.00",
311110,SABOR CONCENTRADO NATURAL HIRBA BUENA SF-292N X KG.,,PRODUCTO TERMINADO,0.00,0.00,0.00,0.00,0.00,0.00,0.00,
30122,ESENCIA COLSABOR MENTA X 20 LTS.,,PRODUCTO TERMINADO,1.00,"105,000.00",0.00,"105,000.00","19,950.00",0.00,"124,950.00",
315160,COLOR VERDE MANZANA ECO X KG.,,PRODUCTO TERMINADO,45.00,"720,000.00",0.00,"720,000.00","136,800.00",0.00,"856,800.00",
10624,PSYLLIUM EN POLVO,,MATERIAS PRIMAS,"2,000.00","90,000.00",0.00,"90,000.00","17,100.00",0.00,"107,100.00",
311131,SABOR CONCENTRADO MENTA MF-430R X KG.,,PRODUCTO TERMINADO,5.00,"438,000.00",0.00,"438,000.00","83,220.00",0.00,"521,220.00",
311137,SABOR CONCENTRADO HIERBA BUENA SF-292T X KG.,,PRODUCTO TERMINADO,11.00,"743,700.00",0.00,"743,700.00","141,303.00",0.00,"885,003.00",
31274,SABOR TRIX MARACUYA X KG,,PRODUCTO TERMINADO,1.00,"35,000.00",0.00,"35,000.00","6,650.00",0.00,"41,650.00",
41601G,ESENCIA GRANIZADO GENERICA X KG.,,PRODUCTO EN PROCESO,11.60,"219,252.30",0.00,"219,252.30","41,657.94",0.00,"260,910.24",
31706,FLAMIN HOT PARA SNACKS X KG.,,PRODUCTO TERMINADO,5.00,"200,000.00",0.00,"200,000.00","38,000.00",0.00,"238,000.00",
32262,ESENCIA MISSFLAVOR NARANJA X 1 LT.,,PRODUCTO TERMINADO,3.00,"14,950.00",0.00,"14,950.00","2,840.50",0.00,"17,790.50",
32263,ESENCIA MISSFLAVOR QUESO X 1 L,,PRODUCTO TERMINADO,1.00,"5,900.00",0.00,"5,900.00","1,121.00",0.00,"7,021.00",
30601,ESENCIA BAKERMAN CHOCOLO X 20 LT.,,MATERIAS PRIMAS,1.00,"125,000.00",0.00,"125,000.00","23,750.00",0.00,"148,750.00",
31301,SABOR POLVO GRITZ CEREZA X KG.,,PRODUCTO TERMINADO,0.03,"8,400.00",0.00,"8,400.00","1,596.00",0.00,"9,996.00",
311017,SABOR CONCENTRADO BARBECUE BC-604R X KG.,,PRODUCTO TERMINADO,8.00,"387,200.00",0.00,"387,200.00","73,568.00",0.00,"460,768.00",
315205,COLOR ROJO CHORIZO 2 X KG.,,PRODUCTO TERMINADO,2.00,"70,000.00",0.00,"70,000.00","13,300.00",0.00,"83,300.00",
30613,ESENCIA BAKERMAN MANTEQUILLA SUPER X 20 LTS.,,PRODUCTO TERMINADO,12.00,"1,918,800.00",0.00,"1,918,800.00","364,572.00",0.00,"2,283,372.00",
311138,SABOR CONCENTRADO FRUTAL FF-698,,PRODUCTO TERMINADO,27.00,"913,062.00",0.00,"913,062.00","173,481.78",0.00,"1,086,543.78",
311139,SABOR CONCENTRADO WHISKY WF-537 X KG.,,PRODUCTO TERMINADO,7.00,"379,500.00",0.00,"379,500.00","72,105.00",0.00,"451,605.00",
31499,SABOR POLVO ESTANDAR MANI X KG.,,PRODUCTO TERMINADO,1.00,"24,500.00",0.00,"24,500.00","4,655.00",0.00,"29,155.00",
311141,SABOR CONCENTRADO QUESO QF-550DC X KG.,,PRODUCTO TERMINADO,1.03,"52,000.00",0.00,"52,000.00","9,880.00",0.00,"61,880.00",
32601,ESENCIA MISSFLAVOR COCO X 10 LTS,,PRODUCTO TERMINADO,1.00,"48,000.00",0.00,"48,000.00","9,120.00",0.00,"57,120.00",
31211,SABOR POLVO TRIX TRES LECHES X KG.,,PRODUCTO TERMINADO,15.00,"1,297,500.00",0.00,"1,297,500.00","246,525.00",0.00,"1,544,025.00",
31213,SABOR POLVO TRIX MAÍZ DULCE X KG.,,PRODUCTO TERMINADO,1.00,"32,000.00",0.00,"32,000.00","6,080.00",0.00,"38,080.00",
10427,VERDE FOSFORESCENTE LACA,,MATERIAS PRIMAS,"1,000.00","158,925.00",0.00,"158,925.00","30,195.75",0.00,"189,120.75",
31732,SABOR PARA SNACK BARBECUE DULCE X KG,,PRODUCTO TERMINADO,1.00,"6,500.00",0.00,"6,500.00","1,235.00",0.00,"7,735.00",
10428,NEGRO LACA,,MATERIAS PRIMAS,"1,000.01","334,815.85",0.00,"334,815.85","63,615.01",0.00,"398,430.86",
31908,LAVANDA AROMA LA-801 X KG.,,PRODUCTO TERMINADO,80.00,"2,872,000.00",0.00,"2,872,000.00","545,680.00",0.00,"3,417,680.00",
311140,SABOR CONCENTRADO AREQUIPE AF-208DC X KG,,PRODUCTO TERMINADO,2.00,"90,000.00",0.00,"90,000.00","17,100.00",0.00,"107,100.00",
311143,SABOR CONCNETRADO AJI PARRILLA CC-413 X KG.,,PRODUCTO TERMINADO,1.00,"119,000.00",0.00,"119,000.00","22,610.00",0.00,"141,610.00",
311145,SABOR CONCENTRADO MAIZ DULCE MF-770 X KG.,,PRODUCTO TERMINADO,1.00,"29,900.00",0.00,"29,900.00","5,681.00",0.00,"35,581.00",
101266,R266,,MATERIAS PRIMAS,"2,000.00","476,000.00",0.00,"476,000.00","90,440.00",0.00,"566,440.00",
31797,SABOR PARA SNACK MIEL X KG,,PRODUCTO TERMINADO,1.00,"16,000.00",0.00,"16,000.00","3,040.00",0.00,"19,040.00",
31934,AROMA DURAZNO AROMA PA-546 X KG,,PRODUCTO TERMINADO,1.00,"93,415.00",0.00,"93,415.00","17,748.85",0.00,"111,163.85",
311269,SABOR CONCENTRADO CEREZA GRANADINA CF-664 X KG,,PRODUCTO TERMINADO,1.00,"28,000.00",0.00,"28,000.00","5,320.00",0.00,"33,320.00",
318108,GELATINA TIPO A X 25 KG.,,PRODUCTO TERMINADO,2.00,"1,680,000.00",0.00,"1,680,000.00","319,200.00",0.00,"1,999,200.00",
315206,COLOR CAFE ECO X KG,,PRODUCTO TERMINADO,5.00,"132,000.00",0.00,"132,000.00","25,080.00",0.00,"157,080.00",
311289,SABOR CONCENTRADO VODKA BGL VF-861 x KG,,PRODUCTO TERMINADO,3.00,"106,800.00",0.00,"106,800.00","20,292.00",0.00,"127,092.00",
315161,COLOR MORADO ECO X KG.,,PRODUCTO TERMINADO,5.00,"95,000.00",0.00,"95,000.00","18,050.00",0.00,"113,050.00",
315175,COLOR FUCSIA 2 ECO X 500 G,,PRODUCTO EN PROCESO,3.00,"38,300.00",0.00,"38,300.00","7,277.00",0.00,"45,577.00",
318101,GELATINA SIN SABOR X LB.,,PRODUCTO TERMINADO,1.00,"20,500.00",0.00,"20,500.00","3,895.00",0.00,"24,395.00",
,,,,,,,,,,,
Total general,,,,,"2,686,185,194.49","13,042,897.16","2,673,142,297.33","479,811,231.99","806,945.00","3,152,146,584.32",
,,,,,,,,,,,
Procesado en: Abril 08 2026 17:28,,,,,,,,,,,